ping_id,vehicle_id,operator_id,lat,lon,speed_kmph,recorded_at,received_at
P-0000001,V-01,5,19.218489,72.978139,32.1,2026-06-15T06:45:00+05:30,2026-06-15T06:45:01+05:30
P-0000002,V-01,5,19.217808,72.977936,32.5,2026-06-15T06:45:10+05:30,2026-06-15T06:45:12+05:30
P-0000003,V-01,5,19.217864,72.977748,26.6,2026-06-15T06:45:20+05:30,2026-06-15T06:45:24+05:30
P-0000004,V-01,5,19.217539,72.977747,33.6,2026-06-15T06:45:30+05:30,2026-06-15T06:45:36+05:30
P-0000005,V-01,5,19.217,72.977536,27.7,2026-06-15T06:45:40+05:30,2026-06-15T06:45:45+05:30
P-0000006,V-01,5,19.216723,72.977188,33.1,2026-06-15T06:45:50+05:30,2026-06-15T06:45:54+05:30
P-0000007,V-01,5,19.216114,72.976747,30.4,2026-06-15T06:46:00+05:30,2026-06-15T06:46:02+05:30
P-0000008,V-01,5,19.216108,72.976518,33.2,2026-06-15T06:46:10+05:30,2026-06-15T06:46:12+05:30
P-0000009,V-01,5,19.215905,72.976724,30.3,2026-06-15T06:46:20+05:30,2026-06-15T06:46:21+05:30
P-0000010,V-01,5,19.215464,72.976132,27.8,2026-06-15T06:46:30+05:30,2026-06-15T06:46:32+05:30
P-0000011,V-01,5,19.215216,72.976012,29.0,2026-06-15T06:46:40+05:30,2026-06-15T06:46:46+05:30
P-0000012,V-01,5,19.214711,72.975796,31.5,2026-06-15T06:46:50+05:30,2026-06-15T06:46:52+05:30
P-0000013,V-01,5,19.214484,72.975774,28.0,2026-06-15T06:47:00+05:30,2026-06-15T06:47:06+05:30
P-0000014,V-01,5,19.214115,72.975555,26.5,2026-06-15T06:47:10+05:30,2026-06-15T06:47:15+05:30
P-0000015,V-01,5,19.213734,72.975256,24.3,2026-06-15T06:47:20+05:30,2026-06-15T06:47:24+05:30
P-0000016,V-01,5,19.213214,72.974991,33.7,2026-06-15T06:47:30+05:30,2026-06-15T06:47:35+05:30
P-0000017,V-01,5,19.213016,72.975028,32.8,2026-06-15T06:47:40+05:30,2026-06-15T06:47:45+05:30
P-0000018,V-01,5,19.212886,72.974719,30.0,2026-06-15T06:47:50+05:30,2026-06-15T06:47:51+05:30
P-0000019,V-01,5,19.212607,72.974653,32.7,2026-06-15T06:48:00+05:30,2026-06-15T06:48:02+05:30
P-0000020,V-01,5,19.211988,72.974505,32.8,2026-06-15T06:48:10+05:30,2026-06-15T06:48:16+05:30
P-0000021,V-01,5,19.211774,72.974025,24.5,2026-06-15T06:48:20+05:30,2026-06-15T06:48:21+05:30
P-0000022,V-01,5,19.211646,72.974145,35.0,2026-06-15T06:48:30+05:30,2026-06-15T06:48:32+05:30
P-0000023,V-01,5,19.211039,72.97356,31.9,2026-06-15T06:48:40+05:30,2026-06-15T06:48:41+05:30
P-0000024,V-01,5,19.210562,72.973503,26.7,2026-06-15T06:48:50+05:30,2026-06-15T06:48:52+05:30
P-0000025,V-01,5,19.210243,72.973555,27.7,2026-06-15T06:49:00+05:30,2026-06-15T06:49:04+05:30
P-0000026,V-01,5,19.210281,72.97318,30.7,2026-06-15T06:49:10+05:30,2026-06-15T06:49:15+05:30
P-0000027,V-01,5,19.21,72.97282,31.3,2026-06-15T06:49:20+05:30,2026-06-15T06:49:24+05:30
P-0000028,V-01,5,19.209624,72.972975,30.9,2026-06-15T06:49:30+05:30,2026-06-15T06:49:32+05:30
P-0000029,V-01,5,19.209124,72.972733,32.4,2026-06-15T06:49:40+05:30,2026-06-15T06:49:42+05:30
P-0000030,V-01,5,19.20865,72.972366,33.9,2026-06-15T06:49:50+05:30,2026-06-15T06:49:52+05:30
P-0000031,V-01,5,19.208446,72.972367,24.3,2026-06-15T06:50:00+05:30,2026-06-15T06:50:04+05:30
P-0000032,V-01,5,19.208009,72.971848,32.6,2026-06-15T06:50:10+05:30,2026-06-15T06:50:13+05:30
P-0000033,V-01,5,19.207995,72.971722,27.4,2026-06-15T06:50:20+05:30,2026-06-15T06:50:23+05:30
P-0000034,V-01,5,19.207753,72.971776,29.9,2026-06-15T06:50:30+05:30,2026-06-15T06:50:36+05:30
P-0000035,V-01,5,19.207258,72.971335,31.7,2026-06-15T06:50:40+05:30,2026-06-15T06:50:46+05:30
P-0000036,V-01,5,19.206817,72.971483,33.0,2026-06-15T06:50:50+05:30,2026-06-15T06:50:56+05:30
P-0000037,V-01,5,19.206683,72.971041,23.9,2026-06-15T06:51:00+05:30,2026-06-15T06:51:03+05:30
P-0000038,V-01,5,19.206356,72.971055,24.9,2026-06-15T06:51:10+05:30,2026-06-15T06:51:13+05:30
P-0000039,V-01,5,19.205763,72.970568,26.1,2026-06-15T06:51:20+05:30,2026-06-15T06:51:23+05:30
P-0000040,V-01,5,19.205539,72.970412,27.7,2026-06-15T06:51:30+05:30,2026-06-15T06:51:36+05:30
P-0000041,V-01,5,19.205063,72.970441,29.8,2026-06-15T06:51:40+05:30,2026-06-15T06:51:45+05:30
P-0000042,V-01,5,19.204652,72.969906,21.0,2026-06-15T06:51:50+05:30,2026-06-15T06:51:55+05:30
P-0000043,V-01,5,19.204357,72.970036,30.4,2026-06-15T06:52:00+05:30,2026-06-15T06:52:04+05:30
P-0000044,V-01,5,19.20427,72.969632,29.6,2026-06-15T06:52:10+05:30,2026-06-15T06:52:11+05:30
P-0000045,V-01,5,19.203743,72.969569,26.0,2026-06-15T06:52:20+05:30,2026-06-15T06:52:21+05:30
P-0000046,V-01,5,19.203408,72.969329,20.4,2026-06-15T06:52:30+05:30,2026-06-15T06:52:33+05:30
P-0000047,V-01,5,19.203174,72.969234,25.2,2026-06-15T06:52:40+05:30,2026-06-15T06:52:42+05:30
P-0000048,V-01,5,19.203018,72.969003,31.5,2026-06-15T06:52:50+05:30,2026-06-15T06:52:56+05:30
P-0000049,V-01,5,19.202909,72.968704,29.3,2026-06-15T06:53:00+05:30,2026-06-15T06:53:04+05:30
P-0000050,V-01,5,19.202243,72.968292,29.4,2026-06-15T06:53:10+05:30,2026-06-15T06:53:15+05:30
P-0000051,V-01,5,19.202118,72.968118,26.5,2026-06-15T06:53:20+05:30,2026-06-15T06:53:21+05:30
P-0000052,V-01,5,19.201707,72.968076,20.1,2026-06-15T06:53:30+05:30,2026-06-15T06:53:32+05:30
P-0000053,V-01,5,19.20155,72.967866,22.8,2026-06-15T06:53:40+05:30,2026-06-15T06:53:41+05:30
P-0000054,V-01,5,19.201401,72.967682,19.3,2026-06-15T06:53:50+05:30,2026-06-15T06:53:54+05:30
P-0000055,V-01,5,19.201076,72.967008,25.7,2026-06-15T06:54:00+05:30,2026-06-15T06:54:02+05:30
P-0000056,V-01,5,19.200551,72.966833,23.3,2026-06-15T06:54:10+05:30,2026-06-15T06:54:13+05:30
P-0000057,V-01,5,19.200255,72.966757,28.9,2026-06-15T06:54:20+05:30,2026-06-15T06:54:23+05:30
P-0000058,V-01,5,19.200068,72.966263,29.9,2026-06-15T06:54:30+05:30,2026-06-15T06:54:33+05:30
P-0000059,V-01,5,19.199754,72.966437,28.5,2026-06-15T06:54:40+05:30,2026-06-15T06:54:41+05:30
P-0000060,V-01,5,19.199377,72.966199,21.5,2026-06-15T06:54:50+05:30,2026-06-15T06:54:52+05:30
P-0000061,V-01,5,19.199058,72.965693,23.3,2026-06-15T06:55:00+05:30,2026-06-15T06:55:01+05:30
P-0000062,V-01,5,19.198934,72.965645,20.0,2026-06-15T06:55:10+05:30,2026-06-15T06:55:16+05:30
P-0000063,V-01,5,19.198526,72.965568,29.9,2026-06-15T06:55:20+05:30,2026-06-15T06:55:21+05:30
P-0000064,V-01,5,19.19812,72.965289,19.8,2026-06-15T06:55:30+05:30,2026-06-15T06:55:33+05:30
P-0000065,V-01,5,19.197865,72.964672,28.4,2026-06-15T06:55:40+05:30,2026-06-15T06:55:43+05:30
P-0000066,V-01,5,19.197563,72.964458,24.4,2026-06-15T06:55:50+05:30,2026-06-15T06:55:52+05:30
P-0000067,V-01,5,19.197106,72.96462,28.3,2026-06-15T06:56:00+05:30,2026-06-15T06:56:06+05:30
P-0000068,V-01,5,19.197028,72.964027,27.4,2026-06-15T06:56:10+05:30,2026-06-15T06:56:13+05:30
P-0000069,V-01,5,19.196638,72.9639,27.6,2026-06-15T06:56:20+05:30,2026-06-15T06:56:24+05:30
P-0000070,V-01,5,19.196508,72.963889,23.9,2026-06-15T06:56:30+05:30,2026-06-15T06:56:33+05:30
P-0000071,V-01,5,19.196173,72.963664,23.6,2026-06-15T06:56:40+05:30,2026-06-15T06:56:41+05:30
P-0000072,V-01,5,19.195695,72.963391,24.1,2026-06-15T06:56:50+05:30,2026-06-15T06:56:54+05:30
P-0000073,V-01,5,19.195256,72.963043,19.8,2026-06-15T06:57:00+05:30,2026-06-15T06:57:01+05:30
P-0000074,V-01,5,19.19505,72.962636,17.7,2026-06-15T06:57:10+05:30,2026-06-15T06:57:12+05:30
P-0000075,V-01,5,19.194862,72.962348,28.2,2026-06-15T06:57:20+05:30,2026-06-15T06:57:21+05:30
P-0000076,V-01,5,19.194628,72.962097,17.8,2026-06-15T06:57:30+05:30,2026-06-15T06:57:31+05:30
P-0000077,V-01,5,19.19421,72.962334,18.0,2026-06-15T06:57:40+05:30,2026-06-15T06:57:42+05:30
P-0000078,V-01,5,19.194168,72.961657,16.5,2026-06-15T06:57:50+05:30,2026-06-15T06:57:55+05:30
P-0000079,V-01,5,19.193375,72.961522,17.9,2026-06-15T06:58:00+05:30,2026-06-15T06:58:03+05:30
P-0000080,V-01,5,19.193081,72.961351,17.3,2026-06-15T06:58:10+05:30,2026-06-15T06:58:16+05:30
P-0000081,V-01,5,19.193074,72.961107,26.4,2026-06-15T06:58:20+05:30,2026-06-15T06:58:26+05:30
P-0000082,V-01,5,19.192953,72.961103,16.3,2026-06-15T06:58:30+05:30,2026-06-15T06:58:36+05:30
P-0000083,V-01,5,19.192291,72.960494,20.6,2026-06-15T06:58:40+05:30,2026-06-15T06:58:43+05:30
P-0000084,V-01,5,19.191947,72.960636,23.2,2026-06-15T06:58:50+05:30,2026-06-15T06:58:56+05:30
P-0000085,V-01,5,19.191842,72.96024,27.3,2026-06-15T06:59:00+05:30,2026-06-15T06:59:05+05:30
P-0000086,V-01,5,19.19161,72.960138,27.3,2026-06-15T06:59:10+05:30,2026-06-15T06:59:12+05:30
P-0000087,V-01,5,19.19099,72.959704,20.4,2026-06-15T06:59:20+05:30,2026-06-15T06:59:22+05:30
P-0000088,V-01,5,19.190926,72.959653,18.8,2026-06-15T06:59:30+05:30,2026-06-15T06:59:34+05:30
P-0000089,V-01,5,19.190532,72.959354,23.4,2026-06-15T06:59:40+05:30,2026-06-15T06:59:42+05:30
P-0000090,V-01,5,19.190089,72.959087,18.2,2026-06-15T06:59:50+05:30,2026-06-15T06:59:52+05:30
P-0000091,V-01,5,19.18976,72.958843,18.3,2026-06-15T07:00:00+05:30,2026-06-15T07:00:03+05:30
P-0000092,V-01,5,19.189797,72.958405,21.0,2026-06-15T07:00:10+05:30,2026-06-15T07:00:13+05:30
P-0000093,V-01,5,19.189625,72.9586,19.2,2026-06-15T07:00:20+05:30,2026-06-15T07:00:26+05:30
P-0000094,V-01,5,19.189294,72.95819,19.7,2026-06-15T07:00:30+05:30,2026-06-15T07:00:33+05:30
P-0000095,V-01,5,19.188838,72.957887,17.1,2026-06-15T07:00:40+05:30,2026-06-15T07:00:46+05:30
P-0000096,V-01,5,19.18857,72.957525,16.6,2026-06-15T07:00:50+05:30,2026-06-15T07:00:51+05:30
P-0000097,V-01,5,19.188405,72.957281,25.0,2026-06-15T07:01:00+05:30,2026-06-15T07:01:06+05:30
P-0000098,V-01,5,19.187857,72.957183,19.5,2026-06-15T07:01:10+05:30,2026-06-15T07:01:15+05:30
P-0000099,V-01,5,19.187782,72.95692,20.7,2026-06-15T07:01:20+05:30,2026-06-15T07:01:21+05:30
P-0000100,V-01,5,19.187152,72.956809,20.1,2026-06-15T07:01:30+05:30,2026-06-15T07:01:33+05:30
P-0000101,V-01,5,19.186987,72.956698,16.9,2026-06-15T07:01:40+05:30,2026-06-15T07:01:44+05:30
P-0000102,V-01,5,19.186568,72.956104,24.0,2026-06-15T07:01:50+05:30,2026-06-15T07:01:52+05:30
P-0000103,V-01,5,19.186198,72.956019,21.3,2026-06-15T07:02:00+05:30,2026-06-15T07:02:03+05:30
P-0000104,V-01,5,19.186048,72.955952,23.9,2026-06-15T07:02:10+05:30,2026-06-15T07:02:16+05:30
P-0000105,V-01,5,19.185907,72.9554,19.2,2026-06-15T07:02:20+05:30,2026-06-15T07:02:26+05:30
P-0000106,V-01,5,19.185266,72.955545,16.7,2026-06-15T07:02:30+05:30,2026-06-15T07:02:31+05:30
P-0000107,V-01,5,19.185018,72.955279,23.2,2026-06-15T07:02:40+05:30,2026-06-15T07:02:45+05:30
P-0000108,V-01,5,19.184828,72.955046,15.9,2026-06-15T07:02:50+05:30,2026-06-15T07:02:53+05:30
P-0000109,V-01,5,19.184767,72.954577,19.4,2026-06-15T07:03:00+05:30,2026-06-15T07:03:06+05:30
P-0000110,V-01,5,19.18416,72.954393,19.1,2026-06-15T07:03:10+05:30,2026-06-15T07:03:15+05:30
P-0000111,V-01,5,19.183883,72.954321,18.5,2026-06-15T07:03:20+05:30,2026-06-15T07:03:26+05:30
P-0000112,V-01,5,19.1837,72.953841,22.2,2026-06-15T07:03:30+05:30,2026-06-15T07:03:36+05:30
P-0000113,V-01,5,19.183198,72.953594,17.4,2026-06-15T07:03:40+05:30,2026-06-15T07:03:43+05:30
P-0000114,V-01,5,19.183073,72.953393,15.0,2026-06-15T07:03:50+05:30,2026-06-15T07:03:52+05:30
P-0000115,V-01,5,19.182614,72.953296,14.0,2026-06-15T07:04:00+05:30,2026-06-15T07:04:03+05:30
P-0000116,V-01,5,19.182229,72.953128,22.6,2026-06-15T07:04:10+05:30,2026-06-15T07:04:15+05:30
P-0000117,V-01,5,19.182177,72.953028,13.4,2026-06-15T07:04:20+05:30,2026-06-15T07:04:26+05:30
P-0000118,V-01,5,19.181622,72.952771,18.2,2026-06-15T07:04:30+05:30,2026-06-15T07:04:31+05:30
P-0000119,V-01,5,19.181375,72.95228,17.8,2026-06-15T07:04:40+05:30,2026-06-15T07:04:42+05:30
P-0000120,V-01,5,19.181268,72.952503,17.1,2026-06-15T07:04:50+05:30,2026-06-15T07:04:51+05:30
P-0000121,V-01,5,19.181046,72.951937,21.5,2026-06-15T07:05:00+05:30,2026-06-15T07:05:03+05:30
P-0000122,V-01,5,19.180287,72.952013,13.9,2026-06-15T07:05:10+05:30,2026-06-15T07:05:12+05:30
P-0000123,V-01,5,19.180399,72.951851,14.9,2026-06-15T07:05:20+05:30,2026-06-15T07:05:21+05:30
P-0000124,V-01,5,19.179841,72.951193,21.8,2026-06-15T07:05:30+05:30,2026-06-15T07:05:32+05:30
P-0000125,V-01,5,19.179436,72.951116,21.6,2026-06-15T07:05:40+05:30,2026-06-15T07:05:42+05:30
P-0000126,V-01,5,19.179397,72.951151,17.5,2026-06-15T07:05:50+05:30,2026-06-15T07:05:55+05:30
P-0000127,V-01,5,19.178704,72.950903,16.7,2026-06-15T07:06:00+05:30,2026-06-15T07:06:05+05:30
P-0000128,V-01,5,19.178414,72.950467,21.6,2026-06-15T07:06:10+05:30,2026-06-15T07:06:12+05:30
P-0000129,V-01,5,19.17824,72.95021,14.0,2026-06-15T07:06:20+05:30,2026-06-15T07:06:23+05:30
P-0000130,V-01,5,19.177836,72.950053,14.5,2026-06-15T07:06:30+05:30,2026-06-15T07:06:32+05:30
P-0000131,V-01,5,19.177661,72.949984,23.2,2026-06-15T07:06:40+05:30,2026-06-15T07:06:44+05:30
P-0000132,V-01,5,19.177519,72.949657,18.5,2026-06-15T07:06:50+05:30,2026-06-15T07:06:53+05:30
P-0000133,V-01,5,19.176879,72.949342,14.2,2026-06-15T07:07:00+05:30,2026-06-15T07:07:02+05:30
P-0000134,V-01,5,19.176834,72.949184,24.3,2026-06-15T07:07:10+05:30,2026-06-15T07:07:11+05:30
P-0000135,V-01,5,19.176342,72.949073,21.1,2026-06-15T07:07:20+05:30,2026-06-15T07:07:22+05:30
P-0000136,V-01,5,19.176128,72.948907,20.7,2026-06-15T07:07:30+05:30,2026-06-15T07:07:34+05:30
P-0000137,V-01,5,19.175685,72.948639,12.5,2026-06-15T07:07:40+05:30,2026-06-15T07:07:43+05:30
P-0000138,V-01,5,19.175653,72.948541,19.5,2026-06-15T07:07:50+05:30,2026-06-15T07:07:53+05:30
P-0000139,V-01,5,19.174951,72.948504,16.9,2026-06-15T07:08:00+05:30,2026-06-15T07:08:05+05:30
P-0000140,V-01,5,19.174884,72.948004,19.8,2026-06-15T07:08:10+05:30,2026-06-15T07:08:13+05:30
P-0000141,V-01,5,19.174318,72.947945,22.7,2026-06-15T07:08:20+05:30,2026-06-15T07:08:26+05:30
P-0000142,V-01,5,19.173974,72.947854,21.5,2026-06-15T07:08:30+05:30,2026-06-15T07:08:36+05:30
P-0000143,V-01,5,19.173741,72.94755,17.8,2026-06-15T07:08:40+05:30,2026-06-15T07:08:44+05:30
P-0000144,V-01,5,19.173622,72.947058,17.1,2026-06-15T07:08:50+05:30,2026-06-15T07:08:55+05:30
P-0000145,V-01,5,19.17321,72.946942,22.7,2026-06-15T07:09:00+05:30,2026-06-15T07:09:01+05:30
P-0000146,V-01,5,19.173116,72.946705,21.2,2026-06-15T07:09:10+05:30,2026-06-15T07:09:13+05:30
P-0000147,V-01,5,19.172358,72.946472,20.1,2026-06-15T07:09:20+05:30,2026-06-15T07:09:25+05:30
P-0000148,V-01,5,19.172274,72.94657,18.1,2026-06-15T07:09:30+05:30,2026-06-15T07:09:35+05:30
P-0000149,V-01,5,19.171675,72.946031,20.2,2026-06-15T07:09:40+05:30,2026-06-15T07:09:44+05:30
P-0000150,V-01,5,19.171664,72.946146,22.5,2026-06-15T07:09:50+05:30,2026-06-15T07:09:56+05:30
P-0000151,V-01,5,19.171086,72.945534,22.5,2026-06-15T07:10:00+05:30,2026-06-15T07:10:03+05:30
P-0000152,V-01,5,19.171156,72.945672,22.7,2026-06-15T07:10:10+05:30,2026-06-15T07:10:15+05:30
P-0000153,V-01,5,19.170397,72.945466,17.4,2026-06-15T07:10:20+05:30,2026-06-15T07:10:25+05:30
P-0000154,V-01,5,19.170458,72.945289,12.9,2026-06-15T07:10:30+05:30,2026-06-15T07:10:35+05:30
P-0000155,V-01,5,19.170153,72.944965,16.5,2026-06-15T07:10:40+05:30,2026-06-15T07:10:41+05:30
P-0000156,V-01,5,19.169479,72.94453,19.3,2026-06-15T07:10:50+05:30,2026-06-15T07:10:55+05:30
P-0000157,V-01,5,19.169461,72.944655,12.7,2026-06-15T07:11:00+05:30,2026-06-15T07:11:06+05:30
P-0000158,V-01,5,19.169162,72.94428,22.4,2026-06-15T07:11:10+05:30,2026-06-15T07:11:15+05:30
P-0000159,V-01,5,19.168761,72.944114,13.5,2026-06-15T07:11:20+05:30,2026-06-15T07:11:25+05:30
P-0000160,V-01,5,19.168216,72.944031,21.6,2026-06-15T07:11:30+05:30,2026-06-15T07:11:33+05:30
P-0000161,V-01,5,19.168232,72.943699,23.8,2026-06-15T07:11:40+05:30,2026-06-15T07:11:46+05:30
P-0000162,V-01,5,19.168065,72.943171,18.4,2026-06-15T07:11:50+05:30,2026-06-15T07:11:54+05:30
P-0000163,V-01,5,19.167602,72.942729,18.7,2026-06-15T07:12:00+05:30,2026-06-15T07:12:04+05:30
P-0000164,V-01,5,19.16719,72.942756,16.2,2026-06-15T07:12:10+05:30,2026-06-15T07:12:11+05:30
P-0000165,V-01,5,19.166985,72.942327,12.8,2026-06-15T07:12:20+05:30,2026-06-15T07:12:23+05:30
P-0000166,V-01,5,19.167135,72.94205,18.9,2026-06-15T07:12:30+05:30,2026-06-15T07:12:31+05:30
P-0000167,V-01,5,19.166463,72.941835,16.1,2026-06-15T07:12:40+05:30,2026-06-15T07:12:44+05:30
P-0000168,V-01,5,19.166181,72.941715,19.9,2026-06-15T07:12:50+05:30,2026-06-15T07:12:52+05:30
P-0000169,V-01,5,19.16594,72.941278,19.5,2026-06-15T07:13:00+05:30,2026-06-15T07:13:03+05:30
P-0000170,V-01,5,19.165748,72.940863,21.6,2026-06-15T07:13:10+05:30,2026-06-15T07:13:16+05:30
P-0000171,V-01,5,19.165808,72.94075,22.1,2026-06-15T07:13:20+05:30,2026-06-15T07:13:22+05:30
P-0000172,V-01,5,19.165526,72.940405,12.9,2026-06-15T07:13:30+05:30,2026-06-15T07:13:36+05:30
P-0000173,V-01,5,19.165073,72.940002,21.3,2026-06-15T07:13:40+05:30,2026-06-15T07:13:46+05:30
P-0000174,V-01,5,19.164923,72.940071,22.6,2026-06-15T07:13:50+05:30,2026-06-15T07:13:52+05:30
P-0000175,V-01,5,19.164591,72.939396,18.5,2026-06-15T07:14:00+05:30,2026-06-15T07:14:04+05:30
P-0000176,V-01,5,19.164612,72.939356,21.8,2026-06-15T07:14:10+05:30,2026-06-15T07:14:12+05:30
P-0000177,V-01,5,19.163961,72.938786,18.9,2026-06-15T07:14:20+05:30,2026-06-15T07:14:26+05:30
P-0000178,V-01,5,19.163636,72.938827,22.6,2026-06-15T07:14:30+05:30,2026-06-15T07:14:36+05:30
P-0000179,V-01,5,19.163406,72.938208,23.3,2026-06-15T07:14:40+05:30,2026-06-15T07:14:44+05:30
P-0000180,V-01,5,19.163335,72.938016,12.7,2026-06-15T07:14:50+05:30,2026-06-15T07:14:51+05:30
P-0000181,V-01,5,19.162925,72.938028,12.3,2026-06-15T07:15:00+05:30,2026-06-15T07:15:02+05:30
P-0000182,V-01,5,19.163051,72.937658,12.3,2026-06-15T07:15:10+05:30,2026-06-15T07:15:14+05:30
P-0000183,V-01,5,19.162335,72.937104,23.6,2026-06-15T07:15:20+05:30,2026-06-15T07:15:23+05:30
P-0000184,V-01,5,19.162137,72.936847,23.0,2026-06-15T07:15:30+05:30,2026-06-15T07:15:32+05:30
P-0000185,V-01,5,19.16187,72.936505,12.6,2026-06-15T07:15:40+05:30,2026-06-15T07:15:46+05:30
P-0000186,V-01,5,19.161625,72.936386,17.9,2026-06-15T07:15:50+05:30,2026-06-15T07:15:55+05:30
P-0000187,V-01,5,19.161356,72.936424,23.0,2026-06-15T07:16:00+05:30,2026-06-15T07:16:05+05:30
P-0000188,V-01,5,19.161373,72.935683,24.3,2026-06-15T07:16:10+05:30,2026-06-15T07:16:11+05:30
P-0000189,V-01,5,19.160913,72.935472,21.3,2026-06-15T07:16:20+05:30,2026-06-15T07:16:24+05:30
P-0000190,V-01,5,19.160967,72.935249,20.9,2026-06-15T07:16:30+05:30,2026-06-15T07:16:35+05:30
P-0000191,V-01,5,19.160656,72.934969,13.5,2026-06-15T07:16:40+05:30,2026-06-15T07:16:46+05:30
P-0000192,V-01,5,19.16037,72.934765,16.0,2026-06-15T07:16:50+05:30,2026-06-15T07:16:52+05:30
P-0000193,V-01,5,19.159853,72.934305,12.8,2026-06-15T07:17:00+05:30,2026-06-15T07:17:01+05:30
P-0000194,V-01,5,19.160001,72.934405,13.8,2026-06-15T07:17:10+05:30,2026-06-15T07:17:13+05:30
P-0000195,V-01,5,19.159564,72.934051,15.9,2026-06-15T07:17:20+05:30,2026-06-15T07:17:21+05:30
P-0000196,V-01,5,19.159213,72.93361,12.8,2026-06-15T07:17:30+05:30,2026-06-15T07:17:33+05:30
P-0000197,V-01,5,19.159046,72.933207,17.9,2026-06-15T07:17:40+05:30,2026-06-15T07:17:41+05:30
P-0000198,V-01,5,19.158801,72.933104,16.2,2026-06-15T07:17:50+05:30,2026-06-15T07:17:52+05:30
P-0000199,V-01,5,19.158259,72.932826,18.2,2026-06-15T07:18:00+05:30,2026-06-15T07:18:06+05:30
P-0000200,V-01,5,19.158386,72.932486,21.2,2026-06-15T07:18:10+05:30,2026-06-15T07:18:13+05:30
P-0000201,V-01,5,19.158219,72.932355,13.3,2026-06-15T07:18:20+05:30,2026-06-15T07:18:23+05:30
P-0000202,V-01,5,19.1576,72.931966,18.5,2026-06-15T07:18:30+05:30,2026-06-15T07:18:32+05:30
P-0000203,V-01,5,19.15761,72.931665,14.9,2026-06-15T07:18:40+05:30,2026-06-15T07:18:46+05:30
P-0000204,V-01,5,19.157021,72.931398,24.0,2026-06-15T07:18:50+05:30,2026-06-15T07:18:56+05:30
P-0000205,V-01,5,19.157024,72.931299,13.6,2026-06-15T07:19:00+05:30,2026-06-15T07:19:05+05:30
P-0000206,V-01,5,19.15665,72.931045,22.8,2026-06-15T07:19:10+05:30,2026-06-15T07:19:14+05:30
P-0000207,V-01,5,19.156616,72.93068,18.3,2026-06-15T07:19:20+05:30,2026-06-15T07:19:24+05:30
P-0000208,V-01,5,19.156329,72.930344,25.0,2026-06-15T07:19:30+05:30,2026-06-15T07:19:34+05:30
P-0000209,V-01,5,19.156049,72.930077,15.4,2026-06-15T07:19:40+05:30,2026-06-15T07:19:45+05:30
P-0000210,V-01,5,19.155771,72.929658,15.5,2026-06-15T07:19:50+05:30,2026-06-15T07:19:56+05:30
P-0000211,V-01,5,19.15536,72.929614,18.0,2026-06-15T07:20:00+05:30,2026-06-15T07:20:04+05:30
P-0000212,V-01,5,19.154958,72.92901,25.1,2026-06-15T07:20:10+05:30,2026-06-15T07:20:13+05:30
P-0000213,V-01,5,19.154858,72.928928,23.7,2026-06-15T07:20:20+05:30,2026-06-15T07:20:23+05:30
P-0000214,V-01,5,19.154431,72.928375,23.4,2026-06-15T07:20:30+05:30,2026-06-15T07:20:31+05:30
P-0000215,V-01,5,19.154205,72.928059,15.6,2026-06-15T07:20:40+05:30,2026-06-15T07:20:44+05:30
P-0000216,V-01,5,19.154239,72.928193,18.6,2026-06-15T07:20:50+05:30,2026-06-15T07:20:56+05:30
P-0000217,V-01,5,19.153774,72.927697,15.6,2026-06-15T07:21:00+05:30,2026-06-15T07:21:02+05:30
P-0000218,V-01,5,19.153674,72.927322,24.7,2026-06-15T07:21:10+05:30,2026-06-15T07:21:12+05:30
P-0000219,V-01,5,19.153546,72.927077,22.5,2026-06-15T07:21:20+05:30,2026-06-15T07:21:21+05:30
P-0000220,V-01,5,19.153084,72.926755,21.7,2026-06-15T07:21:30+05:30,2026-06-15T07:21:34+05:30
P-0000221,V-01,5,19.152708,72.926711,18.2,2026-06-15T07:21:40+05:30,2026-06-15T07:21:44+05:30
P-0000222,V-01,5,19.152408,72.926546,25.0,2026-06-15T07:21:50+05:30,2026-06-15T07:21:54+05:30
P-0000223,V-01,5,19.152163,72.926142,19.2,2026-06-15T07:22:00+05:30,2026-06-15T07:22:04+05:30
P-0000224,V-01,5,19.151701,72.926249,19.1,2026-06-15T07:22:10+05:30,2026-06-15T07:22:15+05:30
P-0000225,V-01,5,19.151267,72.925888,25.7,2026-06-15T07:22:20+05:30,2026-06-15T07:22:22+05:30
P-0000226,V-01,5,19.151107,72.925799,24.3,2026-06-15T07:22:30+05:30,2026-06-15T07:22:35+05:30
P-0000227,V-01,5,19.15098,72.925657,21.6,2026-06-15T07:22:40+05:30,2026-06-15T07:22:41+05:30
P-0000228,V-01,5,19.150524,72.925156,24.2,2026-06-15T07:22:50+05:30,2026-06-15T07:22:51+05:30
P-0000229,V-01,5,19.15008,72.925195,18.4,2026-06-15T07:23:00+05:30,2026-06-15T07:23:05+05:30
P-0000230,V-01,5,19.149798,72.92496,16.6,2026-06-15T07:23:10+05:30,2026-06-15T07:23:13+05:30
P-0000231,V-01,5,19.149304,72.924877,19.8,2026-06-15T07:23:20+05:30,2026-06-15T07:23:25+05:30
P-0000232,V-01,5,19.148971,72.924581,20.6,2026-06-15T07:23:30+05:30,2026-06-15T07:23:32+05:30
P-0000233,V-01,5,19.149072,72.924617,26.0,2026-06-15T07:23:40+05:30,2026-06-15T07:23:42+05:30
P-0000234,V-01,5,19.148271,72.924249,15.2,2026-06-15T07:23:50+05:30,2026-06-15T07:23:53+05:30
P-0000235,V-01,5,19.14841,72.924245,20.2,2026-06-15T07:24:00+05:30,2026-06-15T07:24:05+05:30
P-0000236,V-01,5,19.14808,72.923982,21.5,2026-06-15T07:24:10+05:30,2026-06-15T07:24:15+05:30
P-0000237,V-01,5,19.147741,72.923621,20.4,2026-06-15T07:24:20+05:30,2026-06-15T07:24:24+05:30
P-0000238,V-01,5,19.147146,72.923673,21.7,2026-06-15T07:24:30+05:30,2026-06-15T07:24:33+05:30
P-0000239,V-01,5,19.14704,72.923032,27.5,2026-06-15T07:24:40+05:30,2026-06-15T07:24:46+05:30
P-0000240,V-01,5,19.146319,72.923027,20.2,2026-06-15T07:24:50+05:30,2026-06-15T07:24:55+05:30
P-0000241,V-01,5,19.146104,72.922795,23.6,2026-06-15T07:25:00+05:30,2026-06-15T07:25:02+05:30
P-0000242,V-01,5,19.145664,72.922721,25.0,2026-06-15T07:25:10+05:30,2026-06-15T07:25:15+05:30
P-0000243,V-01,5,19.145475,72.922647,27.0,2026-06-15T07:25:20+05:30,2026-06-15T07:25:26+05:30
P-0000244,V-01,5,19.145125,72.922496,21.0,2026-06-15T07:25:30+05:30,2026-06-15T07:25:33+05:30
P-0000245,V-01,5,19.144881,72.922339,22.8,2026-06-15T07:25:40+05:30,2026-06-15T07:25:44+05:30
P-0000246,V-01,5,19.144536,72.921938,19.3,2026-06-15T07:25:50+05:30,2026-06-15T07:25:56+05:30
P-0000247,V-01,5,19.144091,72.921986,23.3,2026-06-15T07:26:00+05:30,2026-06-15T07:26:02+05:30
P-0000248,V-01,5,19.144037,72.921773,18.0,2026-06-15T07:26:10+05:30,2026-06-15T07:26:14+05:30
P-0000249,V-01,5,19.143637,72.921557,20.5,2026-06-15T07:26:20+05:30,2026-06-15T07:26:26+05:30
P-0000250,V-01,5,19.143302,72.920984,21.1,2026-06-15T07:26:30+05:30,2026-06-15T07:26:34+05:30
P-0000251,V-01,5,19.142753,72.920827,23.7,2026-06-15T07:26:40+05:30,2026-06-15T07:26:41+05:30
P-0000252,V-01,5,19.142522,72.920991,28.1,2026-06-15T07:26:50+05:30,2026-06-15T07:26:55+05:30
P-0000253,V-01,5,19.142272,72.92048,26.4,2026-06-15T07:27:00+05:30,2026-06-15T07:27:02+05:30
P-0000254,V-01,5,19.142071,72.920232,27.4,2026-06-15T07:27:10+05:30,2026-06-15T07:27:11+05:30
P-0000255,V-01,5,19.141448,72.920451,28.8,2026-06-15T07:27:20+05:30,2026-06-15T07:27:23+05:30
P-0000256,V-01,5,19.141343,72.920103,18.1,2026-06-15T07:27:30+05:30,2026-06-15T07:27:31+05:30
P-0000257,V-01,5,19.141057,72.919819,26.5,2026-06-15T07:27:40+05:30,2026-06-15T07:27:42+05:30
P-0000258,V-01,5,19.14057,72.919625,25.1,2026-06-15T07:27:50+05:30,2026-06-15T07:27:56+05:30
P-0000259,V-01,5,19.140373,72.919597,28.3,2026-06-15T07:28:00+05:30,2026-06-15T07:28:02+05:30
P-0000260,V-01,5,19.140022,72.919591,24.8,2026-06-15T07:28:10+05:30,2026-06-15T07:28:16+05:30
P-0000261,V-01,5,19.13941,72.919262,26.9,2026-06-15T07:28:20+05:30,2026-06-15T07:28:23+05:30
P-0000262,V-01,5,19.139156,72.918782,23.7,2026-06-15T07:28:30+05:30,2026-06-15T07:28:36+05:30
P-0000263,V-01,5,19.138904,72.918828,18.4,2026-06-15T07:28:40+05:30,2026-06-15T07:28:41+05:30
P-0000264,V-01,5,19.138534,72.918857,29.6,2026-06-15T07:28:50+05:30,2026-06-15T07:28:55+05:30
P-0000265,V-01,5,19.138024,72.918288,20.7,2026-06-15T07:29:00+05:30,2026-06-15T07:29:06+05:30
P-0000266,V-01,5,19.137763,72.918363,24.0,2026-06-15T07:29:10+05:30,2026-06-15T07:29:16+05:30
P-0000267,V-01,5,19.137742,72.917798,28.9,2026-06-15T07:29:20+05:30,2026-06-15T07:29:26+05:30
P-0000268,V-01,5,19.137117,72.91756,21.9,2026-06-15T07:29:30+05:30,2026-06-15T07:29:31+05:30
P-0000269,V-01,5,19.137035,72.917617,19.3,2026-06-15T07:29:40+05:30,2026-06-15T07:29:44+05:30
P-0000270,V-01,5,19.136761,72.91732,19.1,2026-06-15T07:29:50+05:30,2026-06-15T07:29:54+05:30
P-0000271,V-01,5,19.136551,72.917262,27.4,2026-06-15T07:30:00+05:30,2026-06-15T07:30:01+05:30
P-0000272,V-01,5,19.136229,72.9167,30.2,2026-06-15T07:30:10+05:30,2026-06-15T07:30:14+05:30
P-0000273,V-01,5,19.13563,72.916505,30.1,2026-06-15T07:30:20+05:30,2026-06-15T07:30:22+05:30
P-0000274,V-01,5,19.135388,72.916461,28.9,2026-06-15T07:30:30+05:30,2026-06-15T07:30:31+05:30
P-0000275,V-01,5,19.135185,72.916322,27.7,2026-06-15T07:30:40+05:30,2026-06-15T07:30:43+05:30
P-0000276,V-01,5,19.134834,72.915785,20.6,2026-06-15T07:30:50+05:30,2026-06-15T07:30:52+05:30
P-0000277,V-01,5,19.134495,72.915496,27.2,2026-06-15T07:31:00+05:30,2026-06-15T07:31:06+05:30
P-0000278,V-01,5,19.13413,72.915465,25.4,2026-06-15T07:31:10+05:30,2026-06-15T07:31:14+05:30
P-0000279,V-01,5,19.133993,72.915287,22.3,2026-06-15T07:31:20+05:30,2026-06-15T07:31:23+05:30
P-0000280,V-01,5,19.13358,72.915009,26.4,2026-06-15T07:31:30+05:30,2026-06-15T07:31:32+05:30
P-0000281,V-01,5,19.133476,72.914803,28.6,2026-06-15T07:31:40+05:30,2026-06-15T07:31:46+05:30
P-0000282,V-01,5,19.132735,72.914384,22.8,2026-06-15T07:31:50+05:30,2026-06-15T07:31:56+05:30
P-0000283,V-01,5,19.132599,72.914448,21.1,2026-06-15T07:32:00+05:30,2026-06-15T07:32:05+05:30
P-0000284,V-01,5,19.132553,72.914218,22.6,2026-06-15T07:32:10+05:30,2026-06-15T07:32:11+05:30
P-0000285,V-01,5,19.131894,72.913868,24.8,2026-06-15T07:32:20+05:30,2026-06-15T07:32:26+05:30
P-0000286,V-01,5,19.131696,72.913702,31.4,2026-06-15T07:32:30+05:30,2026-06-15T07:32:33+05:30
P-0000287,V-01,5,19.131241,72.913415,25.1,2026-06-15T07:32:40+05:30,2026-06-15T07:32:41+05:30
P-0000288,V-01,5,19.130929,72.913384,29.1,2026-06-15T07:32:50+05:30,2026-06-15T07:32:51+05:30
P-0000289,V-01,5,19.130768,72.913306,31.3,2026-06-15T07:33:00+05:30,2026-06-15T07:33:03+05:30
P-0000290,V-01,5,19.130669,72.912957,28.3,2026-06-15T07:33:10+05:30,2026-06-15T07:33:15+05:30
P-0000291,V-01,5,19.13022,72.912832,28.3,2026-06-15T07:33:20+05:30,2026-06-15T07:33:22+05:30
P-0000292,V-01,5,19.129841,72.912407,31.1,2026-06-15T07:33:30+05:30,2026-06-15T07:33:33+05:30
P-0000293,V-01,5,19.12976,72.911921,33.0,2026-06-15T07:33:40+05:30,2026-06-15T07:33:45+05:30
P-0000294,V-01,5,19.12942,72.912063,24.6,2026-06-15T07:33:50+05:30,2026-06-15T07:33:56+05:30
P-0000295,V-01,5,19.129198,72.911907,34.0,2026-06-15T07:34:00+05:30,2026-06-15T07:34:02+05:30
P-0000296,V-01,5,19.128601,72.911278,32.5,2026-06-15T07:34:10+05:30,2026-06-15T07:34:11+05:30
P-0000297,V-01,5,19.128188,72.911108,27.8,2026-06-15T07:34:20+05:30,2026-06-15T07:34:23+05:30
P-0000298,V-01,5,19.128207,72.911114,33.9,2026-06-15T07:34:30+05:30,2026-06-15T07:34:35+05:30
P-0000299,V-01,5,19.127896,72.910612,30.5,2026-06-15T07:34:40+05:30,2026-06-15T07:34:42+05:30
P-0000300,V-01,5,19.127377,72.910614,22.8,2026-06-15T07:34:50+05:30,2026-06-15T07:34:56+05:30
P-0000301,V-01,5,19.12699,72.910213,32.0,2026-06-15T07:35:00+05:30,2026-06-15T07:35:03+05:30
P-0000302,V-01,5,19.126677,72.909997,23.8,2026-06-15T07:35:10+05:30,2026-06-15T07:35:16+05:30
P-0000303,V-01,5,19.126556,72.909991,33.6,2026-06-15T07:35:20+05:30,2026-06-15T07:35:21+05:30
P-0000304,V-01,5,19.1263,72.909833,34.8,2026-06-15T07:35:30+05:30,2026-06-15T07:35:33+05:30
P-0000305,V-01,5,19.125645,72.909449,27.2,2026-06-15T07:35:40+05:30,2026-06-15T07:35:46+05:30
P-0000306,V-01,5,19.125654,72.909428,35.3,2026-06-15T07:35:50+05:30,2026-06-15T07:35:54+05:30
P-0000307,V-01,5,19.125454,72.908796,30.8,2026-06-15T07:36:00+05:30,2026-06-15T07:36:02+05:30
P-0000308,V-01,5,19.124897,72.908842,27.8,2026-06-15T07:36:10+05:30,2026-06-15T07:36:12+05:30
P-0000309,V-01,5,19.124678,72.908813,32.7,2026-06-15T07:36:20+05:30,2026-06-15T07:36:23+05:30
P-0000310,V-01,5,19.124128,72.908109,29.3,2026-06-15T07:36:30+05:30,2026-06-15T07:36:33+05:30
P-0000311,V-01,5,19.124135,72.908098,29.5,2026-06-15T07:36:40+05:30,2026-06-15T07:36:41+05:30
P-0000312,V-01,5,19.12394,72.907837,28.9,2026-06-15T07:36:50+05:30,2026-06-15T07:36:52+05:30
P-0000313,V-01,5,19.123384,72.907926,27.8,2026-06-15T07:37:00+05:30,2026-06-15T07:37:02+05:30
P-0000314,V-01,5,19.122985,72.907665,34.0,2026-06-15T07:37:10+05:30,2026-06-15T07:37:13+05:30
P-0000315,V-01,5,19.122692,72.907054,35.7,2026-06-15T07:37:20+05:30,2026-06-15T07:37:24+05:30
P-0000316,V-01,5,19.122615,72.907165,34.3,2026-06-15T07:37:30+05:30,2026-06-15T07:37:35+05:30
P-0000317,V-01,5,19.122314,72.906955,28.1,2026-06-15T07:37:40+05:30,2026-06-15T07:37:45+05:30
P-0000318,V-01,5,19.121694,72.906391,36.2,2026-06-15T07:37:50+05:30,2026-06-15T07:37:56+05:30
P-0000319,V-01,5,19.121516,72.906498,30.4,2026-06-15T07:38:00+05:30,2026-06-15T07:38:01+05:30
P-0000320,V-01,5,19.121455,72.905886,31.3,2026-06-15T07:38:10+05:30,2026-06-15T07:38:13+05:30
P-0000321,V-01,5,19.120835,72.905828,30.6,2026-06-15T07:38:20+05:30,2026-06-15T07:38:21+05:30
P-0000322,V-01,5,19.120812,72.905522,25.7,2026-06-15T07:38:30+05:30,2026-06-15T07:38:32+05:30
P-0000323,V-01,5,19.120316,72.905295,32.6,2026-06-15T07:38:40+05:30,2026-06-15T07:38:46+05:30
P-0000324,V-01,5,19.119856,72.905263,36.2,2026-06-15T07:38:50+05:30,2026-06-15T07:38:53+05:30
P-0000325,V-01,5,19.119557,72.904889,34.1,2026-06-15T07:39:00+05:30,2026-06-15T07:39:03+05:30
P-0000326,V-07,6,19.228984,72.856548,34.9,2026-06-15T06:50:00+05:30,2026-06-15T06:50:05+05:30
P-0000327,V-07,6,19.228589,72.856754,37.4,2026-06-15T06:50:10+05:30,2026-06-15T06:50:16+05:30
P-0000328,V-07,6,19.228206,72.856965,35.6,2026-06-15T06:50:20+05:30,2026-06-15T06:50:21+05:30
P-0000329,V-07,6,19.227641,72.856945,31.2,2026-06-15T06:50:30+05:30,2026-06-15T06:50:36+05:30
P-0000330,V-07,6,19.227316,72.856647,30.3,2026-06-15T06:50:40+05:30,2026-06-15T06:50:46+05:30
P-0000331,V-07,6,19.227143,72.85717,28.6,2026-06-15T06:50:50+05:30,2026-06-15T06:50:52+05:30
P-0000332,V-07,6,19.226589,72.856902,33.0,2026-06-15T06:51:00+05:30,2026-06-15T06:51:02+05:30
P-0000333,V-07,6,19.226295,72.857054,31.1,2026-06-15T06:51:10+05:30,2026-06-15T06:51:12+05:30
P-0000334,V-07,6,19.225799,72.856977,31.8,2026-06-15T06:51:20+05:30,2026-06-15T06:51:23+05:30
P-0000335,V-07,6,19.225131,72.857031,29.3,2026-06-15T06:51:30+05:30,2026-06-15T06:51:34+05:30
P-0000336,V-07,6,19.225038,72.856918,30.5,2026-06-15T06:51:40+05:30,2026-06-15T06:51:46+05:30
P-0000337,V-07,6,19.224383,72.857307,33.7,2026-06-15T06:51:50+05:30,2026-06-15T06:51:52+05:30
P-0000338,V-07,6,19.224143,72.857185,30.9,2026-06-15T06:52:00+05:30,2026-06-15T06:52:01+05:30
P-0000339,V-07,6,19.223602,72.857102,34.9,2026-06-15T06:52:10+05:30,2026-06-15T06:52:13+05:30
P-0000340,V-07,6,19.223368,72.857204,28.3,2026-06-15T06:52:20+05:30,2026-06-15T06:52:24+05:30
P-0000341,V-07,6,19.223019,72.857627,32.9,2026-06-15T06:52:30+05:30,2026-06-15T06:52:36+05:30
P-0000342,V-07,6,19.222728,72.857379,31.2,2026-06-15T06:52:40+05:30,2026-06-15T06:52:41+05:30
P-0000343,V-07,6,19.22226,72.857471,29.0,2026-06-15T06:52:50+05:30,2026-06-15T06:52:52+05:30
P-0000344,V-07,6,19.221903,72.857711,28.9,2026-06-15T06:53:00+05:30,2026-06-15T06:53:03+05:30
P-0000345,V-07,6,19.221279,72.857683,33.9,2026-06-15T06:53:10+05:30,2026-06-15T06:53:13+05:30
P-0000346,V-07,6,19.220993,72.857465,31.1,2026-06-15T06:53:20+05:30,2026-06-15T06:53:24+05:30
P-0000347,V-07,6,19.2207,72.857572,29.0,2026-06-15T06:53:30+05:30,2026-06-15T06:53:31+05:30
P-0000348,V-07,6,19.219885,72.857501,28.2,2026-06-15T06:53:40+05:30,2026-06-15T06:53:44+05:30
P-0000349,V-07,6,19.219628,72.857707,29.3,2026-06-15T06:53:50+05:30,2026-06-15T06:53:53+05:30
P-0000350,V-07,6,19.219177,72.85804,24.9,2026-06-15T06:54:00+05:30,2026-06-15T06:54:01+05:30
P-0000351,V-07,6,19.218638,72.857856,34.8,2026-06-15T06:54:10+05:30,2026-06-15T06:54:12+05:30
P-0000352,V-07,6,19.218361,72.858155,28.8,2026-06-15T06:54:20+05:30,2026-06-15T06:54:22+05:30
P-0000353,V-07,6,19.218205,72.857913,30.0,2026-06-15T06:54:30+05:30,2026-06-15T06:54:35+05:30
P-0000354,V-07,6,19.217621,72.858048,30.4,2026-06-15T06:54:40+05:30,2026-06-15T06:54:46+05:30
P-0000355,V-07,6,19.217143,72.858162,30.3,2026-06-15T06:54:50+05:30,2026-06-15T06:54:55+05:30
P-0000356,V-07,6,19.216913,72.858018,33.9,2026-06-15T06:55:00+05:30,2026-06-15T06:55:04+05:30
P-0000357,V-07,6,19.216537,72.85813,25.6,2026-06-15T06:55:10+05:30,2026-06-15T06:55:13+05:30
P-0000358,V-07,6,19.215844,72.858347,31.8,2026-06-15T06:55:20+05:30,2026-06-15T06:55:25+05:30
P-0000359,V-07,6,19.215801,72.858353,28.1,2026-06-15T06:55:30+05:30,2026-06-15T06:55:35+05:30
P-0000360,V-07,6,19.215476,72.858329,28.1,2026-06-15T06:55:40+05:30,2026-06-15T06:55:43+05:30
P-0000361,V-07,6,19.214867,72.858484,26.1,2026-06-15T06:55:50+05:30,2026-06-15T06:55:55+05:30
P-0000362,V-07,6,19.214275,72.858565,30.5,2026-06-15T06:56:00+05:30,2026-06-15T06:56:04+05:30
P-0000363,V-07,6,19.213931,72.858547,30.5,2026-06-15T06:56:10+05:30,2026-06-15T06:56:12+05:30
P-0000364,V-07,6,19.213557,72.858467,22.8,2026-06-15T06:56:20+05:30,2026-06-15T06:56:23+05:30
P-0000365,V-07,6,19.213335,72.858565,23.2,2026-06-15T06:56:30+05:30,2026-06-15T06:56:33+05:30
P-0000366,V-07,6,19.212905,72.858606,33.1,2026-06-15T06:56:40+05:30,2026-06-15T06:56:44+05:30
P-0000367,V-07,6,19.212544,72.858647,22.1,2026-06-15T06:56:50+05:30,2026-06-15T06:56:51+05:30
P-0000368,V-07,6,19.212032,72.858411,32.3,2026-06-15T06:57:00+05:30,2026-06-15T06:57:05+05:30
P-0000369,V-07,6,19.211687,72.858848,26.6,2026-06-15T06:57:10+05:30,2026-06-15T06:57:11+05:30
P-0000370,V-07,6,19.211028,72.858699,28.9,2026-06-15T06:57:20+05:30,2026-06-15T06:57:22+05:30
P-0000371,V-07,6,19.210819,72.8588,27.1,2026-06-15T06:57:30+05:30,2026-06-15T06:57:34+05:30
P-0000372,V-07,6,19.210595,72.858769,29.5,2026-06-15T06:57:40+05:30,2026-06-15T06:57:42+05:30
P-0000373,V-07,6,19.209769,72.858809,23.9,2026-06-15T06:57:50+05:30,2026-06-15T06:57:53+05:30
P-0000374,V-07,6,19.209606,72.858953,25.7,2026-06-15T06:58:00+05:30,2026-06-15T06:58:01+05:30
P-0000375,V-07,6,19.209103,72.859089,31.9,2026-06-15T06:58:10+05:30,2026-06-15T06:58:11+05:30
P-0000376,V-07,6,19.20881,72.858853,28.2,2026-06-15T06:58:20+05:30,2026-06-15T06:58:24+05:30
P-0000377,V-07,6,19.208465,72.858889,27.6,2026-06-15T06:58:30+05:30,2026-06-15T06:58:32+05:30
P-0000378,V-07,6,19.208105,72.859319,25.2,2026-06-15T06:58:40+05:30,2026-06-15T06:58:46+05:30
P-0000379,V-07,6,19.207596,72.859381,28.2,2026-06-15T06:58:50+05:30,2026-06-15T06:58:53+05:30
P-0000380,V-07,6,19.207011,72.859089,20.9,2026-06-15T06:59:00+05:30,2026-06-15T06:59:01+05:30
P-0000381,V-07,6,19.206603,72.859086,22.9,2026-06-15T06:59:10+05:30,2026-06-15T06:59:11+05:30
P-0000382,V-07,6,19.206243,72.859196,27.7,2026-06-15T06:59:20+05:30,2026-06-15T06:59:22+05:30
P-0000383,V-07,6,19.205981,72.859208,21.8,2026-06-15T06:59:30+05:30,2026-06-15T06:59:34+05:30
P-0000384,V-07,6,19.205336,72.859091,25.0,2026-06-15T06:59:40+05:30,2026-06-15T06:59:41+05:30
P-0000385,V-07,6,19.205071,72.859461,30.3,2026-06-15T06:59:50+05:30,2026-06-15T06:59:52+05:30
P-0000386,V-07,6,19.204911,72.859423,28.9,2026-06-15T07:00:00+05:30,2026-06-15T07:00:01+05:30
P-0000387,V-07,6,19.204547,72.859397,29.0,2026-06-15T07:00:10+05:30,2026-06-15T07:00:15+05:30
P-0000388,V-07,6,19.204011,72.859404,26.8,2026-06-15T07:00:20+05:30,2026-06-15T07:00:25+05:30
P-0000389,V-07,6,19.203392,72.859493,20.3,2026-06-15T07:00:30+05:30,2026-06-15T07:00:32+05:30
P-0000390,V-07,6,19.203159,72.859447,24.5,2026-06-15T07:00:40+05:30,2026-06-15T07:00:43+05:30
P-0000391,V-07,6,19.202781,72.859319,31.1,2026-06-15T07:00:50+05:30,2026-06-15T07:00:52+05:30
P-0000392,V-07,6,19.20249,72.859569,23.9,2026-06-15T07:01:00+05:30,2026-06-15T07:01:03+05:30
P-0000393,V-07,6,19.201786,72.859557,29.6,2026-06-15T07:01:10+05:30,2026-06-15T07:01:11+05:30
P-0000394,V-07,6,19.201237,72.859464,30.2,2026-06-15T07:01:20+05:30,2026-06-15T07:01:25+05:30
P-0000395,V-07,6,19.201298,72.859752,19.9,2026-06-15T07:01:30+05:30,2026-06-15T07:01:33+05:30
P-0000396,V-07,6,19.200812,72.859509,24.0,2026-06-15T07:01:40+05:30,2026-06-15T07:01:42+05:30
P-0000397,V-07,6,19.200055,72.859694,21.3,2026-06-15T07:01:50+05:30,2026-06-15T07:01:51+05:30
P-0000398,V-07,6,19.200066,72.859653,23.5,2026-06-15T07:02:00+05:30,2026-06-15T07:02:05+05:30
P-0000399,V-07,6,19.199268,72.860012,27.9,2026-06-15T07:02:10+05:30,2026-06-15T07:02:12+05:30
P-0000400,V-07,6,19.199179,72.859752,27.8,2026-06-15T07:02:20+05:30,2026-06-15T07:02:24+05:30
P-0000401,V-07,6,19.198778,72.859763,22.1,2026-06-15T07:02:30+05:30,2026-06-15T07:02:34+05:30
P-0000402,V-07,6,19.198083,72.859906,23.9,2026-06-15T07:02:40+05:30,2026-06-15T07:02:43+05:30
P-0000403,V-07,6,19.19775,72.860084,25.9,2026-06-15T07:02:50+05:30,2026-06-15T07:02:51+05:30
P-0000404,V-07,6,19.197484,72.860206,23.9,2026-06-15T07:03:00+05:30,2026-06-15T07:03:01+05:30
P-0000405,V-07,6,19.197079,72.860118,19.9,2026-06-15T07:03:10+05:30,2026-06-15T07:03:14+05:30
P-0000406,V-07,6,19.196594,72.860072,18.6,2026-06-15T07:03:20+05:30,2026-06-15T07:03:21+05:30
P-0000407,V-07,6,19.196409,72.860292,21.1,2026-06-15T07:03:30+05:30,2026-06-15T07:03:31+05:30
P-0000408,V-07,6,19.19558,72.860359,22.7,2026-06-15T07:03:40+05:30,2026-06-15T07:03:45+05:30
P-0000409,V-07,6,19.195424,72.860038,25.7,2026-06-15T07:03:50+05:30,2026-06-15T07:03:55+05:30
P-0000410,V-07,6,19.195154,72.860361,28.9,2026-06-15T07:04:00+05:30,2026-06-15T07:04:03+05:30
P-0000411,V-07,6,19.194413,72.860363,25.2,2026-06-15T07:04:10+05:30,2026-06-15T07:04:15+05:30
P-0000412,V-07,6,19.194053,72.860193,26.6,2026-06-15T07:04:20+05:30,2026-06-15T07:04:23+05:30
P-0000413,V-07,6,19.193765,72.860428,25.2,2026-06-15T07:04:30+05:30,2026-06-15T07:04:34+05:30
P-0000414,V-07,6,19.193122,72.86019,19.0,2026-06-15T07:04:40+05:30,2026-06-15T07:04:42+05:30
P-0000415,V-07,6,19.19282,72.860531,20.2,2026-06-15T07:04:50+05:30,2026-06-15T07:04:53+05:30
P-0000416,V-07,6,19.19271,72.860135,28.5,2026-06-15T07:05:00+05:30,2026-06-15T07:05:06+05:30
P-0000417,V-07,6,19.192264,72.860439,22.5,2026-06-15T07:05:10+05:30,2026-06-15T07:05:11+05:30
P-0000418,V-07,6,19.19195,72.860592,24.7,2026-06-15T07:05:20+05:30,2026-06-15T07:05:25+05:30
P-0000419,V-07,6,19.191311,72.860657,24.8,2026-06-15T07:05:30+05:30,2026-06-15T07:05:33+05:30
P-0000420,V-07,6,19.190989,72.86038,18.9,2026-06-15T07:05:40+05:30,2026-06-15T07:05:43+05:30
P-0000421,V-07,6,19.190489,72.86031,27.3,2026-06-15T07:05:50+05:30,2026-06-15T07:05:53+05:30
P-0000422,V-07,6,19.190001,72.860534,18.3,2026-06-15T07:06:00+05:30,2026-06-15T07:06:02+05:30
P-0000423,V-07,6,19.189741,72.860687,28.1,2026-06-15T07:06:10+05:30,2026-06-15T07:06:13+05:30
P-0000424,V-07,6,19.189121,72.860501,25.3,2026-06-15T07:06:20+05:30,2026-06-15T07:06:23+05:30
P-0000425,V-07,6,19.188661,72.860674,24.5,2026-06-15T07:06:30+05:30,2026-06-15T07:06:31+05:30
P-0000426,V-07,6,19.188707,72.860788,22.0,2026-06-15T07:06:40+05:30,2026-06-15T07:06:43+05:30
P-0000427,V-07,6,19.187986,72.860656,18.4,2026-06-15T07:06:50+05:30,2026-06-15T07:06:52+05:30
P-0000428,V-07,6,19.187563,72.860979,18.8,2026-06-15T07:07:00+05:30,2026-06-15T07:07:05+05:30
P-0000429,V-07,6,19.187021,72.860985,23.7,2026-06-15T07:07:10+05:30,2026-06-15T07:07:12+05:30
P-0000430,V-07,6,19.1868,72.86091,23.2,2026-06-15T07:07:20+05:30,2026-06-15T07:07:23+05:30
P-0000431,V-07,6,19.186453,72.860836,23.0,2026-06-15T07:07:30+05:30,2026-06-15T07:07:33+05:30
P-0000432,V-07,6,19.185895,72.861098,20.3,2026-06-15T07:07:40+05:30,2026-06-15T07:07:45+05:30
P-0000433,V-07,6,19.185752,72.860847,27.3,2026-06-15T07:07:50+05:30,2026-06-15T07:07:56+05:30
P-0000434,V-07,6,19.185155,72.861096,17.3,2026-06-15T07:08:00+05:30,2026-06-15T07:08:01+05:30
P-0000435,V-07,6,19.18503,72.861067,16.8,2026-06-15T07:08:10+05:30,2026-06-15T07:08:13+05:30
P-0000436,V-07,6,19.184378,72.8609,17.7,2026-06-15T07:08:20+05:30,2026-06-15T07:08:21+05:30
P-0000437,V-07,6,19.184226,72.861101,24.2,2026-06-15T07:08:30+05:30,2026-06-15T07:08:33+05:30
P-0000438,V-07,6,19.18383,72.860995,16.3,2026-06-15T07:08:40+05:30,2026-06-15T07:08:42+05:30
P-0000439,V-07,6,19.183268,72.861158,16.8,2026-06-15T07:08:50+05:30,2026-06-15T07:08:52+05:30
P-0000440,V-07,6,19.18297,72.861191,26.3,2026-06-15T07:09:00+05:30,2026-06-15T07:09:01+05:30
P-0000441,V-07,6,19.182423,72.860919,19.8,2026-06-15T07:09:10+05:30,2026-06-15T07:09:14+05:30
P-0000442,V-07,6,19.182154,72.861065,17.5,2026-06-15T07:09:20+05:30,2026-06-15T07:09:24+05:30
P-0000443,V-07,6,19.181621,72.861418,24.3,2026-06-15T07:09:30+05:30,2026-06-15T07:09:32+05:30
P-0000444,V-07,6,19.181402,72.860953,20.1,2026-06-15T07:09:40+05:30,2026-06-15T07:09:42+05:30
P-0000445,V-07,6,19.180825,72.861296,17.0,2026-06-15T07:09:50+05:30,2026-06-15T07:09:56+05:30
P-0000446,V-07,6,19.18056,72.861389,19.2,2026-06-15T07:10:00+05:30,2026-06-15T07:10:01+05:30
P-0000447,V-07,6,19.18004,72.861431,16.7,2026-06-15T07:10:10+05:30,2026-06-15T07:10:13+05:30
P-0000448,V-07,6,19.179549,72.861449,18.2,2026-06-15T07:10:20+05:30,2026-06-15T07:10:21+05:30
P-0000449,V-07,6,19.178938,72.86128,25.7,2026-06-15T07:10:30+05:30,2026-06-15T07:10:32+05:30
P-0000450,V-07,6,19.178733,72.861201,16.6,2026-06-15T07:10:40+05:30,2026-06-15T07:10:45+05:30
P-0000451,V-07,6,19.178143,72.861221,18.9,2026-06-15T07:10:50+05:30,2026-06-15T07:10:54+05:30
P-0000452,V-07,6,19.177662,72.861586,20.5,2026-06-15T07:11:00+05:30,2026-06-15T07:11:06+05:30
P-0000453,V-07,6,19.177596,72.861599,17.4,2026-06-15T07:11:10+05:30,2026-06-15T07:11:12+05:30
P-0000454,V-07,6,19.177027,72.861545,25.6,2026-06-15T07:11:20+05:30,2026-06-15T07:11:26+05:30
P-0000455,V-07,6,19.176911,72.861334,14.7,2026-06-15T07:11:30+05:30,2026-06-15T07:11:36+05:30
P-0000456,V-07,6,19.176164,72.86129,18.7,2026-06-15T07:11:40+05:30,2026-06-15T07:11:42+05:30
P-0000457,V-07,6,19.175654,72.861682,14.7,2026-06-15T07:11:50+05:30,2026-06-15T07:11:55+05:30
P-0000458,V-07,6,19.17564,72.861341,21.8,2026-06-15T07:12:00+05:30,2026-06-15T07:12:01+05:30
P-0000459,V-07,6,19.175136,72.861347,18.1,2026-06-15T07:12:10+05:30,2026-06-15T07:12:13+05:30
P-0000460,V-07,6,19.174621,72.861636,22.6,2026-06-15T07:12:20+05:30,2026-06-15T07:12:26+05:30
P-0000461,V-07,6,19.174235,72.861712,17.8,2026-06-15T07:12:30+05:30,2026-06-15T07:12:36+05:30
P-0000462,V-07,6,19.174029,72.861497,16.6,2026-06-15T07:12:40+05:30,2026-06-15T07:12:43+05:30
P-0000463,V-07,6,19.173593,72.861857,15.9,2026-06-15T07:12:50+05:30,2026-06-15T07:12:55+05:30
P-0000464,V-07,6,19.173163,72.861749,21.4,2026-06-15T07:13:00+05:30,2026-06-15T07:13:01+05:30
P-0000465,V-07,6,19.172385,72.861777,13.6,2026-06-15T07:13:10+05:30,2026-06-15T07:13:11+05:30
P-0000466,V-07,6,19.172005,72.861729,17.8,2026-06-15T07:13:20+05:30,2026-06-15T07:13:25+05:30
P-0000467,V-07,6,19.171869,72.861781,14.5,2026-06-15T07:13:30+05:30,2026-06-15T07:13:35+05:30
P-0000468,V-07,6,19.171294,72.86188,22.9,2026-06-15T07:13:40+05:30,2026-06-15T07:13:41+05:30
P-0000469,V-07,6,19.171243,72.861735,24.0,2026-06-15T07:13:50+05:30,2026-06-15T07:13:53+05:30
P-0000470,V-07,6,19.170563,72.861843,14.7,2026-06-15T07:14:00+05:30,2026-06-15T07:14:05+05:30
P-0000471,V-07,6,19.170432,72.861627,24.3,2026-06-15T07:14:10+05:30,2026-06-15T07:14:13+05:30
P-0000472,V-07,6,19.169746,72.862018,22.7,2026-06-15T07:14:20+05:30,2026-06-15T07:14:26+05:30
P-0000473,V-07,6,19.169546,72.862061,15.9,2026-06-15T07:14:30+05:30,2026-06-15T07:14:36+05:30
P-0000474,V-07,6,19.168934,72.862152,13.8,2026-06-15T07:14:40+05:30,2026-06-15T07:14:46+05:30
P-0000475,V-07,6,19.168541,72.862,17.8,2026-06-15T07:14:50+05:30,2026-06-15T07:14:51+05:30
P-0000476,V-07,6,19.168105,72.861738,18.1,2026-06-15T07:15:00+05:30,2026-06-15T07:15:02+05:30
P-0000477,V-07,6,19.167652,72.861953,15.1,2026-06-15T07:15:10+05:30,2026-06-15T07:15:11+05:30
P-0000478,V-07,6,19.167523,72.862236,20.0,2026-06-15T07:15:20+05:30,2026-06-15T07:15:24+05:30
P-0000479,V-07,6,19.166737,72.861825,21.3,2026-06-15T07:15:30+05:30,2026-06-15T07:15:34+05:30
P-0000480,V-07,6,19.166391,72.861838,23.4,2026-06-15T07:15:40+05:30,2026-06-15T07:15:45+05:30
P-0000481,V-07,6,19.165969,72.862187,22.6,2026-06-15T07:15:50+05:30,2026-06-15T07:15:51+05:30
P-0000482,V-07,6,19.165613,72.862236,20.4,2026-06-15T07:16:00+05:30,2026-06-15T07:16:06+05:30
P-0000483,V-07,6,19.165096,72.861977,18.4,2026-06-15T07:16:10+05:30,2026-06-15T07:16:16+05:30
P-0000484,V-07,6,19.164739,72.862088,19.4,2026-06-15T07:16:20+05:30,2026-06-15T07:16:24+05:30
P-0000485,V-07,6,19.164647,72.861783,13.6,2026-06-15T07:16:30+05:30,2026-06-15T07:16:36+05:30
P-0000486,V-07,6,19.164155,72.862077,23.8,2026-06-15T07:16:40+05:30,2026-06-15T07:16:46+05:30
P-0000487,V-07,6,19.163692,72.862042,19.8,2026-06-15T07:16:50+05:30,2026-06-15T07:16:54+05:30
P-0000488,V-07,6,19.163263,72.861942,24.5,2026-06-15T07:17:00+05:30,2026-06-15T07:17:03+05:30
P-0000489,V-07,6,19.162855,72.861993,13.9,2026-06-15T07:17:10+05:30,2026-06-15T07:17:11+05:30
P-0000490,V-07,6,19.162279,72.861852,20.5,2026-06-15T07:17:20+05:30,2026-06-15T07:17:26+05:30
P-0000491,V-07,6,19.161929,72.862031,23.8,2026-06-15T07:17:30+05:30,2026-06-15T07:17:31+05:30
P-0000492,V-07,6,19.161722,72.861615,23.7,2026-06-15T07:17:40+05:30,2026-06-15T07:17:41+05:30
P-0000493,V-07,6,19.161478,72.861564,12.9,2026-06-15T07:17:50+05:30,2026-06-15T07:17:55+05:30
P-0000494,V-07,6,19.160795,72.861878,21.8,2026-06-15T07:18:00+05:30,2026-06-15T07:18:06+05:30
P-0000495,V-07,6,19.160437,72.861845,17.0,2026-06-15T07:18:10+05:30,2026-06-15T07:18:13+05:30
P-0000496,V-07,6,19.159995,72.861766,24.1,2026-06-15T07:18:20+05:30,2026-06-15T07:18:22+05:30
P-0000497,V-07,6,19.159429,72.861732,21.0,2026-06-15T07:18:30+05:30,2026-06-15T07:18:31+05:30
P-0000498,V-07,6,19.159084,72.861799,14.3,2026-06-15T07:18:40+05:30,2026-06-15T07:18:44+05:30
P-0000499,V-07,6,19.158558,72.861865,20.8,2026-06-15T07:18:50+05:30,2026-06-15T07:18:56+05:30
P-0000500,V-07,6,19.158597,72.861546,22.1,2026-06-15T07:19:00+05:30,2026-06-15T07:19:01+05:30
P-0000501,V-07,6,19.157952,72.861357,19.9,2026-06-15T07:19:10+05:30,2026-06-15T07:19:11+05:30
P-0000502,V-07,6,19.157741,72.861765,19.0,2026-06-15T07:19:20+05:30,2026-06-15T07:19:24+05:30
P-0000503,V-07,6,19.157376,72.861645,17.5,2026-06-15T07:19:30+05:30,2026-06-15T07:19:33+05:30
P-0000504,V-07,6,19.156639,72.861377,16.8,2026-06-15T07:19:40+05:30,2026-06-15T07:19:41+05:30
P-0000505,V-07,6,19.156378,72.861728,15.1,2026-06-15T07:19:50+05:30,2026-06-15T07:19:52+05:30
P-0000506,V-07,6,19.155778,72.861648,18.1,2026-06-15T07:20:00+05:30,2026-06-15T07:20:01+05:30
P-0000507,V-07,6,19.155412,72.861542,14.3,2026-06-15T07:20:10+05:30,2026-06-15T07:20:13+05:30
P-0000508,V-07,6,19.154921,72.861304,18.1,2026-06-15T07:20:20+05:30,2026-06-15T07:20:21+05:30
P-0000509,V-07,6,19.154825,72.861624,13.6,2026-06-15T07:20:30+05:30,2026-06-15T07:20:33+05:30
P-0000510,V-07,6,19.154326,72.86123,16.7,2026-06-15T07:20:40+05:30,2026-06-15T07:20:46+05:30
P-0000511,V-07,6,19.153812,72.861327,18.3,2026-06-15T07:20:50+05:30,2026-06-15T07:20:54+05:30
P-0000512,V-07,6,19.153661,72.861446,22.4,2026-06-15T07:21:00+05:30,2026-06-15T07:21:06+05:30
P-0000513,V-07,6,19.153138,72.861518,23.6,2026-06-15T07:21:10+05:30,2026-06-15T07:21:11+05:30
P-0000514,V-07,6,19.152715,72.861259,19.4,2026-06-15T07:21:20+05:30,2026-06-15T07:21:22+05:30
P-0000515,V-07,6,19.152092,72.861324,12.3,2026-06-15T07:21:30+05:30,2026-06-15T07:21:34+05:30
P-0000516,V-07,6,19.15182,72.861328,20.7,2026-06-15T07:21:40+05:30,2026-06-15T07:21:43+05:30
P-0000517,V-07,6,19.151278,72.861236,13.9,2026-06-15T07:21:50+05:30,2026-06-15T07:21:56+05:30
P-0000518,V-07,6,19.151198,72.861387,19.7,2026-06-15T07:22:00+05:30,2026-06-15T07:22:02+05:30
P-0000519,V-07,6,19.150479,72.861322,16.4,2026-06-15T07:22:10+05:30,2026-06-15T07:22:14+05:30
P-0000520,V-07,6,19.150078,72.861236,19.6,2026-06-15T07:22:20+05:30,2026-06-15T07:22:21+05:30
P-0000521,V-07,6,19.149638,72.860992,19.7,2026-06-15T07:22:30+05:30,2026-06-15T07:22:33+05:30
P-0000522,V-07,6,19.14969,72.860919,22.4,2026-06-15T07:22:40+05:30,2026-06-15T07:22:43+05:30
P-0000523,V-07,6,19.149143,72.86122,16.4,2026-06-15T07:22:50+05:30,2026-06-15T07:22:53+05:30
P-0000524,V-07,6,19.148802,72.861147,23.4,2026-06-15T07:23:00+05:30,2026-06-15T07:23:06+05:30
P-0000525,V-07,6,19.148445,72.861338,21.6,2026-06-15T07:23:10+05:30,2026-06-15T07:23:13+05:30
P-0000526,V-07,6,19.14787,72.861231,20.7,2026-06-15T07:23:20+05:30,2026-06-15T07:23:24+05:30
P-0000527,V-07,6,19.147567,72.861063,16.3,2026-06-15T07:23:30+05:30,2026-06-15T07:23:33+05:30
P-0000528,V-07,6,19.147186,72.861159,12.9,2026-06-15T07:23:40+05:30,2026-06-15T07:23:45+05:30
P-0000529,V-07,6,19.14662,72.861464,16.0,2026-06-15T07:23:50+05:30,2026-06-15T07:23:53+05:30
P-0000530,V-07,6,19.146265,72.861556,21.8,2026-06-15T07:24:00+05:30,2026-06-15T07:24:02+05:30
P-0000531,V-07,6,19.14582,72.861747,21.7,2026-06-15T07:24:10+05:30,2026-06-15T07:24:15+05:30
P-0000532,V-07,6,19.145234,72.8618,16.3,2026-06-15T07:24:20+05:30,2026-06-15T07:24:26+05:30
P-0000533,V-07,6,19.144808,72.861568,12.6,2026-06-15T07:24:30+05:30,2026-06-15T07:24:34+05:30
P-0000534,V-07,6,19.144566,72.862041,17.0,2026-06-15T07:24:40+05:30,2026-06-15T07:24:46+05:30
P-0000535,V-07,6,19.144024,72.861766,19.4,2026-06-15T07:24:50+05:30,2026-06-15T07:24:51+05:30
P-0000536,V-07,6,19.144094,72.862046,13.0,2026-06-15T07:25:00+05:30,2026-06-15T07:25:03+05:30
P-0000537,V-07,6,19.143581,72.862044,21.0,2026-06-15T07:25:10+05:30,2026-06-15T07:25:12+05:30
P-0000538,V-07,6,19.143231,72.862165,19.4,2026-06-15T07:25:20+05:30,2026-06-15T07:25:22+05:30
P-0000539,V-07,6,19.14251,72.862092,18.7,2026-06-15T07:25:30+05:30,2026-06-15T07:25:36+05:30
P-0000540,V-07,6,19.142256,72.862325,22.2,2026-06-15T07:25:40+05:30,2026-06-15T07:25:41+05:30
P-0000541,V-07,6,19.141944,72.86265,12.3,2026-06-15T07:25:50+05:30,2026-06-15T07:25:54+05:30
P-0000542,V-07,6,19.141566,72.862528,14.7,2026-06-15T07:26:00+05:30,2026-06-15T07:26:01+05:30
P-0000543,V-07,6,19.140843,72.862813,22.8,2026-06-15T07:26:10+05:30,2026-06-15T07:26:15+05:30
P-0000544,V-07,6,19.140515,72.862485,15.6,2026-06-15T07:26:20+05:30,2026-06-15T07:26:22+05:30
P-0000545,V-07,6,19.140103,72.862686,17.4,2026-06-15T07:26:30+05:30,2026-06-15T07:26:33+05:30
P-0000546,V-07,6,19.140062,72.862974,12.2,2026-06-15T07:26:40+05:30,2026-06-15T07:26:46+05:30
P-0000547,V-07,6,19.139217,72.863207,19.9,2026-06-15T07:26:50+05:30,2026-06-15T07:26:51+05:30
P-0000548,V-07,6,19.139092,72.863038,16.3,2026-06-15T07:27:00+05:30,2026-06-15T07:27:03+05:30
P-0000549,V-07,6,19.138757,72.863132,13.0,2026-06-15T07:27:10+05:30,2026-06-15T07:27:14+05:30
P-0000550,V-07,6,19.138261,72.863293,12.6,2026-06-15T07:27:20+05:30,2026-06-15T07:27:26+05:30
P-0000551,V-07,6,19.137859,72.863405,15.1,2026-06-15T07:27:30+05:30,2026-06-15T07:27:31+05:30
P-0000552,V-07,6,19.137638,72.863365,23.6,2026-06-15T07:27:40+05:30,2026-06-15T07:27:41+05:30
P-0000553,V-07,6,19.137024,72.863631,17.1,2026-06-15T07:27:50+05:30,2026-06-15T07:27:56+05:30
P-0000554,V-07,6,19.136789,72.863777,13.8,2026-06-15T07:28:00+05:30,2026-06-15T07:28:02+05:30
P-0000555,V-07,6,19.136173,72.863654,22.3,2026-06-15T07:28:10+05:30,2026-06-15T07:28:16+05:30
P-0000556,V-07,6,19.136104,72.863633,15.2,2026-06-15T07:28:20+05:30,2026-06-15T07:28:23+05:30
P-0000557,V-07,6,19.135376,72.863587,13.4,2026-06-15T07:28:30+05:30,2026-06-15T07:28:35+05:30
P-0000558,V-07,6,19.135022,72.863984,21.1,2026-06-15T07:28:40+05:30,2026-06-15T07:28:41+05:30
P-0000559,V-07,6,19.134531,72.863984,22.6,2026-06-15T07:28:50+05:30,2026-06-15T07:28:54+05:30
P-0000560,V-07,6,19.134106,72.864203,22.8,2026-06-15T07:29:00+05:30,2026-06-15T07:29:05+05:30
P-0000561,V-07,6,19.133662,72.86419,19.2,2026-06-15T07:29:10+05:30,2026-06-15T07:29:12+05:30
P-0000562,V-07,6,19.133674,72.86412,17.7,2026-06-15T07:29:20+05:30,2026-06-15T07:29:21+05:30
P-0000563,V-07,6,19.13294,72.864407,24.1,2026-06-15T07:29:30+05:30,2026-06-15T07:29:31+05:30
P-0000564,V-07,6,19.132535,72.864256,17.4,2026-06-15T07:29:40+05:30,2026-06-15T07:29:42+05:30
P-0000565,V-07,6,19.132467,72.864472,17.2,2026-06-15T07:29:50+05:30,2026-06-15T07:29:54+05:30
P-0000566,V-07,6,19.131843,72.86431,19.8,2026-06-15T07:30:00+05:30,2026-06-15T07:30:04+05:30
P-0000567,V-07,6,19.131588,72.864571,16.3,2026-06-15T07:30:10+05:30,2026-06-15T07:30:16+05:30
P-0000568,V-07,6,19.131023,72.864936,20.7,2026-06-15T07:30:20+05:30,2026-06-15T07:30:26+05:30
P-0000569,V-07,6,19.130863,72.864831,13.1,2026-06-15T07:30:30+05:30,2026-06-15T07:30:34+05:30
P-0000570,V-07,6,19.13016,72.864731,24.6,2026-06-15T07:30:40+05:30,2026-06-15T07:30:45+05:30
P-0000571,V-07,6,19.12995,72.86515,21.7,2026-06-15T07:30:50+05:30,2026-06-15T07:30:56+05:30
P-0000572,V-07,6,19.129416,72.865038,14.2,2026-06-15T07:31:00+05:30,2026-06-15T07:31:05+05:30
P-0000573,V-07,6,19.129193,72.865186,13.2,2026-06-15T07:31:10+05:30,2026-06-15T07:31:14+05:30
P-0000574,V-07,6,19.128867,72.865442,15.5,2026-06-15T07:31:20+05:30,2026-06-15T07:31:24+05:30
P-0000575,V-07,6,19.128406,72.865173,13.8,2026-06-15T07:31:30+05:30,2026-06-15T07:31:34+05:30
P-0000576,V-07,6,19.127688,72.865581,23.7,2026-06-15T07:31:40+05:30,2026-06-15T07:31:42+05:30
P-0000577,V-07,6,19.127413,72.865523,23.3,2026-06-15T07:31:50+05:30,2026-06-15T07:31:56+05:30
P-0000578,V-07,6,19.127134,72.865473,18.7,2026-06-15T07:32:00+05:30,2026-06-15T07:32:03+05:30
P-0000579,V-07,6,19.12647,72.865696,20.4,2026-06-15T07:32:10+05:30,2026-06-15T07:32:13+05:30
P-0000580,V-07,6,19.126282,72.865769,23.3,2026-06-15T07:32:20+05:30,2026-06-15T07:32:21+05:30
P-0000581,V-07,6,19.125981,72.865656,16.0,2026-06-15T07:32:30+05:30,2026-06-15T07:32:33+05:30
P-0000582,V-07,6,19.125549,72.865567,17.5,2026-06-15T07:32:40+05:30,2026-06-15T07:32:46+05:30
P-0000583,V-07,6,19.124951,72.86596,21.9,2026-06-15T07:32:50+05:30,2026-06-15T07:32:55+05:30
P-0000584,V-07,6,19.124912,72.865917,14.9,2026-06-15T07:33:00+05:30,2026-06-15T07:33:02+05:30
P-0000585,V-07,6,19.124463,72.865671,13.6,2026-06-15T07:33:10+05:30,2026-06-15T07:33:11+05:30
P-0000586,V-07,6,19.124082,72.865788,19.9,2026-06-15T07:33:20+05:30,2026-06-15T07:33:21+05:30
P-0000587,V-07,6,19.123414,72.86605,14.8,2026-06-15T07:33:30+05:30,2026-06-15T07:33:33+05:30
P-0000588,V-07,6,19.122915,72.865682,23.7,2026-06-15T07:33:40+05:30,2026-06-15T07:33:43+05:30
P-0000589,V-07,6,19.122583,72.865993,25.4,2026-06-15T07:33:50+05:30,2026-06-15T07:33:51+05:30
P-0000590,V-07,6,19.121993,72.866068,15.7,2026-06-15T07:34:00+05:30,2026-06-15T07:34:01+05:30
P-0000591,V-07,6,19.122026,72.866045,21.1,2026-06-15T07:34:10+05:30,2026-06-15T07:34:11+05:30
P-0000592,V-07,6,19.121651,72.866247,16.8,2026-06-15T07:34:20+05:30,2026-06-15T07:34:22+05:30
P-0000593,V-07,6,19.120889,72.865853,25.1,2026-06-15T07:34:30+05:30,2026-06-15T07:34:33+05:30
P-0000594,V-07,6,19.120714,72.866117,19.9,2026-06-15T07:34:40+05:30,2026-06-15T07:34:42+05:30
P-0000595,V-07,6,19.120304,72.866018,14.2,2026-06-15T07:34:50+05:30,2026-06-15T07:34:56+05:30
P-0000596,V-07,6,19.12001,72.866303,14.8,2026-06-15T07:35:00+05:30,2026-06-15T07:35:01+05:30
P-0000597,V-07,6,19.119555,72.866419,20.0,2026-06-15T07:35:10+05:30,2026-06-15T07:35:13+05:30
P-0000598,V-07,6,19.11914,72.866163,23.3,2026-06-15T07:35:20+05:30,2026-06-15T07:35:24+05:30
P-0000599,V-07,6,19.118525,72.866243,16.3,2026-06-15T07:35:30+05:30,2026-06-15T07:35:35+05:30
P-0000600,V-07,6,19.118273,72.866265,23.5,2026-06-15T07:35:40+05:30,2026-06-15T07:35:46+05:30
P-0000601,V-07,6,19.117543,72.866538,16.2,2026-06-15T07:35:50+05:30,2026-06-15T07:35:54+05:30
P-0000602,V-07,6,19.117173,72.866368,16.0,2026-06-15T07:36:00+05:30,2026-06-15T07:36:05+05:30
P-0000603,V-07,6,19.116936,72.866178,23.8,2026-06-15T07:36:10+05:30,2026-06-15T07:36:16+05:30
P-0000604,V-07,6,19.116601,72.866523,15.4,2026-06-15T07:36:20+05:30,2026-06-15T07:36:21+05:30
P-0000605,V-07,6,19.116056,72.866594,21.8,2026-06-15T07:36:30+05:30,2026-06-15T07:36:32+05:30
P-0000606,V-07,6,19.115968,72.866515,19.4,2026-06-15T07:36:40+05:30,2026-06-15T07:36:44+05:30
P-0000607,V-07,6,19.115444,72.866649,16.6,2026-06-15T07:36:50+05:30,2026-06-15T07:36:55+05:30
P-0000608,V-07,6,19.115052,72.866409,19.9,2026-06-15T07:37:00+05:30,2026-06-15T07:37:02+05:30
P-0000609,V-07,6,19.114548,72.866703,22.9,2026-06-15T07:37:10+05:30,2026-06-15T07:37:11+05:30
P-0000610,V-07,6,19.114167,72.866601,22.9,2026-06-15T07:37:20+05:30,2026-06-15T07:37:25+05:30
P-0000611,V-07,6,19.113774,72.866415,21.3,2026-06-15T07:37:30+05:30,2026-06-15T07:37:35+05:30
P-0000612,V-07,6,19.113456,72.8664,21.1,2026-06-15T07:37:40+05:30,2026-06-15T07:37:42+05:30
P-0000613,V-07,6,19.112717,72.866537,15.5,2026-06-15T07:37:50+05:30,2026-06-15T07:37:54+05:30
P-0000614,V-07,6,19.112677,72.866753,26.9,2026-06-15T07:38:00+05:30,2026-06-15T07:38:05+05:30
P-0000615,V-07,6,19.112106,72.86651,25.0,2026-06-15T07:38:10+05:30,2026-06-15T07:38:16+05:30
P-0000616,V-07,6,19.111808,72.866745,18.7,2026-06-15T07:38:20+05:30,2026-06-15T07:38:25+05:30
P-0000617,V-07,6,19.111122,72.866931,20.7,2026-06-15T07:38:30+05:30,2026-06-15T07:38:31+05:30
P-0000618,V-07,6,19.110712,72.86658,19.0,2026-06-15T07:38:40+05:30,2026-06-15T07:38:42+05:30
P-0000619,V-07,6,19.110258,72.866883,24.4,2026-06-15T07:38:50+05:30,2026-06-15T07:38:52+05:30
P-0000620,V-07,6,19.110107,72.866601,19.8,2026-06-15T07:39:00+05:30,2026-06-15T07:39:02+05:30
P-0000621,V-07,6,19.109854,72.866765,17.5,2026-06-15T07:39:10+05:30,2026-06-15T07:39:12+05:30
P-0000622,V-07,6,19.109078,72.866936,17.1,2026-06-15T07:39:20+05:30,2026-06-15T07:39:26+05:30
P-0000623,V-07,6,19.108985,72.867185,23.2,2026-06-15T07:39:30+05:30,2026-06-15T07:39:33+05:30
P-0000624,V-07,6,19.10863,72.866772,24.9,2026-06-15T07:39:40+05:30,2026-06-15T07:39:41+05:30
P-0000625,V-07,6,19.108154,72.867052,21.9,2026-06-15T07:39:50+05:30,2026-06-15T07:39:52+05:30
P-0000626,V-07,6,19.107373,72.867144,16.5,2026-06-15T07:40:00+05:30,2026-06-15T07:40:06+05:30
P-0000627,V-07,6,19.107171,72.866809,22.2,2026-06-15T07:40:10+05:30,2026-06-15T07:40:14+05:30
P-0000628,V-07,6,19.106564,72.867141,17.0,2026-06-15T07:40:20+05:30,2026-06-15T07:40:25+05:30
P-0000629,V-07,6,19.106558,72.866997,20.2,2026-06-15T07:40:30+05:30,2026-06-15T07:40:36+05:30
P-0000630,V-07,6,19.105931,72.867154,27.3,2026-06-15T07:40:40+05:30,2026-06-15T07:40:45+05:30
P-0000631,V-07,6,19.105564,72.866932,24.3,2026-06-15T07:40:50+05:30,2026-06-15T07:40:52+05:30
P-0000632,V-07,6,19.105015,72.866986,17.8,2026-06-15T07:41:00+05:30,2026-06-15T07:41:01+05:30
P-0000633,V-07,6,19.104542,72.867306,26.3,2026-06-15T07:41:10+05:30,2026-06-15T07:41:14+05:30
P-0000634,V-07,6,19.104303,72.867406,24.4,2026-06-15T07:41:20+05:30,2026-06-15T07:41:24+05:30
P-0000635,V-07,6,19.104034,72.867354,23.4,2026-06-15T07:41:30+05:30,2026-06-15T07:41:34+05:30
P-0000636,V-07,6,19.103481,72.867318,17.9,2026-06-15T07:41:40+05:30,2026-06-15T07:41:45+05:30
P-0000637,V-07,6,19.103372,72.867086,27.6,2026-06-15T07:41:50+05:30,2026-06-15T07:41:56+05:30
P-0000638,V-07,6,19.102683,72.86725,23.4,2026-06-15T07:42:00+05:30,2026-06-15T07:42:04+05:30
P-0000639,V-07,6,19.102579,72.867396,21.0,2026-06-15T07:42:10+05:30,2026-06-15T07:42:14+05:30
P-0000640,V-07,6,19.101857,72.867201,21.7,2026-06-15T07:42:20+05:30,2026-06-15T07:42:21+05:30
P-0000641,V-07,6,19.101633,72.867383,21.5,2026-06-15T07:42:30+05:30,2026-06-15T07:42:36+05:30
P-0000642,V-07,6,19.101317,72.867066,25.9,2026-06-15T07:42:40+05:30,2026-06-15T07:42:46+05:30
P-0000643,V-07,6,19.100818,72.867382,21.7,2026-06-15T07:42:50+05:30,2026-06-15T07:42:54+05:30
P-0000644,V-07,6,19.100098,72.867043,22.1,2026-06-15T07:43:00+05:30,2026-06-15T07:43:02+05:30
P-0000645,V-07,6,19.10013,72.867054,18.2,2026-06-15T07:43:10+05:30,2026-06-15T07:43:12+05:30
P-0000646,V-07,6,19.099249,72.866972,27.1,2026-06-15T07:43:20+05:30,2026-06-15T07:43:25+05:30
P-0000647,V-07,6,19.099096,72.866973,20.6,2026-06-15T07:43:30+05:30,2026-06-15T07:43:35+05:30
P-0000648,V-07,6,19.098738,72.867391,18.2,2026-06-15T07:43:40+05:30,2026-06-15T07:43:46+05:30
P-0000649,V-07,6,19.098361,72.867119,22.3,2026-06-15T07:43:50+05:30,2026-06-15T07:43:51+05:30
P-0000650,V-07,6,19.098019,72.867165,22.7,2026-06-15T07:44:00+05:30,2026-06-15T07:44:06+05:30
P-0000651,V-07,6,19.097276,72.867228,19.2,2026-06-15T07:44:10+05:30,2026-06-15T07:44:11+05:30
P-0000652,V-07,6,19.097214,72.867088,19.8,2026-06-15T07:44:20+05:30,2026-06-15T07:44:25+05:30
P-0000653,V-07,6,19.096844,72.866959,27.6,2026-06-15T07:44:30+05:30,2026-06-15T07:44:35+05:30
P-0000654,V-07,6,19.09599,72.867269,26.3,2026-06-15T07:44:40+05:30,2026-06-15T07:44:45+05:30
P-0000655,V-07,6,19.096017,72.867194,26.2,2026-06-15T07:44:50+05:30,2026-06-15T07:44:51+05:30
P-0000656,V-07,6,19.095224,72.86708,29.5,2026-06-15T07:45:00+05:30,2026-06-15T07:45:02+05:30
P-0000657,V-07,6,19.094839,72.866921,20.3,2026-06-15T07:45:10+05:30,2026-06-15T07:45:13+05:30
P-0000658,V-07,6,19.094659,72.866963,29.3,2026-06-15T07:45:20+05:30,2026-06-15T07:45:21+05:30
P-0000659,V-07,6,19.094312,72.867093,27.5,2026-06-15T07:45:30+05:30,2026-06-15T07:45:32+05:30
P-0000660,V-07,6,19.093599,72.867333,25.6,2026-06-15T07:45:40+05:30,2026-06-15T07:45:41+05:30
P-0000661,V-07,6,19.09318,72.867316,27.9,2026-06-15T07:45:50+05:30,2026-06-15T07:45:51+05:30
P-0000662,V-07,6,19.093089,72.866859,21.7,2026-06-15T07:46:00+05:30,2026-06-15T07:46:02+05:30
P-0000663,V-07,6,19.092412,72.867053,25.7,2026-06-15T07:46:10+05:30,2026-06-15T07:46:11+05:30
P-0000664,V-07,6,19.092117,72.866943,26.3,2026-06-15T07:46:20+05:30,2026-06-15T07:46:25+05:30
P-0000665,V-07,6,19.091632,72.867295,20.2,2026-06-15T07:46:30+05:30,2026-06-15T07:46:36+05:30
P-0000666,V-07,6,19.091258,72.867025,27.6,2026-06-15T07:46:40+05:30,2026-06-15T07:46:41+05:30
P-0000667,V-07,6,19.091108,72.866969,25.2,2026-06-15T07:46:50+05:30,2026-06-15T07:46:54+05:30
P-0000668,V-07,6,19.090298,72.867316,24.6,2026-06-15T07:47:00+05:30,2026-06-15T07:47:02+05:30
P-0000669,V-07,6,19.089992,72.866946,24.2,2026-06-15T07:47:10+05:30,2026-06-15T07:47:11+05:30
P-0000670,V-07,6,19.089539,72.867275,28.4,2026-06-15T07:47:20+05:30,2026-06-15T07:47:21+05:30
P-0000671,V-07,6,19.089297,72.867206,20.2,2026-06-15T07:47:30+05:30,2026-06-15T07:47:35+05:30
P-0000672,V-07,6,19.089081,72.867094,21.6,2026-06-15T07:47:40+05:30,2026-06-15T07:47:46+05:30
P-0000673,V-07,6,19.088491,72.867104,28.6,2026-06-15T07:47:50+05:30,2026-06-15T07:47:54+05:30
P-0000674,V-07,6,19.088067,72.867149,31.8,2026-06-15T07:48:00+05:30,2026-06-15T07:48:04+05:30
P-0000675,V-07,6,19.087444,72.867061,24.7,2026-06-15T07:48:10+05:30,2026-06-15T07:48:14+05:30
P-0000676,V-07,6,19.087232,72.866988,22.1,2026-06-15T07:48:20+05:30,2026-06-15T07:48:23+05:30
P-0000677,V-07,6,19.086709,72.86695,25.8,2026-06-15T07:48:30+05:30,2026-06-15T07:48:36+05:30
P-0000678,V-07,6,19.086435,72.867011,27.3,2026-06-15T07:48:40+05:30,2026-06-15T07:48:44+05:30
P-0000679,V-07,6,19.086124,72.866971,30.2,2026-06-15T07:48:50+05:30,2026-06-15T07:48:56+05:30
P-0000680,V-07,6,19.085832,72.866974,26.2,2026-06-15T07:49:00+05:30,2026-06-15T07:49:05+05:30
P-0000681,V-07,6,19.085264,72.867159,21.0,2026-06-15T07:49:10+05:30,2026-06-15T07:49:14+05:30
P-0000682,V-07,6,19.084875,72.866836,27.1,2026-06-15T07:49:20+05:30,2026-06-15T07:49:22+05:30
P-0000683,V-07,6,19.084423,72.866883,32.9,2026-06-15T07:49:30+05:30,2026-06-15T07:49:31+05:30
P-0000684,V-07,6,19.08381,72.867065,30.2,2026-06-15T07:49:40+05:30,2026-06-15T07:49:45+05:30
P-0000685,V-07,6,19.083392,72.866836,28.6,2026-06-15T07:49:50+05:30,2026-06-15T07:49:51+05:30
P-0000686,V-07,6,19.083032,72.867058,23.0,2026-06-15T07:50:00+05:30,2026-06-15T07:50:03+05:30
P-0000687,V-07,6,19.082671,72.867136,25.6,2026-06-15T07:50:10+05:30,2026-06-15T07:50:13+05:30
P-0000688,V-07,6,19.082538,72.867096,26.6,2026-06-15T07:50:20+05:30,2026-06-15T07:50:25+05:30
P-0000689,V-07,6,19.081786,72.866954,27.6,2026-06-15T07:50:30+05:30,2026-06-15T07:50:31+05:30
P-0000690,V-07,6,19.081404,72.866989,26.7,2026-06-15T07:50:40+05:30,2026-06-15T07:50:45+05:30
P-0000691,V-07,6,19.081078,72.867121,27.3,2026-06-15T07:50:50+05:30,2026-06-15T07:50:51+05:30
P-0000692,V-07,6,19.080952,72.867292,30.1,2026-06-15T07:51:00+05:30,2026-06-15T07:51:05+05:30
P-0000693,V-07,6,19.080157,72.867528,26.4,2026-06-15T07:51:10+05:30,2026-06-15T07:51:14+05:30
P-0000694,V-07,6,19.079953,72.867317,34.3,2026-06-15T07:51:20+05:30,2026-06-15T07:51:26+05:30
P-0000695,V-07,6,19.079757,72.867497,23.0,2026-06-15T07:51:30+05:30,2026-06-15T07:51:31+05:30
P-0000696,V-07,6,19.078909,72.867325,25.7,2026-06-15T07:51:40+05:30,2026-06-15T07:51:43+05:30
P-0000697,V-07,6,19.078503,72.867733,33.1,2026-06-15T07:51:50+05:30,2026-06-15T07:51:53+05:30
P-0000698,V-07,6,19.078324,72.867713,34.3,2026-06-15T07:52:00+05:30,2026-06-15T07:52:02+05:30
P-0000699,V-07,6,19.077984,72.867661,31.1,2026-06-15T07:52:10+05:30,2026-06-15T07:52:12+05:30
P-0000700,V-07,6,19.077285,72.867672,27.0,2026-06-15T07:52:20+05:30,2026-06-15T07:52:23+05:30
P-0000701,V-07,6,19.077344,72.867829,30.9,2026-06-15T07:52:30+05:30,2026-06-15T07:52:36+05:30
P-0000702,V-07,6,19.076845,72.867532,32.2,2026-06-15T07:52:40+05:30,2026-06-15T07:52:41+05:30
P-0000703,V-07,6,19.076378,72.867913,29.1,2026-06-15T07:52:50+05:30,2026-06-15T07:52:53+05:30
P-0000704,V-07,6,19.075922,72.86809,35.1,2026-06-15T07:53:00+05:30,2026-06-15T07:53:03+05:30
P-0000705,V-07,6,19.07551,72.867808,25.1,2026-06-15T07:53:10+05:30,2026-06-15T07:53:15+05:30
P-0000706,V-07,6,19.074952,72.868014,27.7,2026-06-15T07:53:20+05:30,2026-06-15T07:53:25+05:30
P-0000707,V-07,6,19.074705,72.86794,32.1,2026-06-15T07:53:30+05:30,2026-06-15T07:53:31+05:30
P-0000708,V-07,6,19.074263,72.868227,31.5,2026-06-15T07:53:40+05:30,2026-06-15T07:53:44+05:30
P-0000709,V-07,6,19.073923,72.868336,25.8,2026-06-15T07:53:50+05:30,2026-06-15T07:53:56+05:30
P-0000710,V-07,6,19.073348,72.868307,30.8,2026-06-15T07:54:00+05:30,2026-06-15T07:54:01+05:30
P-0000711,V-07,6,19.073054,72.868045,27.3,2026-06-15T07:54:10+05:30,2026-06-15T07:54:13+05:30
P-0000712,V-07,6,19.072909,72.8682,27.2,2026-06-15T07:54:20+05:30,2026-06-15T07:54:26+05:30
P-0000713,V-07,6,19.072052,72.868114,29.4,2026-06-15T07:54:30+05:30,2026-06-15T07:54:32+05:30
P-0000714,V-07,6,19.072051,72.868228,24.6,2026-06-15T07:54:40+05:30,2026-06-15T07:54:41+05:30
P-0000715,V-07,6,19.071546,72.868353,32.9,2026-06-15T07:54:50+05:30,2026-06-15T07:54:55+05:30
P-0000716,V-07,6,19.071126,72.868245,25.2,2026-06-15T07:55:00+05:30,2026-06-15T07:55:06+05:30
P-0000717,V-07,6,19.070654,72.868574,28.9,2026-06-15T07:55:10+05:30,2026-06-15T07:55:13+05:30
P-0000718,V-07,6,19.07028,72.868312,30.0,2026-06-15T07:55:20+05:30,2026-06-15T07:55:23+05:30
P-0000719,V-07,6,19.069741,72.868606,31.8,2026-06-15T07:55:30+05:30,2026-06-15T07:55:31+05:30
P-0000720,V-07,6,19.06951,72.868872,28.8,2026-06-15T07:55:40+05:30,2026-06-15T07:55:46+05:30
P-0000721,V-07,6,19.069101,72.868685,33.1,2026-06-15T07:55:50+05:30,2026-06-15T07:55:56+05:30
P-0000722,V-07,6,19.068626,72.868846,25.5,2026-06-15T07:56:00+05:30,2026-06-15T07:56:02+05:30
P-0000723,V-07,6,19.068049,72.868761,28.8,2026-06-15T07:56:10+05:30,2026-06-15T07:56:16+05:30
P-0000724,V-07,6,19.067996,72.868991,30.4,2026-06-15T07:56:20+05:30,2026-06-15T07:56:22+05:30
P-0000725,V-07,6,19.067594,72.868807,30.2,2026-06-15T07:56:30+05:30,2026-06-15T07:56:32+05:30
P-0000726,V-07,6,19.067019,72.868813,34.6,2026-06-15T07:56:40+05:30,2026-06-15T07:56:45+05:30
P-0000727,V-07,6,19.066677,72.868979,27.3,2026-06-15T07:56:50+05:30,2026-06-15T07:56:54+05:30
P-0000728,V-07,6,19.066276,72.868944,33.1,2026-06-15T07:57:00+05:30,2026-06-15T07:57:04+05:30
P-0000729,V-03,5,19.172496,72.956769,37.6,2026-06-15T07:05:00+05:30,2026-06-15T07:05:03+05:30
P-0000730,V-03,5,19.172731,72.956774,28.5,2026-06-15T07:05:10+05:30,2026-06-15T07:05:16+05:30
P-0000731,V-03,5,19.172482,72.956236,32.6,2026-06-15T07:05:20+05:30,2026-06-15T07:05:24+05:30
P-0000732,V-03,5,19.17203,72.955955,28.5,2026-06-15T07:05:30+05:30,2026-06-15T07:05:34+05:30
P-0000733,V-03,5,19.171935,72.95556,35.4,2026-06-15T07:05:40+05:30,2026-06-15T07:05:43+05:30
P-0000734,V-03,5,19.172279,72.955457,31.0,2026-06-15T07:05:50+05:30,2026-06-15T07:05:54+05:30
P-0000735,V-03,5,19.171712,72.955394,26.2,2026-06-15T07:06:00+05:30,2026-06-15T07:06:04+05:30
P-0000736,V-03,5,19.171604,72.955137,31.5,2026-06-15T07:06:10+05:30,2026-06-15T07:06:11+05:30
P-0000737,V-03,5,19.171619,72.954651,25.7,2026-06-15T07:06:20+05:30,2026-06-15T07:06:26+05:30
P-0000738,V-03,5,19.171409,72.954617,27.4,2026-06-15T07:06:30+05:30,2026-06-15T07:06:33+05:30
P-0000739,V-03,5,19.171634,72.954043,28.1,2026-06-15T07:06:40+05:30,2026-06-15T07:06:41+05:30
P-0000740,V-03,5,19.171224,72.953753,31.1,2026-06-15T07:06:50+05:30,2026-06-15T07:06:51+05:30
P-0000741,V-03,5,19.171051,72.953866,33.0,2026-06-15T07:07:00+05:30,2026-06-15T07:07:04+05:30
P-0000742,V-03,5,19.171309,72.953202,29.7,2026-06-15T07:07:10+05:30,2026-06-15T07:07:16+05:30
P-0000743,V-03,5,19.170885,72.953082,32.4,2026-06-15T07:07:20+05:30,2026-06-15T07:07:21+05:30
P-0000744,V-03,5,19.170832,72.953102,25.6,2026-06-15T07:07:30+05:30,2026-06-15T07:07:33+05:30
P-0000745,V-03,5,19.170592,72.952775,33.5,2026-06-15T07:07:40+05:30,2026-06-15T07:07:42+05:30
P-0000746,V-03,5,19.170693,72.952278,25.7,2026-06-15T07:07:50+05:30,2026-06-15T07:07:51+05:30
P-0000747,V-03,5,19.170472,72.952163,27.1,2026-06-15T07:08:00+05:30,2026-06-15T07:08:04+05:30
P-0000748,V-03,5,19.170369,72.951882,31.0,2026-06-15T07:08:10+05:30,2026-06-15T07:08:13+05:30
P-0000749,V-03,5,19.170581,72.951632,27.4,2026-06-15T07:08:20+05:30,2026-06-15T07:08:21+05:30
P-0000750,V-03,5,19.170378,72.951138,24.3,2026-06-15T07:08:30+05:30,2026-06-15T07:08:33+05:30
P-0000751,V-03,5,19.169954,72.951071,28.5,2026-06-15T07:08:40+05:30,2026-06-15T07:08:42+05:30
P-0000752,V-03,5,19.170173,72.950939,26.4,2026-06-15T07:08:50+05:30,2026-06-15T07:08:52+05:30
P-0000753,V-03,5,19.169756,72.950729,32.9,2026-06-15T07:09:00+05:30,2026-06-15T07:09:04+05:30
P-0000754,V-03,5,19.169649,72.950175,31.3,2026-06-15T07:09:10+05:30,2026-06-15T07:09:15+05:30
P-0000755,V-03,5,19.16983,72.950257,24.7,2026-06-15T07:09:20+05:30,2026-06-15T07:09:22+05:30
P-0000756,V-03,5,19.169841,72.949868,24.5,2026-06-15T07:09:30+05:30,2026-06-15T07:09:34+05:30
P-0000757,V-03,5,19.169417,72.949445,30.7,2026-06-15T07:09:40+05:30,2026-06-15T07:09:41+05:30
P-0000758,V-03,5,19.169591,72.949482,26.1,2026-06-15T07:09:50+05:30,2026-06-15T07:09:51+05:30
P-0000759,V-03,5,19.169049,72.949,22.6,2026-06-15T07:10:00+05:30,2026-06-15T07:10:02+05:30
P-0000760,V-03,5,19.169214,72.948801,33.4,2026-06-15T07:10:10+05:30,2026-06-15T07:10:16+05:30
P-0000761,V-03,5,19.16921,72.948489,23.1,2026-06-15T07:10:20+05:30,2026-06-15T07:10:22+05:30
P-0000762,V-03,5,19.168765,72.948229,26.1,2026-06-15T07:10:30+05:30,2026-06-15T07:10:34+05:30
P-0000763,V-03,5,19.168941,72.948194,27.8,2026-06-15T07:10:40+05:30,2026-06-15T07:10:44+05:30
P-0000764,V-03,5,19.168481,72.947688,30.8,2026-06-15T07:10:50+05:30,2026-06-15T07:10:56+05:30
P-0000765,V-03,5,19.168685,72.947569,29.2,2026-06-15T07:11:00+05:30,2026-06-15T07:11:04+05:30
P-0000766,V-03,5,19.168623,72.947273,25.8,2026-06-15T07:11:10+05:30,2026-06-15T07:11:13+05:30
P-0000767,V-03,5,19.168455,72.947125,29.5,2026-06-15T07:11:20+05:30,2026-06-15T07:11:22+05:30
P-0000768,V-03,5,19.168438,72.946934,32.6,2026-06-15T07:11:30+05:30,2026-06-15T07:11:32+05:30
P-0000769,V-03,5,19.168102,72.94658,23.1,2026-06-15T07:11:40+05:30,2026-06-15T07:11:41+05:30
P-0000770,V-03,5,19.168212,72.946152,22.4,2026-06-15T07:11:50+05:30,2026-06-15T07:11:52+05:30
P-0000771,V-03,5,19.167814,72.94594,32.2,2026-06-15T07:12:00+05:30,2026-06-15T07:12:05+05:30
P-0000772,V-03,5,19.167657,72.945625,26.4,2026-06-15T07:12:10+05:30,2026-06-15T07:12:13+05:30
P-0000773,V-03,5,19.167566,72.945233,31.0,2026-06-15T07:12:20+05:30,2026-06-15T07:12:21+05:30
P-0000774,V-03,5,19.167405,72.945087,26.3,2026-06-15T07:12:30+05:30,2026-06-15T07:12:36+05:30
P-0000775,V-03,5,19.167565,72.94504,31.0,2026-06-15T07:12:40+05:30,2026-06-15T07:12:43+05:30
P-0000776,V-03,5,19.167085,72.944546,25.5,2026-06-15T07:12:50+05:30,2026-06-15T07:12:56+05:30
P-0000777,V-03,5,19.167035,72.944533,27.0,2026-06-15T07:13:00+05:30,2026-06-15T07:13:06+05:30
P-0000778,V-03,5,19.166982,72.944419,24.4,2026-06-15T07:13:10+05:30,2026-06-15T07:13:14+05:30
P-0000779,V-03,5,19.166897,72.944056,25.4,2026-06-15T07:13:20+05:30,2026-06-15T07:13:24+05:30
P-0000780,V-03,5,19.166422,72.943731,24.1,2026-06-15T07:13:30+05:30,2026-06-15T07:13:35+05:30
P-0000781,V-03,5,19.16621,72.94377,22.6,2026-06-15T07:13:40+05:30,2026-06-15T07:13:43+05:30
P-0000782,V-03,5,19.16619,72.943212,22.6,2026-06-15T07:13:50+05:30,2026-06-15T07:13:55+05:30
P-0000783,V-03,5,19.166153,72.942946,29.4,2026-06-15T07:14:00+05:30,2026-06-15T07:14:04+05:30
P-0000784,V-03,5,19.165753,72.942872,21.6,2026-06-15T07:14:10+05:30,2026-06-15T07:14:12+05:30
P-0000785,V-03,5,19.165557,72.9427,28.4,2026-06-15T07:14:20+05:30,2026-06-15T07:14:21+05:30
P-0000786,V-03,5,19.165725,72.942227,26.9,2026-06-15T07:14:30+05:30,2026-06-15T07:14:34+05:30
P-0000787,V-03,5,19.165397,72.941989,19.6,2026-06-15T07:14:40+05:30,2026-06-15T07:14:42+05:30
P-0000788,V-03,5,19.165016,72.941949,24.7,2026-06-15T07:14:50+05:30,2026-06-15T07:14:54+05:30
P-0000789,V-03,5,19.165119,72.941538,30.4,2026-06-15T07:15:00+05:30,2026-06-15T07:15:04+05:30
P-0000790,V-03,5,19.164733,72.941677,20.1,2026-06-15T07:15:10+05:30,2026-06-15T07:15:11+05:30
P-0000791,V-03,5,19.164831,72.941087,21.4,2026-06-15T07:15:20+05:30,2026-06-15T07:15:25+05:30
P-0000792,V-03,5,19.164586,72.94131,25.5,2026-06-15T07:15:30+05:30,2026-06-15T07:15:34+05:30
P-0000793,V-03,5,19.164148,72.941032,26.1,2026-06-15T07:15:40+05:30,2026-06-15T07:15:45+05:30
P-0000794,V-03,5,19.164277,72.94044,26.4,2026-06-15T07:15:50+05:30,2026-06-15T07:15:51+05:30
P-0000795,V-03,5,19.164023,72.940197,28.6,2026-06-15T07:16:00+05:30,2026-06-15T07:16:03+05:30
P-0000796,V-03,5,19.163898,72.940393,19.1,2026-06-15T07:16:10+05:30,2026-06-15T07:16:11+05:30
P-0000797,V-03,5,19.163919,72.940093,29.4,2026-06-15T07:16:20+05:30,2026-06-15T07:16:23+05:30
P-0000798,V-03,5,19.163642,72.939731,25.7,2026-06-15T07:16:30+05:30,2026-06-15T07:16:32+05:30
P-0000799,V-03,5,19.163255,72.939598,25.3,2026-06-15T07:16:40+05:30,2026-06-15T07:16:44+05:30
P-0000800,V-03,5,19.163197,72.939323,27.3,2026-06-15T07:16:50+05:30,2026-06-15T07:16:55+05:30
P-0000801,V-03,5,19.163083,72.939174,20.0,2026-06-15T07:17:00+05:30,2026-06-15T07:17:06+05:30
P-0000802,V-03,5,19.162655,72.939023,20.3,2026-06-15T07:17:10+05:30,2026-06-15T07:17:11+05:30
P-0000803,V-03,5,19.162484,72.938562,21.6,2026-06-15T07:17:20+05:30,2026-06-15T07:17:23+05:30
P-0000804,V-03,5,19.162707,72.938423,18.0,2026-06-15T07:17:30+05:30,2026-06-15T07:17:34+05:30
P-0000805,V-03,5,19.162433,72.93799,19.0,2026-06-15T07:17:40+05:30,2026-06-15T07:17:42+05:30
P-0000806,V-03,5,19.162059,72.937866,18.8,2026-06-15T07:17:50+05:30,2026-06-15T07:17:56+05:30
P-0000807,V-03,5,19.161878,72.937592,25.2,2026-06-15T07:18:00+05:30,2026-06-15T07:18:04+05:30
P-0000808,V-03,5,19.16157,72.937403,21.9,2026-06-15T07:18:10+05:30,2026-06-15T07:18:12+05:30
P-0000809,V-03,5,19.161386,72.937497,25.4,2026-06-15T07:18:20+05:30,2026-06-15T07:18:25+05:30
P-0000810,V-03,5,19.161468,72.936891,24.9,2026-06-15T07:18:30+05:30,2026-06-15T07:18:34+05:30
P-0000811,V-03,5,19.161342,72.936863,26.9,2026-06-15T07:18:40+05:30,2026-06-15T07:18:41+05:30
P-0000812,V-03,5,19.160961,72.936816,24.5,2026-06-15T07:18:50+05:30,2026-06-15T07:18:54+05:30
P-0000813,V-03,5,19.160753,72.936268,28.7,2026-06-15T07:19:00+05:30,2026-06-15T07:19:04+05:30
P-0000814,V-03,5,19.160931,72.936174,25.0,2026-06-15T07:19:10+05:30,2026-06-15T07:19:15+05:30
P-0000815,V-03,5,19.160802,72.936031,27.4,2026-06-15T07:19:20+05:30,2026-06-15T07:19:21+05:30
P-0000816,V-03,5,19.160409,72.935755,25.9,2026-06-15T07:19:30+05:30,2026-06-15T07:19:36+05:30
P-0000817,V-03,5,19.160187,72.935514,19.8,2026-06-15T07:19:40+05:30,2026-06-15T07:19:41+05:30
P-0000818,V-03,5,19.159828,72.9353,24.3,2026-06-15T07:19:50+05:30,2026-06-15T07:19:53+05:30
P-0000819,V-03,5,19.159719,72.935201,18.3,2026-06-15T07:20:00+05:30,2026-06-15T07:20:05+05:30
P-0000820,V-03,5,19.159575,72.935034,19.0,2026-06-15T07:20:10+05:30,2026-06-15T07:20:12+05:30
P-0000821,V-03,5,19.159692,72.934572,25.1,2026-06-15T07:20:20+05:30,2026-06-15T07:20:21+05:30
P-0000822,V-03,5,19.159413,72.934541,27.8,2026-06-15T07:20:30+05:30,2026-06-15T07:20:32+05:30
P-0000823,V-03,5,19.159352,72.934145,25.1,2026-06-15T07:20:40+05:30,2026-06-15T07:20:42+05:30
P-0000824,V-03,5,19.159079,72.934158,19.2,2026-06-15T07:20:50+05:30,2026-06-15T07:20:56+05:30
P-0000825,V-03,5,19.158698,72.933654,23.0,2026-06-15T07:21:00+05:30,2026-06-15T07:21:04+05:30
P-0000826,V-03,5,19.158523,72.933423,19.1,2026-06-15T07:21:10+05:30,2026-06-15T07:21:14+05:30
P-0000827,V-03,5,19.158636,72.933461,18.8,2026-06-15T07:21:20+05:30,2026-06-15T07:21:21+05:30
P-0000828,V-03,5,19.158157,72.932859,23.3,2026-06-15T07:21:30+05:30,2026-06-15T07:21:35+05:30
P-0000829,V-03,5,19.158381,72.932743,25.4,2026-06-15T07:21:40+05:30,2026-06-15T07:21:42+05:30
P-0000830,V-03,5,19.158213,72.932719,24.1,2026-06-15T07:21:50+05:30,2026-06-15T07:21:52+05:30
P-0000831,V-03,5,19.157601,72.9323,25.9,2026-06-15T07:22:00+05:30,2026-06-15T07:22:05+05:30
P-0000832,V-03,5,19.157604,72.93206,16.3,2026-06-15T07:22:10+05:30,2026-06-15T07:22:12+05:30
P-0000833,V-03,5,19.15725,72.931747,22.6,2026-06-15T07:22:20+05:30,2026-06-15T07:22:23+05:30
P-0000834,V-03,5,19.157166,72.931786,26.4,2026-06-15T07:22:30+05:30,2026-06-15T07:22:36+05:30
P-0000835,V-03,5,19.157377,72.931391,16.8,2026-06-15T07:22:40+05:30,2026-06-15T07:22:46+05:30
P-0000836,V-03,5,19.157161,72.931369,23.4,2026-06-15T07:22:50+05:30,2026-06-15T07:22:52+05:30
P-0000837,V-03,5,19.156992,72.93122,15.7,2026-06-15T07:23:00+05:30,2026-06-15T07:23:03+05:30
P-0000838,V-03,5,19.156657,72.930567,22.3,2026-06-15T07:23:10+05:30,2026-06-15T07:23:13+05:30
P-0000839,V-03,5,19.156537,72.930737,16.0,2026-06-15T07:23:20+05:30,2026-06-15T07:23:25+05:30
P-0000840,V-03,5,19.156157,72.930428,21.2,2026-06-15T07:23:30+05:30,2026-06-15T07:23:31+05:30
P-0000841,V-03,5,19.155927,72.929887,15.5,2026-06-15T07:23:40+05:30,2026-06-15T07:23:46+05:30
P-0000842,V-03,5,19.155747,72.93011,24.2,2026-06-15T07:23:50+05:30,2026-06-15T07:23:54+05:30
P-0000843,V-03,5,19.155483,72.929744,24.5,2026-06-15T07:24:00+05:30,2026-06-15T07:24:04+05:30
P-0000844,V-03,5,19.155531,72.929538,25.7,2026-06-15T07:24:10+05:30,2026-06-15T07:24:15+05:30
P-0000845,V-03,5,19.155131,72.929674,24.6,2026-06-15T07:24:20+05:30,2026-06-15T07:24:21+05:30
P-0000846,V-03,5,19.155139,72.929349,19.8,2026-06-15T07:24:30+05:30,2026-06-15T07:24:33+05:30
P-0000847,V-03,5,19.154962,72.928923,16.3,2026-06-15T07:24:40+05:30,2026-06-15T07:24:46+05:30
P-0000848,V-03,5,19.154327,72.928936,25.9,2026-06-15T07:24:50+05:30,2026-06-15T07:24:54+05:30
P-0000849,V-03,5,19.154296,72.92901,23.6,2026-06-15T07:25:00+05:30,2026-06-15T07:25:01+05:30
P-0000850,V-03,5,19.153926,72.928735,20.1,2026-06-15T07:25:10+05:30,2026-06-15T07:25:13+05:30
P-0000851,V-03,5,19.153976,72.928691,26.0,2026-06-15T07:25:20+05:30,2026-06-15T07:25:24+05:30
P-0000852,V-03,5,19.153595,72.928466,18.2,2026-06-15T07:25:30+05:30,2026-06-15T07:25:31+05:30
P-0000853,V-03,5,19.153533,72.928074,24.3,2026-06-15T07:25:40+05:30,2026-06-15T07:25:46+05:30
P-0000854,V-03,5,19.153011,72.927992,18.5,2026-06-15T07:25:50+05:30,2026-06-15T07:25:54+05:30
P-0000855,V-03,5,19.1527,72.927838,24.3,2026-06-15T07:26:00+05:30,2026-06-15T07:26:04+05:30
P-0000856,V-03,5,19.152718,72.927903,16.7,2026-06-15T07:26:10+05:30,2026-06-15T07:26:11+05:30
P-0000857,V-03,5,19.152218,72.927547,20.2,2026-06-15T07:26:20+05:30,2026-06-15T07:26:21+05:30
P-0000858,V-03,5,19.152044,72.927558,19.7,2026-06-15T07:26:30+05:30,2026-06-15T07:26:34+05:30
P-0000859,V-03,5,19.152218,72.926942,18.9,2026-06-15T07:26:40+05:30,2026-06-15T07:26:46+05:30
P-0000860,V-03,5,19.151706,72.927233,24.5,2026-06-15T07:26:50+05:30,2026-06-15T07:26:56+05:30
P-0000861,V-03,5,19.151744,72.926772,15.3,2026-06-15T07:27:00+05:30,2026-06-15T07:27:01+05:30
P-0000862,V-03,5,19.151176,72.926497,25.3,2026-06-15T07:27:10+05:30,2026-06-15T07:27:12+05:30
P-0000863,V-03,5,19.151145,72.92672,22.7,2026-06-15T07:27:20+05:30,2026-06-15T07:27:23+05:30
P-0000864,V-03,5,19.150994,72.926398,20.1,2026-06-15T07:27:30+05:30,2026-06-15T07:27:33+05:30
P-0000865,V-03,5,19.150741,72.926423,18.8,2026-06-15T07:27:40+05:30,2026-06-15T07:27:43+05:30
P-0000866,V-03,5,19.150486,72.925893,23.4,2026-06-15T07:27:50+05:30,2026-06-15T07:27:51+05:30
P-0000867,V-03,5,19.149963,72.926008,23.9,2026-06-15T07:28:00+05:30,2026-06-15T07:28:03+05:30
P-0000868,V-03,5,19.150101,72.925573,19.7,2026-06-15T07:28:10+05:30,2026-06-15T07:28:12+05:30
P-0000869,V-03,5,19.149909,72.925589,17.9,2026-06-15T07:28:20+05:30,2026-06-15T07:28:23+05:30
P-0000870,V-03,5,19.149515,72.925289,16.5,2026-06-15T07:28:30+05:30,2026-06-15T07:28:33+05:30
P-0000871,V-03,5,19.149336,72.924985,17.2,2026-06-15T07:28:40+05:30,2026-06-15T07:28:45+05:30
P-0000872,V-03,5,19.148871,72.925068,13.8,2026-06-15T07:28:50+05:30,2026-06-15T07:28:51+05:30
P-0000873,V-03,5,19.148748,72.924651,21.2,2026-06-15T07:29:00+05:30,2026-06-15T07:29:02+05:30
P-0000874,V-03,5,19.148733,72.924572,21.8,2026-06-15T07:29:10+05:30,2026-06-15T07:29:14+05:30
P-0000875,V-03,5,19.148097,72.924515,23.1,2026-06-15T07:29:20+05:30,2026-06-15T07:29:26+05:30
P-0000876,V-03,5,19.148172,72.924238,20.1,2026-06-15T07:29:30+05:30,2026-06-15T07:29:34+05:30
P-0000877,V-03,5,19.147693,72.924349,22.1,2026-06-15T07:29:40+05:30,2026-06-15T07:29:46+05:30
P-0000878,V-03,5,19.147492,72.923855,18.1,2026-06-15T07:29:50+05:30,2026-06-15T07:29:56+05:30
P-0000879,V-03,5,19.147271,72.923936,14.1,2026-06-15T07:30:00+05:30,2026-06-15T07:30:04+05:30
P-0000880,V-03,5,19.147061,72.923872,17.3,2026-06-15T07:30:10+05:30,2026-06-15T07:30:13+05:30
P-0000881,V-03,5,19.146771,72.923802,15.6,2026-06-15T07:30:20+05:30,2026-06-15T07:30:21+05:30
P-0000882,V-03,5,19.146628,72.923385,16.1,2026-06-15T07:30:30+05:30,2026-06-15T07:30:36+05:30
P-0000883,V-03,5,19.146287,72.923438,12.9,2026-06-15T07:30:40+05:30,2026-06-15T07:30:41+05:30
P-0000884,V-03,5,19.146195,72.923292,13.1,2026-06-15T07:30:50+05:30,2026-06-15T07:30:56+05:30
P-0000885,V-03,5,19.145907,72.92273,19.6,2026-06-15T07:31:00+05:30,2026-06-15T07:31:05+05:30
P-0000886,V-03,5,19.14564,72.92259,18.9,2026-06-15T07:31:10+05:30,2026-06-15T07:31:16+05:30
P-0000887,V-03,5,19.145684,72.922517,21.0,2026-06-15T07:31:20+05:30,2026-06-15T07:31:24+05:30
P-0000888,V-03,5,19.145349,72.922224,24.1,2026-06-15T07:31:30+05:30,2026-06-15T07:31:31+05:30
P-0000889,V-03,5,19.145375,72.921992,14.4,2026-06-15T07:31:40+05:30,2026-06-15T07:31:42+05:30
P-0000890,V-03,5,19.145074,72.921618,24.1,2026-06-15T07:31:50+05:30,2026-06-15T07:31:51+05:30
P-0000891,V-03,5,19.145262,72.921727,18.9,2026-06-15T07:32:00+05:30,2026-06-15T07:32:01+05:30
P-0000892,V-03,5,19.145081,72.921274,23.6,2026-06-15T07:32:10+05:30,2026-06-15T07:32:14+05:30
P-0000893,V-03,5,19.144964,72.921216,18.8,2026-06-15T07:32:20+05:30,2026-06-15T07:32:21+05:30
P-0000894,V-03,5,19.144649,72.920796,16.3,2026-06-15T07:32:30+05:30,2026-06-15T07:32:31+05:30
P-0000895,V-03,5,19.144319,72.920387,23.6,2026-06-15T07:32:40+05:30,2026-06-15T07:32:45+05:30
P-0000896,V-03,5,19.1444,72.920193,23.7,2026-06-15T07:32:50+05:30,2026-06-15T07:32:54+05:30
P-0000897,V-03,5,19.14423,72.920241,21.2,2026-06-15T07:33:00+05:30,2026-06-15T07:33:01+05:30
P-0000898,V-03,5,19.144322,72.919689,15.5,2026-06-15T07:33:10+05:30,2026-06-15T07:33:15+05:30
P-0000899,V-03,5,19.143928,72.91977,16.7,2026-06-15T07:33:20+05:30,2026-06-15T07:33:25+05:30
P-0000900,V-03,5,19.143969,72.919369,15.4,2026-06-15T07:33:30+05:30,2026-06-15T07:33:32+05:30
P-0000901,V-03,5,19.143713,72.918944,21.1,2026-06-15T07:33:40+05:30,2026-06-15T07:33:44+05:30
P-0000902,V-03,5,19.143634,72.919104,23.4,2026-06-15T07:33:50+05:30,2026-06-15T07:33:53+05:30
P-0000903,V-03,5,19.143326,72.918427,15.6,2026-06-15T07:34:00+05:30,2026-06-15T07:34:05+05:30
P-0000904,V-03,5,19.143001,72.918439,17.3,2026-06-15T07:34:10+05:30,2026-06-15T07:34:14+05:30
P-0000905,V-03,5,19.143067,72.918078,21.5,2026-06-15T07:34:20+05:30,2026-06-15T07:34:26+05:30
P-0000906,V-03,5,19.143103,72.91809,14.9,2026-06-15T07:34:30+05:30,2026-06-15T07:34:34+05:30
P-0000907,V-03,5,19.143037,72.917623,14.6,2026-06-15T07:34:40+05:30,2026-06-15T07:34:42+05:30
P-0000908,V-03,5,19.142534,72.917543,20.3,2026-06-15T07:34:50+05:30,2026-06-15T07:34:56+05:30
P-0000909,V-03,5,19.142468,72.916996,17.2,2026-06-15T07:35:00+05:30,2026-06-15T07:35:03+05:30
P-0000910,V-03,5,19.142385,72.916955,16.6,2026-06-15T07:35:10+05:30,2026-06-15T07:35:11+05:30
P-0000911,V-03,5,19.142182,72.916593,22.9,2026-06-15T07:35:20+05:30,2026-06-15T07:35:21+05:30
P-0000912,V-03,5,19.142202,72.916554,17.0,2026-06-15T07:35:30+05:30,2026-06-15T07:35:33+05:30
P-0000913,V-03,5,19.141891,72.916011,19.5,2026-06-15T07:35:40+05:30,2026-06-15T07:35:43+05:30
P-0000914,V-03,5,19.141595,72.91612,23.4,2026-06-15T07:35:50+05:30,2026-06-15T07:35:52+05:30
P-0000915,V-03,5,19.141687,72.915786,16.1,2026-06-15T07:36:00+05:30,2026-06-15T07:36:06+05:30
P-0000916,V-03,5,19.141699,72.915457,21.4,2026-06-15T07:36:10+05:30,2026-06-15T07:36:13+05:30
P-0000917,V-03,5,19.1416,72.915006,15.6,2026-06-15T07:36:20+05:30,2026-06-15T07:36:25+05:30
P-0000918,V-03,5,19.141442,72.914841,18.0,2026-06-15T07:36:30+05:30,2026-06-15T07:36:35+05:30
P-0000919,V-03,5,19.141264,72.914875,23.5,2026-06-15T07:36:40+05:30,2026-06-15T07:36:44+05:30
P-0000920,V-03,5,19.14082,72.91462,16.1,2026-06-15T07:36:50+05:30,2026-06-15T07:36:52+05:30
P-0000921,V-03,5,19.141029,72.914274,22.3,2026-06-15T07:37:00+05:30,2026-06-15T07:37:03+05:30
P-0000922,V-03,5,19.140605,72.914193,20.3,2026-06-15T07:37:10+05:30,2026-06-15T07:37:13+05:30
P-0000923,V-03,5,19.140318,72.91397,16.4,2026-06-15T07:37:20+05:30,2026-06-15T07:37:21+05:30
P-0000924,V-03,5,19.140512,72.913381,14.5,2026-06-15T07:37:30+05:30,2026-06-15T07:37:34+05:30
P-0000925,V-03,5,19.140017,72.91337,17.0,2026-06-15T07:37:40+05:30,2026-06-15T07:37:46+05:30
P-0000926,V-03,5,19.140088,72.912821,20.0,2026-06-15T07:37:50+05:30,2026-06-15T07:37:53+05:30
P-0000927,V-03,5,19.13983,72.912919,12.8,2026-06-15T07:38:00+05:30,2026-06-15T07:38:02+05:30
P-0000928,V-03,5,19.140022,72.912364,20.5,2026-06-15T07:38:10+05:30,2026-06-15T07:38:12+05:30
P-0000929,V-03,5,19.139395,72.912526,17.5,2026-06-15T07:38:20+05:30,2026-06-15T07:38:21+05:30
P-0000930,V-03,5,19.13952,72.91191,14.0,2026-06-15T07:38:30+05:30,2026-06-15T07:38:32+05:30
P-0000931,V-03,5,19.139325,72.911988,16.6,2026-06-15T07:38:40+05:30,2026-06-15T07:38:41+05:30
P-0000932,V-03,5,19.13932,72.911456,19.9,2026-06-15T07:38:50+05:30,2026-06-15T07:38:56+05:30
P-0000933,V-03,5,19.139254,72.911173,12.6,2026-06-15T07:39:00+05:30,2026-06-15T07:39:01+05:30
P-0000934,V-03,5,19.138743,72.911127,14.2,2026-06-15T07:39:10+05:30,2026-06-15T07:39:13+05:30
P-0000935,V-03,5,19.139017,72.911031,22.0,2026-06-15T07:39:20+05:30,2026-06-15T07:39:24+05:30
P-0000936,V-03,5,19.138743,72.910749,14.8,2026-06-15T07:39:30+05:30,2026-06-15T07:39:33+05:30
P-0000937,V-03,5,19.138271,72.910487,13.3,2026-06-15T07:39:40+05:30,2026-06-15T07:39:42+05:30
P-0000938,V-03,5,19.138176,72.909904,16.7,2026-06-15T07:39:50+05:30,2026-06-15T07:39:54+05:30
P-0000939,V-03,5,19.138041,72.90966,18.5,2026-06-15T07:40:00+05:30,2026-06-15T07:40:01+05:30
P-0000940,V-03,5,19.137885,72.909485,12.4,2026-06-15T07:40:10+05:30,2026-06-15T07:40:15+05:30
P-0000941,V-03,5,19.13787,72.909301,23.0,2026-06-15T07:40:20+05:30,2026-06-15T07:40:23+05:30
P-0000942,V-03,5,19.13776,72.909026,16.1,2026-06-15T07:40:30+05:30,2026-06-15T07:40:35+05:30
P-0000943,V-03,5,19.137572,72.908764,21.0,2026-06-15T07:40:40+05:30,2026-06-15T07:40:41+05:30
P-0000944,V-03,5,19.137239,72.908672,20.4,2026-06-15T07:40:50+05:30,2026-06-15T07:40:56+05:30
P-0000945,V-03,5,19.137176,72.908673,13.1,2026-06-15T07:41:00+05:30,2026-06-15T07:41:01+05:30
P-0000946,V-03,5,19.137158,72.908022,17.2,2026-06-15T07:41:10+05:30,2026-06-15T07:41:16+05:30
P-0000947,V-03,5,19.137,72.9077,13.1,2026-06-15T07:41:20+05:30,2026-06-15T07:41:21+05:30
P-0000948,V-03,5,19.137055,72.907582,14.9,2026-06-15T07:41:30+05:30,2026-06-15T07:41:34+05:30
P-0000949,V-03,5,19.136869,72.907682,21.4,2026-06-15T07:41:40+05:30,2026-06-15T07:41:44+05:30
P-0000950,V-03,5,19.136768,72.907072,18.5,2026-06-15T07:41:50+05:30,2026-06-15T07:41:55+05:30
P-0000951,V-03,5,19.136492,72.907129,17.5,2026-06-15T07:42:00+05:30,2026-06-15T07:42:02+05:30
P-0000952,V-03,5,19.136445,72.906724,23.6,2026-06-15T07:42:10+05:30,2026-06-15T07:42:12+05:30
P-0000953,V-03,5,19.136388,72.906288,21.6,2026-06-15T07:42:20+05:30,2026-06-15T07:42:23+05:30
P-0000954,V-03,5,19.135768,72.906518,18.8,2026-06-15T07:42:30+05:30,2026-06-15T07:42:35+05:30
P-0000955,V-03,5,19.135671,72.906144,24.1,2026-06-15T07:42:40+05:30,2026-06-15T07:42:46+05:30
P-0000956,V-03,5,19.135775,72.905963,20.1,2026-06-15T07:42:50+05:30,2026-06-15T07:42:53+05:30
P-0000957,V-03,5,19.135721,72.905789,16.2,2026-06-15T07:43:00+05:30,2026-06-15T07:43:04+05:30
P-0000958,V-03,5,19.135341,72.905378,16.7,2026-06-15T07:43:10+05:30,2026-06-15T07:43:11+05:30
P-0000959,V-03,5,19.135466,72.90493,16.8,2026-06-15T07:43:20+05:30,2026-06-15T07:43:22+05:30
P-0000960,V-03,5,19.135326,72.904638,21.4,2026-06-15T07:43:30+05:30,2026-06-15T07:43:36+05:30
P-0000961,V-03,5,19.135015,72.904816,16.9,2026-06-15T07:43:40+05:30,2026-06-15T07:43:44+05:30
P-0000962,V-03,5,19.134681,72.904128,23.1,2026-06-15T07:43:50+05:30,2026-06-15T07:43:55+05:30
P-0000963,V-03,5,19.134476,72.903979,23.5,2026-06-15T07:44:00+05:30,2026-06-15T07:44:05+05:30
P-0000964,V-03,5,19.134491,72.904013,23.6,2026-06-15T07:44:10+05:30,2026-06-15T07:44:11+05:30
P-0000965,V-03,5,19.134289,72.903825,13.8,2026-06-15T07:44:20+05:30,2026-06-15T07:44:25+05:30
P-0000966,V-03,5,19.134205,72.903523,23.9,2026-06-15T07:44:30+05:30,2026-06-15T07:44:36+05:30
P-0000967,V-03,5,19.134288,72.903118,15.6,2026-06-15T07:44:40+05:30,2026-06-15T07:44:44+05:30
P-0000968,V-03,5,19.133984,72.902852,19.9,2026-06-15T07:44:50+05:30,2026-06-15T07:44:56+05:30
P-0000969,V-03,5,19.133735,72.902549,14.2,2026-06-15T07:45:00+05:30,2026-06-15T07:45:06+05:30
P-0000970,V-03,5,19.133677,72.902363,25.2,2026-06-15T07:45:10+05:30,2026-06-15T07:45:13+05:30
P-0000971,V-03,5,19.13361,72.902432,17.5,2026-06-15T07:45:20+05:30,2026-06-15T07:45:23+05:30
P-0000972,V-03,5,19.1334,72.901948,13.8,2026-06-15T07:45:30+05:30,2026-06-15T07:45:31+05:30
P-0000973,V-03,5,19.133353,72.901949,19.7,2026-06-15T07:45:40+05:30,2026-06-15T07:45:42+05:30
P-0000974,V-03,5,19.132826,72.901312,22.6,2026-06-15T07:45:50+05:30,2026-06-15T07:45:52+05:30
P-0000975,V-03,5,19.132635,72.901193,16.0,2026-06-15T07:46:00+05:30,2026-06-15T07:46:05+05:30
P-0000976,V-03,5,19.132458,72.901271,14.7,2026-06-15T07:46:10+05:30,2026-06-15T07:46:13+05:30
P-0000977,V-03,5,19.132482,72.901033,19.0,2026-06-15T07:46:20+05:30,2026-06-15T07:46:24+05:30
P-0000978,V-03,5,19.132635,72.900448,15.7,2026-06-15T07:46:30+05:30,2026-06-15T07:46:35+05:30
P-0000979,V-03,5,19.132485,72.900529,16.5,2026-06-15T07:46:40+05:30,2026-06-15T07:46:41+05:30
P-0000980,V-03,5,19.132072,72.900199,17.6,2026-06-15T07:46:50+05:30,2026-06-15T07:46:51+05:30
P-0000981,V-03,5,19.132106,72.899701,22.8,2026-06-15T07:47:00+05:30,2026-06-15T07:47:04+05:30
P-0000982,V-03,5,19.131768,72.899658,18.6,2026-06-15T07:47:10+05:30,2026-06-15T07:47:12+05:30
P-0000983,V-03,5,19.131729,72.899603,20.1,2026-06-15T07:47:20+05:30,2026-06-15T07:47:22+05:30
P-0000984,V-03,5,19.131521,72.899062,16.2,2026-06-15T07:47:30+05:30,2026-06-15T07:47:35+05:30
P-0000985,V-03,5,19.131299,72.899047,20.4,2026-06-15T07:47:40+05:30,2026-06-15T07:47:46+05:30
P-0000986,V-03,5,19.13111,72.898562,16.1,2026-06-15T07:47:50+05:30,2026-06-15T07:47:56+05:30
P-0000987,V-03,5,19.130868,72.898176,24.8,2026-06-15T07:48:00+05:30,2026-06-15T07:48:02+05:30
P-0000988,V-03,5,19.13064,72.898401,25.4,2026-06-15T07:48:10+05:30,2026-06-15T07:48:14+05:30
P-0000989,V-03,5,19.130783,72.897861,24.8,2026-06-15T07:48:20+05:30,2026-06-15T07:48:26+05:30
P-0000990,V-03,5,19.130796,72.897705,15.2,2026-06-15T07:48:30+05:30,2026-06-15T07:48:36+05:30
P-0000991,V-03,5,19.130535,72.897687,26.2,2026-06-15T07:48:40+05:30,2026-06-15T07:48:43+05:30
P-0000992,V-03,5,19.130004,72.897219,21.7,2026-06-15T07:48:50+05:30,2026-06-15T07:48:52+05:30
P-0000993,V-03,5,19.129815,72.897108,18.6,2026-06-15T07:49:00+05:30,2026-06-15T07:49:02+05:30
P-0000994,V-03,5,19.129748,72.896912,23.7,2026-06-15T07:49:10+05:30,2026-06-15T07:49:15+05:30
P-0000995,V-03,5,19.129741,72.896487,16.2,2026-06-15T07:49:20+05:30,2026-06-15T07:49:23+05:30
P-0000996,V-03,5,19.129557,72.896443,26.7,2026-06-15T07:49:30+05:30,2026-06-15T07:49:34+05:30
P-0000997,V-03,5,19.12911,72.896272,22.5,2026-06-15T07:49:40+05:30,2026-06-15T07:49:42+05:30
P-0000998,V-03,5,19.128978,72.896103,26.6,2026-06-15T07:49:50+05:30,2026-06-15T07:49:52+05:30
P-0000999,V-03,5,19.129207,72.895576,23.8,2026-06-15T07:50:00+05:30,2026-06-15T07:50:01+05:30
P-0001000,V-03,5,19.12902,72.895693,25.7,2026-06-15T07:50:10+05:30,2026-06-15T07:50:16+05:30
P-0001001,V-03,5,19.128599,72.895197,23.0,2026-06-15T07:50:20+05:30,2026-06-15T07:50:26+05:30
P-0001002,V-03,5,19.128687,72.895197,16.1,2026-06-15T07:50:30+05:30,2026-06-15T07:50:35+05:30
P-0001003,V-03,5,19.128394,72.894799,21.3,2026-06-15T07:50:40+05:30,2026-06-15T07:50:44+05:30
P-0001004,V-03,5,19.128381,72.894382,16.6,2026-06-15T07:50:50+05:30,2026-06-15T07:50:55+05:30
P-0001005,V-03,5,19.12815,72.894412,22.0,2026-06-15T07:51:00+05:30,2026-06-15T07:51:02+05:30
P-0001006,V-03,5,19.127758,72.894364,21.0,2026-06-15T07:51:10+05:30,2026-06-15T07:51:11+05:30
P-0001007,V-03,5,19.127887,72.893851,26.7,2026-06-15T07:51:20+05:30,2026-06-15T07:51:23+05:30
P-0001008,V-03,5,19.127225,72.89345,19.2,2026-06-15T07:51:30+05:30,2026-06-15T07:51:32+05:30
P-0001009,V-03,5,19.127084,72.893365,19.6,2026-06-15T07:51:40+05:30,2026-06-15T07:51:46+05:30
P-0001010,V-03,5,19.127086,72.893281,21.1,2026-06-15T07:51:50+05:30,2026-06-15T07:51:55+05:30
P-0001011,V-03,5,19.127137,72.893122,20.9,2026-06-15T07:52:00+05:30,2026-06-15T07:52:01+05:30
P-0001012,V-03,5,19.126737,72.892589,27.3,2026-06-15T07:52:10+05:30,2026-06-15T07:52:11+05:30
P-0001013,V-03,5,19.12661,72.892699,27.0,2026-06-15T07:52:20+05:30,2026-06-15T07:52:26+05:30
P-0001014,V-03,5,19.126532,72.892239,27.1,2026-06-15T07:52:30+05:30,2026-06-15T07:52:36+05:30
P-0001015,V-03,5,19.126399,72.892277,18.4,2026-06-15T07:52:40+05:30,2026-06-15T07:52:42+05:30
P-0001016,V-03,5,19.125867,72.891645,17.2,2026-06-15T07:52:50+05:30,2026-06-15T07:52:55+05:30
P-0001017,V-03,5,19.126062,72.891558,19.9,2026-06-15T07:53:00+05:30,2026-06-15T07:53:01+05:30
P-0001018,V-03,5,19.125871,72.891472,20.4,2026-06-15T07:53:10+05:30,2026-06-15T07:53:15+05:30
P-0001019,V-03,5,19.125567,72.891362,19.3,2026-06-15T07:53:20+05:30,2026-06-15T07:53:25+05:30
P-0001020,V-03,5,19.125323,72.891094,17.2,2026-06-15T07:53:30+05:30,2026-06-15T07:53:35+05:30
P-0001021,V-03,5,19.124991,72.890927,25.5,2026-06-15T07:53:40+05:30,2026-06-15T07:53:41+05:30
P-0001022,V-03,5,19.124819,72.890579,22.6,2026-06-15T07:53:50+05:30,2026-06-15T07:53:52+05:30
P-0001023,V-03,5,19.125034,72.890218,21.4,2026-06-15T07:54:00+05:30,2026-06-15T07:54:03+05:30
P-0001024,V-03,5,19.124574,72.890048,19.6,2026-06-15T07:54:10+05:30,2026-06-15T07:54:12+05:30
P-0001025,V-03,5,19.124514,72.890012,28.6,2026-06-15T07:54:20+05:30,2026-06-15T07:54:22+05:30
P-0001026,V-03,5,19.124253,72.889535,29.0,2026-06-15T07:54:30+05:30,2026-06-15T07:54:36+05:30
P-0001027,V-03,5,19.124249,72.889208,27.5,2026-06-15T07:54:40+05:30,2026-06-15T07:54:42+05:30
P-0001028,V-03,5,19.123831,72.889283,22.0,2026-06-15T07:54:50+05:30,2026-06-15T07:54:56+05:30
P-0001029,V-03,5,19.123699,72.888868,18.1,2026-06-15T07:55:00+05:30,2026-06-15T07:55:05+05:30
P-0001030,V-03,5,19.123495,72.888698,22.4,2026-06-15T07:55:10+05:30,2026-06-15T07:55:15+05:30
P-0001031,V-03,5,19.123423,72.888471,28.6,2026-06-15T07:55:20+05:30,2026-06-15T07:55:22+05:30
P-0001032,V-03,5,19.123588,72.888323,28.2,2026-06-15T07:55:30+05:30,2026-06-15T07:55:35+05:30
P-0001033,V-03,5,19.123387,72.888014,23.8,2026-06-15T07:55:40+05:30,2026-06-15T07:55:46+05:30
P-0001034,V-03,5,19.122874,72.887957,27.6,2026-06-15T07:55:50+05:30,2026-06-15T07:55:56+05:30
P-0001035,V-03,5,19.122741,72.887688,19.1,2026-06-15T07:56:00+05:30,2026-06-15T07:56:06+05:30
P-0001036,V-03,5,19.122752,72.887563,22.3,2026-06-15T07:56:10+05:30,2026-06-15T07:56:11+05:30
P-0001037,V-03,5,19.122669,72.887119,21.7,2026-06-15T07:56:20+05:30,2026-06-15T07:56:22+05:30
P-0001038,V-03,5,19.122547,72.88698,29.3,2026-06-15T07:56:30+05:30,2026-06-15T07:56:31+05:30
P-0001039,V-03,5,19.122152,72.886514,27.2,2026-06-15T07:56:40+05:30,2026-06-15T07:56:46+05:30
P-0001040,V-03,5,19.122146,72.886484,24.6,2026-06-15T07:56:50+05:30,2026-06-15T07:56:51+05:30
P-0001041,V-03,5,19.121843,72.886285,29.5,2026-06-15T07:57:00+05:30,2026-06-15T07:57:01+05:30
P-0001042,V-03,5,19.121729,72.88592,26.0,2026-06-15T07:57:10+05:30,2026-06-15T07:57:12+05:30
P-0001043,V-03,5,19.121522,72.885969,30.2,2026-06-15T07:57:20+05:30,2026-06-15T07:57:22+05:30
P-0001044,V-03,5,19.121246,72.885828,29.9,2026-06-15T07:57:30+05:30,2026-06-15T07:57:35+05:30
P-0001045,V-03,5,19.121341,72.885218,28.6,2026-06-15T07:57:40+05:30,2026-06-15T07:57:42+05:30
P-0001046,V-03,5,19.120873,72.885311,25.5,2026-06-15T07:57:50+05:30,2026-06-15T07:57:53+05:30
P-0001047,V-03,5,19.120564,72.885192,30.7,2026-06-15T07:58:00+05:30,2026-06-15T07:58:02+05:30
P-0001048,V-03,5,19.120504,72.884702,20.4,2026-06-15T07:58:10+05:30,2026-06-15T07:58:14+05:30
P-0001049,V-03,5,19.120348,72.884626,30.5,2026-06-15T07:58:20+05:30,2026-06-15T07:58:25+05:30
P-0001050,V-03,5,19.120135,72.884376,21.6,2026-06-15T07:58:30+05:30,2026-06-15T07:58:35+05:30
P-0001051,V-03,5,19.119857,72.884124,20.7,2026-06-15T07:58:40+05:30,2026-06-15T07:58:42+05:30
P-0001052,V-03,5,19.119686,72.883638,20.4,2026-06-15T07:58:50+05:30,2026-06-15T07:58:56+05:30
P-0001053,V-03,5,19.119854,72.883489,30.5,2026-06-15T07:59:00+05:30,2026-06-15T07:59:03+05:30
P-0001054,V-03,5,19.119388,72.883307,27.3,2026-06-15T07:59:10+05:30,2026-06-15T07:59:16+05:30
P-0001055,V-03,5,19.119619,72.883193,24.6,2026-06-15T07:59:20+05:30,2026-06-15T07:59:26+05:30
P-0001056,V-03,5,19.119367,72.882807,29.6,2026-06-15T07:59:30+05:30,2026-06-15T07:59:36+05:30
P-0001057,V-03,5,19.119232,72.882751,23.8,2026-06-15T07:59:40+05:30,2026-06-15T07:59:43+05:30
P-0001058,V-03,5,19.118948,72.882391,25.8,2026-06-15T07:59:50+05:30,2026-06-15T07:59:56+05:30
P-0001059,V-03,5,19.118679,72.881997,32.4,2026-06-15T08:00:00+05:30,2026-06-15T08:00:04+05:30
P-0001060,V-03,5,19.118565,72.882023,31.5,2026-06-15T08:00:10+05:30,2026-06-15T08:00:15+05:30
P-0001061,V-03,5,19.118567,72.881808,26.3,2026-06-15T08:00:20+05:30,2026-06-15T08:00:21+05:30
P-0001062,V-03,5,19.118348,72.881323,25.7,2026-06-15T08:00:30+05:30,2026-06-15T08:00:31+05:30
P-0001063,V-03,5,19.11834,72.88122,22.4,2026-06-15T08:00:40+05:30,2026-06-15T08:00:46+05:30
P-0001064,V-03,5,19.11835,72.880944,32.1,2026-06-15T08:00:50+05:30,2026-06-15T08:00:52+05:30
P-0001065,V-03,5,19.118449,72.880703,25.8,2026-06-15T08:01:00+05:30,2026-06-15T08:01:01+05:30
P-0001066,V-03,5,19.118297,72.880514,26.3,2026-06-15T08:01:10+05:30,2026-06-15T08:01:15+05:30
P-0001067,V-03,5,19.118165,72.880046,27.2,2026-06-15T08:01:20+05:30,2026-06-15T08:01:21+05:30
P-0001068,V-03,5,19.118024,72.879996,26.9,2026-06-15T08:01:30+05:30,2026-06-15T08:01:33+05:30
P-0001069,V-03,5,19.118004,72.879307,26.1,2026-06-15T08:01:40+05:30,2026-06-15T08:01:42+05:30
P-0001070,V-03,5,19.117601,72.879458,32.5,2026-06-15T08:01:50+05:30,2026-06-15T08:01:54+05:30
P-0001071,V-03,5,19.117425,72.879141,30.6,2026-06-15T08:02:00+05:30,2026-06-15T08:02:02+05:30
P-0001072,V-03,5,19.117462,72.878888,23.8,2026-06-15T08:02:10+05:30,2026-06-15T08:02:12+05:30
P-0001073,V-03,5,19.117389,72.878449,30.4,2026-06-15T08:02:20+05:30,2026-06-15T08:02:24+05:30
P-0001074,V-03,5,19.117339,72.878509,34.2,2026-06-15T08:02:30+05:30,2026-06-15T08:02:31+05:30
P-0001075,V-03,5,19.116954,72.877889,30.5,2026-06-15T08:02:40+05:30,2026-06-15T08:02:46+05:30
P-0001076,V-03,5,19.117266,72.877499,33.0,2026-06-15T08:02:50+05:30,2026-06-15T08:02:52+05:30
P-0001077,V-03,5,19.117148,72.877584,25.4,2026-06-15T08:03:00+05:30,2026-06-15T08:03:01+05:30
P-0001078,V-03,5,19.117044,72.877002,31.4,2026-06-15T08:03:10+05:30,2026-06-15T08:03:15+05:30
P-0001079,V-03,5,19.116851,72.876935,25.1,2026-06-15T08:03:20+05:30,2026-06-15T08:03:23+05:30
P-0001080,V-03,5,19.1167,72.876915,30.8,2026-06-15T08:03:30+05:30,2026-06-15T08:03:31+05:30
P-0001081,V-03,5,19.116447,72.876424,26.4,2026-06-15T08:03:40+05:30,2026-06-15T08:03:44+05:30
P-0001082,V-03,5,19.116264,72.876274,32.3,2026-06-15T08:03:50+05:30,2026-06-15T08:03:54+05:30
P-0001083,V-03,5,19.116242,72.8757,28.0,2026-06-15T08:04:00+05:30,2026-06-15T08:04:06+05:30
P-0001084,V-03,5,19.115931,72.87591,29.4,2026-06-15T08:04:10+05:30,2026-06-15T08:04:11+05:30
P-0001085,V-03,5,19.115885,72.875243,32.0,2026-06-15T08:04:20+05:30,2026-06-15T08:04:22+05:30
P-0001086,V-03,5,19.116149,72.87502,26.1,2026-06-15T08:04:30+05:30,2026-06-15T08:04:36+05:30
P-0001087,V-03,5,19.115767,72.874715,33.9,2026-06-15T08:04:40+05:30,2026-06-15T08:04:46+05:30
P-0001088,V-03,5,19.115944,72.874507,31.5,2026-06-15T08:04:50+05:30,2026-06-15T08:04:55+05:30
P-0001089,V-03,5,19.115477,72.874593,29.5,2026-06-15T08:05:00+05:30,2026-06-15T08:05:02+05:30
P-0001090,V-03,5,19.115346,72.87429,31.8,2026-06-15T08:05:10+05:30,2026-06-15T08:05:12+05:30
P-0001091,V-03,5,19.115204,72.873846,27.4,2026-06-15T08:05:20+05:30,2026-06-15T08:05:24+05:30
P-0001092,V-03,5,19.115122,72.87364,24.7,2026-06-15T08:05:30+05:30,2026-06-15T08:05:36+05:30
P-0001093,V-03,5,19.114905,72.873095,27.3,2026-06-15T08:05:40+05:30,2026-06-15T08:05:46+05:30
P-0001094,V-03,5,19.114907,72.872944,33.8,2026-06-15T08:05:50+05:30,2026-06-15T08:05:53+05:30
P-0001095,V-03,5,19.1147,72.873039,35.6,2026-06-15T08:06:00+05:30,2026-06-15T08:06:04+05:30
P-0001096,V-03,5,19.114963,72.872772,33.2,2026-06-15T08:06:10+05:30,2026-06-15T08:06:16+05:30
P-0001097,V-03,5,19.114785,72.872521,32.1,2026-06-15T08:06:20+05:30,2026-06-15T08:06:26+05:30
P-0001098,V-03,5,19.114488,72.871803,26.6,2026-06-15T08:06:30+05:30,2026-06-15T08:06:31+05:30
P-0001099,V-03,5,19.114558,72.871793,34.5,2026-06-15T08:06:40+05:30,2026-06-15T08:06:43+05:30
P-0001100,V-03,5,19.114313,72.871404,28.9,2026-06-15T08:06:50+05:30,2026-06-15T08:06:54+05:30
P-0001101,V-03,5,19.114362,72.871155,27.3,2026-06-15T08:07:00+05:30,2026-06-15T08:07:04+05:30
P-0001102,V-03,5,19.113918,72.87081,26.7,2026-06-15T08:07:10+05:30,2026-06-15T08:07:16+05:30
P-0001103,V-03,5,19.114272,72.870553,31.1,2026-06-15T08:07:20+05:30,2026-06-15T08:07:22+05:30
P-0001104,V-03,5,19.113801,72.870725,37.5,2026-06-15T08:07:30+05:30,2026-06-15T08:07:32+05:30
P-0001105,V-03,5,19.114041,72.870006,36.5,2026-06-15T08:07:40+05:30,2026-06-15T08:07:42+05:30
P-0001106,V-03,5,19.113908,72.869922,32.4,2026-06-15T08:07:50+05:30,2026-06-15T08:07:56+05:30
P-0001107,V-03,5,19.113843,72.869858,36.1,2026-06-15T08:08:00+05:30,2026-06-15T08:08:04+05:30
P-0001108,V-05,5,19.204442,72.852251,34.7,2026-06-15T06:35:00+05:30,2026-06-15T06:35:05+05:30
P-0001109,V-05,5,19.203508,72.852708,32.7,2026-06-15T06:35:10+05:30,2026-06-15T06:35:16+05:30
P-0001110,V-05,5,19.203434,72.852734,28.2,2026-06-15T06:35:20+05:30,2026-06-15T06:35:26+05:30
P-0001111,V-05,5,19.202972,72.85269,36.4,2026-06-15T06:35:30+05:30,2026-06-15T06:35:32+05:30
P-0001112,V-05,5,19.20242,72.852765,36.4,2026-06-15T06:35:40+05:30,2026-06-15T06:35:46+05:30
P-0001113,V-05,5,19.202075,72.852398,31.2,2026-06-15T06:35:50+05:30,2026-06-15T06:35:51+05:30
P-0001114,V-05,5,19.201633,72.852809,31.7,2026-06-15T06:36:00+05:30,2026-06-15T06:36:03+05:30
P-0001115,V-05,5,19.200763,72.852363,25.3,2026-06-15T06:36:10+05:30,2026-06-15T06:36:12+05:30
P-0001116,V-05,5,19.200625,72.852797,28.8,2026-06-15T06:36:20+05:30,2026-06-15T06:36:24+05:30
P-0001117,V-05,5,19.199964,72.852822,31.3,2026-06-15T06:36:30+05:30,2026-06-15T06:36:33+05:30
P-0001118,V-05,5,19.199766,72.852584,33.9,2026-06-15T06:36:40+05:30,2026-06-15T06:36:46+05:30
P-0001119,V-05,5,19.199119,72.852457,33.5,2026-06-15T06:36:50+05:30,2026-06-15T06:36:53+05:30
P-0001120,V-05,5,19.198502,72.852854,35.9,2026-06-15T06:37:00+05:30,2026-06-15T06:37:03+05:30
P-0001121,V-05,5,19.19807,72.852817,36.3,2026-06-15T06:37:10+05:30,2026-06-15T06:37:16+05:30
P-0001122,V-05,5,19.197734,72.852799,35.4,2026-06-15T06:37:20+05:30,2026-06-15T06:37:25+05:30
P-0001123,V-05,5,19.197006,72.852638,26.6,2026-06-15T06:37:30+05:30,2026-06-15T06:37:32+05:30
P-0001124,V-05,5,19.196715,72.852596,25.4,2026-06-15T06:37:40+05:30,2026-06-15T06:37:42+05:30
P-0001125,V-05,5,19.196176,72.852851,26.3,2026-06-15T06:37:50+05:30,2026-06-15T06:37:56+05:30
P-0001126,V-05,5,19.19599,72.852928,35.4,2026-06-15T06:38:00+05:30,2026-06-15T06:38:05+05:30
P-0001127,V-05,5,19.195454,72.852626,34.0,2026-06-15T06:38:10+05:30,2026-06-15T06:38:11+05:30
P-0001128,V-05,5,19.195122,72.85295,28.8,2026-06-15T06:38:20+05:30,2026-06-15T06:38:25+05:30
P-0001129,V-05,5,19.19429,72.852955,25.9,2026-06-15T06:38:30+05:30,2026-06-15T06:38:36+05:30
P-0001130,V-05,5,19.193957,72.85284,27.9,2026-06-15T06:38:40+05:30,2026-06-15T06:38:43+05:30
P-0001131,V-05,5,19.193314,72.852825,29.3,2026-06-15T06:38:50+05:30,2026-06-15T06:38:52+05:30
P-0001132,V-05,5,19.193219,72.853038,29.3,2026-06-15T06:39:00+05:30,2026-06-15T06:39:02+05:30
P-0001133,V-05,5,19.192595,72.853032,32.8,2026-06-15T06:39:10+05:30,2026-06-15T06:39:15+05:30
P-0001134,V-05,5,19.192246,72.852849,32.8,2026-06-15T06:39:20+05:30,2026-06-15T06:39:26+05:30
P-0001135,V-05,5,19.191422,72.853054,34.7,2026-06-15T06:39:30+05:30,2026-06-15T06:39:33+05:30
P-0001136,V-05,5,19.191391,72.853021,25.1,2026-06-15T06:39:40+05:30,2026-06-15T06:39:42+05:30
P-0001137,V-05,5,19.190501,72.852644,24.7,2026-06-15T06:39:50+05:30,2026-06-15T06:39:55+05:30
P-0001138,V-05,5,19.190094,72.852922,23.5,2026-06-15T06:40:00+05:30,2026-06-15T06:40:02+05:30
P-0001139,V-05,5,19.189664,72.852855,25.5,2026-06-15T06:40:10+05:30,2026-06-15T06:40:12+05:30
P-0001140,V-05,5,19.189508,72.852849,31.2,2026-06-15T06:40:20+05:30,2026-06-15T06:40:25+05:30
P-0001141,V-05,5,19.188796,72.852712,32.3,2026-06-15T06:40:30+05:30,2026-06-15T06:40:35+05:30
P-0001142,V-05,5,19.188495,72.852938,25.9,2026-06-15T06:40:40+05:30,2026-06-15T06:40:42+05:30
P-0001143,V-05,5,19.187743,72.852846,25.2,2026-06-15T06:40:50+05:30,2026-06-15T06:40:56+05:30
P-0001144,V-05,5,19.187336,72.853059,27.2,2026-06-15T06:41:00+05:30,2026-06-15T06:41:04+05:30
P-0001145,V-05,5,19.18683,72.853164,26.5,2026-06-15T06:41:10+05:30,2026-06-15T06:41:14+05:30
P-0001146,V-05,5,19.186303,72.853044,32.0,2026-06-15T06:41:20+05:30,2026-06-15T06:41:25+05:30
P-0001147,V-05,5,19.185859,72.853037,22.8,2026-06-15T06:41:30+05:30,2026-06-15T06:41:35+05:30
P-0001148,V-05,5,19.185421,72.852877,25.1,2026-06-15T06:41:40+05:30,2026-06-15T06:41:45+05:30
P-0001149,V-05,5,19.185057,72.852893,29.9,2026-06-15T06:41:50+05:30,2026-06-15T06:41:55+05:30
P-0001150,V-05,5,19.184823,72.853123,33.6,2026-06-15T06:42:00+05:30,2026-06-15T06:42:05+05:30
P-0001151,V-05,5,19.183973,72.852875,28.9,2026-06-15T06:42:10+05:30,2026-06-15T06:42:11+05:30
P-0001152,V-05,5,19.183726,72.852857,25.9,2026-06-15T06:42:20+05:30,2026-06-15T06:42:26+05:30
P-0001153,V-05,5,19.183286,72.852952,27.4,2026-06-15T06:42:30+05:30,2026-06-15T06:42:31+05:30
P-0001154,V-05,5,19.18257,72.852867,30.8,2026-06-15T06:42:40+05:30,2026-06-15T06:42:43+05:30
P-0001155,V-05,5,19.182409,72.853215,26.1,2026-06-15T06:42:50+05:30,2026-06-15T06:42:56+05:30
P-0001156,V-05,5,19.182104,72.852858,30.1,2026-06-15T06:43:00+05:30,2026-06-15T06:43:05+05:30
P-0001157,V-05,5,19.181206,72.852654,31.1,2026-06-15T06:43:10+05:30,2026-06-15T06:43:12+05:30
P-0001158,V-05,5,19.181243,72.85279,22.3,2026-06-15T06:43:20+05:30,2026-06-15T06:43:25+05:30
P-0001159,V-05,5,19.180401,72.852827,29.7,2026-06-15T06:43:30+05:30,2026-06-15T06:43:32+05:30
P-0001160,V-05,5,19.180259,72.852498,24.7,2026-06-15T06:43:40+05:30,2026-06-15T06:43:46+05:30
P-0001161,V-05,5,19.179693,72.852355,28.5,2026-06-15T06:43:50+05:30,2026-06-15T06:43:52+05:30
P-0001162,V-05,5,19.179407,72.852267,29.9,2026-06-15T06:44:00+05:30,2026-06-15T06:44:04+05:30
P-0001163,V-05,5,19.178954,72.852046,28.4,2026-06-15T06:44:10+05:30,2026-06-15T06:44:14+05:30
P-0001164,V-05,5,19.178247,72.851694,27.9,2026-06-15T06:44:20+05:30,2026-06-15T06:44:25+05:30
P-0001165,V-05,5,19.177716,72.851852,23.6,2026-06-15T06:44:30+05:30,2026-06-15T06:44:32+05:30
P-0001166,V-05,5,19.177648,72.851549,32.2,2026-06-15T06:44:40+05:30,2026-06-15T06:44:42+05:30
P-0001167,V-05,5,19.176974,72.851624,26.6,2026-06-15T06:44:50+05:30,2026-06-15T06:44:55+05:30
P-0001168,V-05,5,19.176406,72.851611,25.0,2026-06-15T06:45:00+05:30,2026-06-15T06:45:05+05:30
P-0001169,V-05,5,19.176117,72.85137,28.3,2026-06-15T06:45:10+05:30,2026-06-15T06:45:15+05:30
P-0001170,V-05,5,19.175462,72.851231,22.1,2026-06-15T06:45:20+05:30,2026-06-15T06:45:21+05:30
P-0001171,V-05,5,19.17498,72.85115,26.3,2026-06-15T06:45:30+05:30,2026-06-15T06:45:35+05:30
P-0001172,V-05,5,19.174691,72.850852,29.0,2026-06-15T06:45:40+05:30,2026-06-15T06:45:44+05:30
P-0001173,V-05,5,19.174393,72.850855,27.2,2026-06-15T06:45:50+05:30,2026-06-15T06:45:53+05:30
P-0001174,V-05,5,19.173678,72.850397,22.8,2026-06-15T06:46:00+05:30,2026-06-15T06:46:04+05:30
P-0001175,V-05,5,19.17324,72.850193,23.8,2026-06-15T06:46:10+05:30,2026-06-15T06:46:16+05:30
P-0001176,V-05,5,19.17312,72.850449,21.6,2026-06-15T06:46:20+05:30,2026-06-15T06:46:22+05:30
P-0001177,V-05,5,19.172625,72.850399,25.9,2026-06-15T06:46:30+05:30,2026-06-15T06:46:31+05:30
P-0001178,V-05,5,19.172102,72.850144,28.8,2026-06-15T06:46:40+05:30,2026-06-15T06:46:45+05:30
P-0001179,V-05,5,19.171462,72.850138,28.9,2026-06-15T06:46:50+05:30,2026-06-15T06:46:52+05:30
P-0001180,V-05,5,19.171256,72.849625,28.5,2026-06-15T06:47:00+05:30,2026-06-15T06:47:04+05:30
P-0001181,V-05,5,19.170905,72.849448,20.0,2026-06-15T06:47:10+05:30,2026-06-15T06:47:15+05:30
P-0001182,V-05,5,19.170544,72.849535,27.2,2026-06-15T06:47:20+05:30,2026-06-15T06:47:21+05:30
P-0001183,V-05,5,19.169655,72.849434,30.0,2026-06-15T06:47:30+05:30,2026-06-15T06:47:35+05:30
P-0001184,V-05,5,19.169556,72.849047,23.8,2026-06-15T06:47:40+05:30,2026-06-15T06:47:46+05:30
P-0001185,V-05,5,19.169178,72.84921,24.0,2026-06-15T06:47:50+05:30,2026-06-15T06:47:55+05:30
P-0001186,V-05,5,19.168739,72.849067,26.6,2026-06-15T06:48:00+05:30,2026-06-15T06:48:04+05:30
P-0001187,V-05,5,19.167874,72.848735,19.5,2026-06-15T06:48:10+05:30,2026-06-15T06:48:16+05:30
P-0001188,V-05,5,19.167432,72.848719,22.9,2026-06-15T06:48:20+05:30,2026-06-15T06:48:25+05:30
P-0001189,V-05,5,19.1674,72.84846,22.0,2026-06-15T06:48:30+05:30,2026-06-15T06:48:33+05:30
P-0001190,V-05,5,19.16697,72.848411,27.0,2026-06-15T06:48:40+05:30,2026-06-15T06:48:44+05:30
P-0001191,V-05,5,19.166542,72.848438,20.7,2026-06-15T06:48:50+05:30,2026-06-15T06:48:53+05:30
P-0001192,V-05,5,19.166052,72.848131,21.8,2026-06-15T06:49:00+05:30,2026-06-15T06:49:03+05:30
P-0001193,V-05,5,19.165588,72.847923,22.5,2026-06-15T06:49:10+05:30,2026-06-15T06:49:14+05:30
P-0001194,V-05,5,19.165212,72.847903,22.9,2026-06-15T06:49:20+05:30,2026-06-15T06:49:25+05:30
P-0001195,V-05,5,19.164328,72.847857,18.9,2026-06-15T06:49:30+05:30,2026-06-15T06:49:35+05:30
P-0001196,V-05,5,19.164053,72.847421,28.8,2026-06-15T06:49:40+05:30,2026-06-15T06:49:43+05:30
P-0001197,V-05,5,19.163605,72.847387,26.8,2026-06-15T06:49:50+05:30,2026-06-15T06:49:56+05:30
P-0001198,V-05,5,19.163275,72.847572,29.2,2026-06-15T06:50:00+05:30,2026-06-15T06:50:03+05:30
P-0001199,V-05,5,19.162796,72.846991,19.1,2026-06-15T06:50:10+05:30,2026-06-15T06:50:16+05:30
P-0001200,V-05,5,19.162239,72.846897,25.5,2026-06-15T06:50:20+05:30,2026-06-15T06:50:23+05:30
P-0001201,V-05,5,19.161697,72.847153,22.1,2026-06-15T06:50:30+05:30,2026-06-15T06:50:34+05:30
P-0001202,V-05,5,19.161383,72.846991,27.8,2026-06-15T06:50:40+05:30,2026-06-15T06:50:45+05:30
P-0001203,V-05,5,19.160753,72.846567,20.9,2026-06-15T06:50:50+05:30,2026-06-15T06:50:53+05:30
P-0001204,V-05,5,19.160672,72.846825,21.6,2026-06-15T06:51:00+05:30,2026-06-15T06:51:06+05:30
P-0001205,V-05,5,19.160039,72.846644,20.3,2026-06-15T06:51:10+05:30,2026-06-15T06:51:15+05:30
P-0001206,V-05,5,19.159342,72.846657,21.2,2026-06-15T06:51:20+05:30,2026-06-15T06:51:26+05:30
P-0001207,V-05,5,19.159115,72.846404,26.4,2026-06-15T06:51:30+05:30,2026-06-15T06:51:33+05:30
P-0001208,V-05,5,19.158775,72.846596,27.8,2026-06-15T06:51:40+05:30,2026-06-15T06:51:45+05:30
P-0001209,V-05,5,19.158124,72.846272,17.9,2026-06-15T06:51:50+05:30,2026-06-15T06:51:54+05:30
P-0001210,V-05,5,19.157827,72.846199,18.5,2026-06-15T06:52:00+05:30,2026-06-15T06:52:05+05:30
P-0001211,V-05,5,19.157428,72.846567,23.0,2026-06-15T06:52:10+05:30,2026-06-15T06:52:12+05:30
P-0001212,V-05,5,19.156727,72.846162,18.3,2026-06-15T06:52:20+05:30,2026-06-15T06:52:25+05:30
P-0001213,V-05,5,19.15637,72.846017,23.3,2026-06-15T06:52:30+05:30,2026-06-15T06:52:31+05:30
P-0001214,V-05,5,19.156034,72.846398,26.3,2026-06-15T06:52:40+05:30,2026-06-15T06:52:45+05:30
P-0001215,V-05,5,19.155577,72.846099,18.4,2026-06-15T06:52:50+05:30,2026-06-15T06:52:53+05:30
P-0001216,V-05,5,19.154782,72.846212,26.9,2026-06-15T06:53:00+05:30,2026-06-15T06:53:01+05:30
P-0001217,V-05,5,19.154426,72.845956,22.0,2026-06-15T06:53:10+05:30,2026-06-15T06:53:11+05:30
P-0001218,V-05,5,19.153943,72.84609,16.5,2026-06-15T06:53:20+05:30,2026-06-15T06:53:24+05:30
P-0001219,V-05,5,19.153495,72.845857,17.3,2026-06-15T06:53:30+05:30,2026-06-15T06:53:34+05:30
P-0001220,V-05,5,19.152866,72.846114,20.1,2026-06-15T06:53:40+05:30,2026-06-15T06:53:43+05:30
P-0001221,V-05,5,19.152677,72.845834,21.7,2026-06-15T06:53:50+05:30,2026-06-15T06:53:55+05:30
P-0001222,V-05,5,19.152274,72.845816,26.3,2026-06-15T06:54:00+05:30,2026-06-15T06:54:06+05:30
P-0001223,V-05,5,19.151961,72.845765,24.1,2026-06-15T06:54:10+05:30,2026-06-15T06:54:14+05:30
P-0001224,V-05,5,19.151442,72.845888,15.7,2026-06-15T06:54:20+05:30,2026-06-15T06:54:22+05:30
P-0001225,V-05,5,19.150846,72.845538,22.4,2026-06-15T06:54:30+05:30,2026-06-15T06:54:31+05:30
P-0001226,V-05,5,19.150123,72.845831,20.5,2026-06-15T06:54:40+05:30,2026-06-15T06:54:43+05:30
P-0001227,V-05,5,19.149773,72.845709,21.2,2026-06-15T06:54:50+05:30,2026-06-15T06:54:56+05:30
P-0001228,V-05,5,19.149407,72.845418,26.7,2026-06-15T06:55:00+05:30,2026-06-15T06:55:04+05:30
P-0001229,V-05,5,19.148989,72.845337,26.3,2026-06-15T06:55:10+05:30,2026-06-15T06:55:16+05:30
P-0001230,V-05,5,19.148316,72.845309,19.4,2026-06-15T06:55:20+05:30,2026-06-15T06:55:26+05:30
P-0001231,V-05,5,19.148251,72.845231,17.0,2026-06-15T06:55:30+05:30,2026-06-15T06:55:33+05:30
P-0001232,V-05,5,19.147396,72.845584,16.7,2026-06-15T06:55:40+05:30,2026-06-15T06:55:45+05:30
P-0001233,V-05,5,19.146878,72.845129,21.9,2026-06-15T06:55:50+05:30,2026-06-15T06:55:51+05:30
P-0001234,V-05,5,19.146614,72.845325,15.9,2026-06-15T06:56:00+05:30,2026-06-15T06:56:04+05:30
P-0001235,V-05,5,19.146233,72.845308,17.0,2026-06-15T06:56:10+05:30,2026-06-15T06:56:13+05:30
P-0001236,V-05,5,19.145687,72.845061,21.2,2026-06-15T06:56:20+05:30,2026-06-15T06:56:22+05:30
P-0001237,V-05,5,19.145344,72.844955,21.1,2026-06-15T06:56:30+05:30,2026-06-15T06:56:32+05:30
P-0001238,V-05,5,19.144619,72.845306,17.3,2026-06-15T06:56:40+05:30,2026-06-15T06:56:41+05:30
P-0001239,V-05,5,19.144247,72.845148,25.8,2026-06-15T06:56:50+05:30,2026-06-15T06:56:54+05:30
P-0001240,V-05,5,19.14381,72.844873,19.3,2026-06-15T06:57:00+05:30,2026-06-15T06:57:06+05:30
P-0001241,V-05,5,19.143176,72.844873,24.7,2026-06-15T06:57:10+05:30,2026-06-15T06:57:11+05:30
P-0001242,V-05,5,19.142837,72.844907,15.7,2026-06-15T06:57:20+05:30,2026-06-15T06:57:24+05:30
P-0001243,V-05,5,19.142373,72.844814,23.6,2026-06-15T06:57:30+05:30,2026-06-15T06:57:35+05:30
P-0001244,V-05,5,19.141908,72.845022,24.5,2026-06-15T06:57:40+05:30,2026-06-15T06:57:41+05:30
P-0001245,V-05,5,19.141308,72.844708,17.9,2026-06-15T06:57:50+05:30,2026-06-15T06:57:54+05:30
P-0001246,V-05,5,19.140913,72.844854,24.2,2026-06-15T06:58:00+05:30,2026-06-15T06:58:01+05:30
P-0001247,V-05,5,19.140745,72.844902,16.6,2026-06-15T06:58:10+05:30,2026-06-15T06:58:16+05:30
P-0001248,V-05,5,19.140253,72.844607,19.5,2026-06-15T06:58:20+05:30,2026-06-15T06:58:23+05:30
P-0001249,V-05,5,19.139858,72.84487,23.3,2026-06-15T06:58:30+05:30,2026-06-15T06:58:34+05:30
P-0001250,V-05,5,19.139112,72.844478,19.8,2026-06-15T06:58:40+05:30,2026-06-15T06:58:46+05:30
P-0001251,V-05,5,19.138829,72.844482,22.4,2026-06-15T06:58:50+05:30,2026-06-15T06:58:51+05:30
P-0001252,V-05,5,19.13851,72.844586,22.7,2026-06-15T06:59:00+05:30,2026-06-15T06:59:01+05:30
P-0001253,V-05,5,19.138056,72.844236,18.6,2026-06-15T06:59:10+05:30,2026-06-15T06:59:15+05:30
P-0001254,V-05,5,19.137404,72.844646,16.3,2026-06-15T06:59:20+05:30,2026-06-15T06:59:22+05:30
P-0001255,V-05,5,19.137055,72.844206,18.5,2026-06-15T06:59:30+05:30,2026-06-15T06:59:33+05:30
P-0001256,V-05,5,19.136234,72.844115,19.4,2026-06-15T06:59:40+05:30,2026-06-15T06:59:44+05:30
P-0001257,V-05,5,19.136087,72.844137,17.3,2026-06-15T06:59:50+05:30,2026-06-15T06:59:55+05:30
P-0001258,V-05,5,19.135471,72.844214,13.8,2026-06-15T07:00:00+05:30,2026-06-15T07:00:04+05:30
P-0001259,V-05,5,19.135013,72.844539,18.8,2026-06-15T07:00:10+05:30,2026-06-15T07:00:15+05:30
P-0001260,V-05,5,19.134628,72.844172,16.3,2026-06-15T07:00:20+05:30,2026-06-15T07:00:22+05:30
P-0001261,V-05,5,19.134113,72.844577,24.7,2026-06-15T07:00:30+05:30,2026-06-15T07:00:34+05:30
P-0001262,V-05,5,19.1338,72.844308,16.7,2026-06-15T07:00:40+05:30,2026-06-15T07:00:42+05:30
P-0001263,V-05,5,19.133177,72.844414,14.8,2026-06-15T07:00:50+05:30,2026-06-15T07:00:56+05:30
P-0001264,V-05,5,19.132921,72.844733,23.0,2026-06-15T07:01:00+05:30,2026-06-15T07:01:06+05:30
P-0001265,V-05,5,19.132303,72.844312,15.1,2026-06-15T07:01:10+05:30,2026-06-15T07:01:14+05:30
P-0001266,V-05,5,19.132036,72.844463,22.6,2026-06-15T07:01:20+05:30,2026-06-15T07:01:24+05:30
P-0001267,V-05,5,19.13143,72.844751,17.6,2026-06-15T07:01:30+05:30,2026-06-15T07:01:32+05:30
P-0001268,V-05,5,19.130681,72.844579,23.4,2026-06-15T07:01:40+05:30,2026-06-15T07:01:41+05:30
P-0001269,V-05,5,19.13064,72.844703,23.6,2026-06-15T07:01:50+05:30,2026-06-15T07:01:56+05:30
P-0001270,V-05,5,19.129734,72.844608,13.6,2026-06-15T07:02:00+05:30,2026-06-15T07:02:01+05:30
P-0001271,V-05,5,19.129464,72.844755,23.3,2026-06-15T07:02:10+05:30,2026-06-15T07:02:15+05:30
P-0001272,V-05,5,19.129007,72.844534,14.8,2026-06-15T07:02:20+05:30,2026-06-15T07:02:23+05:30
P-0001273,V-05,5,19.128501,72.844817,18.6,2026-06-15T07:02:30+05:30,2026-06-15T07:02:32+05:30
P-0001274,V-05,5,19.128064,72.844826,16.8,2026-06-15T07:02:40+05:30,2026-06-15T07:02:43+05:30
P-0001275,V-05,5,19.12776,72.845037,24.2,2026-06-15T07:02:50+05:30,2026-06-15T07:02:54+05:30
P-0001276,V-05,5,19.127264,72.844874,15.4,2026-06-15T07:03:00+05:30,2026-06-15T07:03:02+05:30
P-0001277,V-05,5,19.126927,72.845046,24.6,2026-06-15T07:03:10+05:30,2026-06-15T07:03:13+05:30
P-0001278,V-05,5,19.126133,72.844945,13.6,2026-06-15T07:03:20+05:30,2026-06-15T07:03:21+05:30
P-0001279,V-05,5,19.12586,72.844756,19.9,2026-06-15T07:03:30+05:30,2026-06-15T07:03:34+05:30
P-0001280,V-05,5,19.125221,72.845062,16.2,2026-06-15T07:03:40+05:30,2026-06-15T07:03:45+05:30
P-0001281,V-05,5,19.124599,72.844794,16.7,2026-06-15T07:03:50+05:30,2026-06-15T07:03:53+05:30
P-0001282,V-05,5,19.124215,72.845012,21.5,2026-06-15T07:04:00+05:30,2026-06-15T07:04:02+05:30
P-0001283,V-05,5,19.123921,72.84508,17.4,2026-06-15T07:04:10+05:30,2026-06-15T07:04:14+05:30
P-0001284,V-05,5,19.123199,72.845187,15.8,2026-06-15T07:04:20+05:30,2026-06-15T07:04:22+05:30
P-0001285,V-05,5,19.122815,72.845169,18.2,2026-06-15T07:04:30+05:30,2026-06-15T07:04:34+05:30
P-0001286,V-05,5,19.122307,72.84514,19.5,2026-06-15T07:04:40+05:30,2026-06-15T07:04:44+05:30
P-0001287,V-05,5,19.122042,72.845426,13.7,2026-06-15T07:04:50+05:30,2026-06-15T07:04:51+05:30
P-0001288,V-05,5,19.121827,72.845145,14.4,2026-06-15T07:05:00+05:30,2026-06-15T07:05:04+05:30
P-0001289,V-05,5,19.121055,72.845378,14.6,2026-06-15T07:05:10+05:30,2026-06-15T07:05:13+05:30
P-0001290,V-05,5,19.120758,72.845527,19.8,2026-06-15T07:05:20+05:30,2026-06-15T07:05:24+05:30
P-0001291,V-05,5,19.120177,72.845204,22.4,2026-06-15T07:05:30+05:30,2026-06-15T07:05:32+05:30
P-0001292,V-05,5,19.119662,72.845218,15.1,2026-06-15T07:05:40+05:30,2026-06-15T07:05:41+05:30
P-0001293,V-05,5,19.119047,72.845604,22.8,2026-06-15T07:05:50+05:30,2026-06-15T07:05:53+05:30
P-0001294,V-05,5,19.118582,72.845272,21.9,2026-06-15T07:06:00+05:30,2026-06-15T07:06:02+05:30
P-0001295,V-05,5,19.118088,72.845394,21.0,2026-06-15T07:06:10+05:30,2026-06-15T07:06:13+05:30
P-0001296,V-05,5,19.117681,72.845714,15.1,2026-06-15T07:06:20+05:30,2026-06-15T07:06:26+05:30
P-0001297,V-05,5,19.117402,72.845481,19.2,2026-06-15T07:06:30+05:30,2026-06-15T07:06:34+05:30
P-0001298,V-05,5,19.116979,72.845526,13.0,2026-06-15T07:06:40+05:30,2026-06-15T07:06:45+05:30
P-0001299,V-05,5,19.116514,72.845423,21.2,2026-06-15T07:06:50+05:30,2026-06-15T07:06:52+05:30
P-0001300,V-05,5,19.115954,72.845809,12.9,2026-06-15T07:07:00+05:30,2026-06-15T07:07:04+05:30
P-0001301,V-05,5,19.115388,72.845707,19.4,2026-06-15T07:07:10+05:30,2026-06-15T07:07:12+05:30
P-0001302,V-05,5,19.115233,72.84546,23.8,2026-06-15T07:07:20+05:30,2026-06-15T07:07:23+05:30
P-0001303,V-05,5,19.114474,72.845682,21.6,2026-06-15T07:07:30+05:30,2026-06-15T07:07:35+05:30
P-0001304,V-05,5,19.114167,72.845942,15.4,2026-06-15T07:07:40+05:30,2026-06-15T07:07:43+05:30
P-0001305,V-05,5,19.113771,72.845976,13.4,2026-06-15T07:07:50+05:30,2026-06-15T07:07:54+05:30
P-0001306,V-05,5,19.112987,72.845923,20.6,2026-06-15T07:08:00+05:30,2026-06-15T07:08:02+05:30
P-0001307,V-05,5,19.112783,72.845821,17.3,2026-06-15T07:08:10+05:30,2026-06-15T07:08:13+05:30
P-0001308,V-05,5,19.11226,72.845659,23.5,2026-06-15T07:08:20+05:30,2026-06-15T07:08:21+05:30
P-0001309,V-05,5,19.11161,72.845896,15.8,2026-06-15T07:08:30+05:30,2026-06-15T07:08:32+05:30
P-0001310,V-05,5,19.111357,72.84561,18.1,2026-06-15T07:08:40+05:30,2026-06-15T07:08:41+05:30
P-0001311,V-05,5,19.111155,72.845919,14.3,2026-06-15T07:08:50+05:30,2026-06-15T07:08:53+05:30
P-0001312,V-05,5,19.110297,72.845629,23.8,2026-06-15T07:09:00+05:30,2026-06-15T07:09:03+05:30
P-0001313,V-05,5,19.109953,72.845604,21.1,2026-06-15T07:09:10+05:30,2026-06-15T07:09:14+05:30
P-0001314,V-05,5,19.109541,72.845592,16.9,2026-06-15T07:09:20+05:30,2026-06-15T07:09:22+05:30
P-0001315,V-05,5,19.108915,72.845403,16.7,2026-06-15T07:09:30+05:30,2026-06-15T07:09:33+05:30
P-0001316,V-05,5,19.108818,72.845244,15.2,2026-06-15T07:09:40+05:30,2026-06-15T07:09:41+05:30
P-0001317,V-05,5,19.108409,72.845267,14.4,2026-06-15T07:09:50+05:30,2026-06-15T07:09:56+05:30
P-0001318,V-05,5,19.107937,72.845192,15.7,2026-06-15T07:10:00+05:30,2026-06-15T07:10:04+05:30
P-0001319,V-05,5,19.107417,72.845088,16.9,2026-06-15T07:10:10+05:30,2026-06-15T07:10:14+05:30
P-0001320,V-05,5,19.10683,72.845089,19.8,2026-06-15T07:10:20+05:30,2026-06-15T07:10:24+05:30
P-0001321,V-05,5,19.106162,72.844693,21.9,2026-06-15T07:10:30+05:30,2026-06-15T07:10:35+05:30
P-0001322,V-05,5,19.105798,72.844569,21.0,2026-06-15T07:10:40+05:30,2026-06-15T07:10:42+05:30
P-0001323,V-05,5,19.105292,72.844691,15.4,2026-06-15T07:10:50+05:30,2026-06-15T07:10:52+05:30
P-0001324,V-05,5,19.105218,72.844415,22.7,2026-06-15T07:11:00+05:30,2026-06-15T07:11:01+05:30
P-0001325,V-05,5,19.104484,72.844691,20.0,2026-06-15T07:11:10+05:30,2026-06-15T07:11:14+05:30
P-0001326,V-05,5,19.103876,72.844394,21.2,2026-06-15T07:11:20+05:30,2026-06-15T07:11:21+05:30
P-0001327,V-05,5,19.10337,72.844374,16.0,2026-06-15T07:11:30+05:30,2026-06-15T07:11:36+05:30
P-0001328,V-05,5,19.103226,72.844301,13.8,2026-06-15T07:11:40+05:30,2026-06-15T07:11:43+05:30
P-0001329,V-05,5,19.102682,72.843944,22.3,2026-06-15T07:11:50+05:30,2026-06-15T07:11:52+05:30
P-0001330,V-05,5,19.10241,72.843981,23.9,2026-06-15T07:12:00+05:30,2026-06-15T07:12:02+05:30
P-0001331,V-05,5,19.101741,72.844126,17.2,2026-06-15T07:12:10+05:30,2026-06-15T07:12:13+05:30
P-0001332,V-05,5,19.101124,72.843896,16.1,2026-06-15T07:12:20+05:30,2026-06-15T07:12:22+05:30
P-0001333,V-05,5,19.100712,72.843777,13.1,2026-06-15T07:12:30+05:30,2026-06-15T07:12:34+05:30
P-0001334,V-05,5,19.100378,72.843959,16.9,2026-06-15T07:12:40+05:30,2026-06-15T07:12:43+05:30
P-0001335,V-05,5,19.099809,72.843452,22.2,2026-06-15T07:12:50+05:30,2026-06-15T07:12:51+05:30
P-0001336,V-05,5,19.09954,72.843403,20.1,2026-06-15T07:13:00+05:30,2026-06-15T07:13:05+05:30
P-0001337,V-05,5,19.099117,72.843649,18.0,2026-06-15T07:13:10+05:30,2026-06-15T07:13:13+05:30
P-0001338,V-05,5,19.098601,72.84317,18.1,2026-06-15T07:13:20+05:30,2026-06-15T07:13:25+05:30
P-0001339,V-05,5,19.098033,72.843474,12.8,2026-06-15T07:13:30+05:30,2026-06-15T07:13:32+05:30
P-0001340,V-05,5,19.097465,72.843375,18.5,2026-06-15T07:13:40+05:30,2026-06-15T07:13:42+05:30
P-0001341,V-05,5,19.09701,72.843082,19.1,2026-06-15T07:13:50+05:30,2026-06-15T07:13:53+05:30
P-0001342,V-05,5,19.096897,72.843051,12.9,2026-06-15T07:14:00+05:30,2026-06-15T07:14:03+05:30
P-0001343,V-05,5,19.096269,72.842978,20.1,2026-06-15T07:14:10+05:30,2026-06-15T07:14:13+05:30
P-0001344,V-05,5,19.095765,72.842853,19.6,2026-06-15T07:14:20+05:30,2026-06-15T07:14:22+05:30
P-0001345,V-05,5,19.095289,72.842638,22.6,2026-06-15T07:14:30+05:30,2026-06-15T07:14:36+05:30
P-0001346,V-05,5,19.094855,72.842735,23.1,2026-06-15T07:14:40+05:30,2026-06-15T07:14:44+05:30
P-0001347,V-05,5,19.094508,72.842384,13.0,2026-06-15T07:14:50+05:30,2026-06-15T07:14:52+05:30
P-0001348,V-05,5,19.093871,72.84232,16.9,2026-06-15T07:15:00+05:30,2026-06-15T07:15:03+05:30
P-0001349,V-05,5,19.093535,72.842408,15.4,2026-06-15T07:15:10+05:30,2026-06-15T07:15:12+05:30
P-0001350,V-05,5,19.093032,72.842163,21.9,2026-06-15T07:15:20+05:30,2026-06-15T07:15:21+05:30
P-0001351,V-05,5,19.092405,72.842007,22.2,2026-06-15T07:15:30+05:30,2026-06-15T07:15:32+05:30
P-0001352,V-05,5,19.092204,72.841976,21.7,2026-06-15T07:15:40+05:30,2026-06-15T07:15:43+05:30
P-0001353,V-05,5,19.091704,72.8418,18.0,2026-06-15T07:15:50+05:30,2026-06-15T07:15:52+05:30
P-0001354,V-05,5,19.091468,72.841928,19.9,2026-06-15T07:16:00+05:30,2026-06-15T07:16:06+05:30
P-0001355,V-05,5,19.090997,72.841672,16.3,2026-06-15T07:16:10+05:30,2026-06-15T07:16:12+05:30
P-0001356,V-05,5,19.090419,72.841892,14.7,2026-06-15T07:16:20+05:30,2026-06-15T07:16:25+05:30
P-0001357,V-05,5,19.090158,72.84168,24.1,2026-06-15T07:16:30+05:30,2026-06-15T07:16:35+05:30
P-0001358,V-05,5,19.089589,72.841626,19.9,2026-06-15T07:16:40+05:30,2026-06-15T07:16:45+05:30
P-0001359,V-05,5,19.089132,72.841476,18.0,2026-06-15T07:16:50+05:30,2026-06-15T07:16:56+05:30
P-0001360,V-05,5,19.088616,72.841381,15.8,2026-06-15T07:17:00+05:30,2026-06-15T07:17:02+05:30
P-0001361,V-05,5,19.088072,72.84088,16.7,2026-06-15T07:17:10+05:30,2026-06-15T07:17:11+05:30
P-0001362,V-05,5,19.087466,72.841212,14.3,2026-06-15T07:17:20+05:30,2026-06-15T07:17:23+05:30
P-0001363,V-05,5,19.087169,72.840823,20.7,2026-06-15T07:17:30+05:30,2026-06-15T07:17:34+05:30
P-0001364,V-05,5,19.086687,72.840976,17.8,2026-06-15T07:17:40+05:30,2026-06-15T07:17:41+05:30
P-0001365,V-05,5,19.086262,72.840866,13.3,2026-06-15T07:17:50+05:30,2026-06-15T07:17:51+05:30
P-0001366,V-05,5,19.086115,72.840539,16.4,2026-06-15T07:18:00+05:30,2026-06-15T07:18:05+05:30
P-0001367,V-05,5,19.085211,72.840234,24.5,2026-06-15T07:18:10+05:30,2026-06-15T07:18:15+05:30
P-0001368,V-05,5,19.084737,72.84054,22.9,2026-06-15T07:18:20+05:30,2026-06-15T07:18:26+05:30
P-0001369,V-05,5,19.084733,72.840247,17.0,2026-06-15T07:18:30+05:30,2026-06-15T07:18:34+05:30
P-0001370,V-05,5,19.084101,72.840074,16.0,2026-06-15T07:18:40+05:30,2026-06-15T07:18:41+05:30
P-0001371,V-05,5,19.083399,72.840087,22.4,2026-06-15T07:18:50+05:30,2026-06-15T07:18:52+05:30
P-0001372,V-05,5,19.08306,72.839807,17.6,2026-06-15T07:19:00+05:30,2026-06-15T07:19:02+05:30
P-0001373,V-05,5,19.082826,72.839599,18.2,2026-06-15T07:19:10+05:30,2026-06-15T07:19:11+05:30
P-0001374,V-05,5,19.082149,72.839827,17.6,2026-06-15T07:19:20+05:30,2026-06-15T07:19:22+05:30
P-0001375,V-05,5,19.081578,72.839382,14.2,2026-06-15T07:19:30+05:30,2026-06-15T07:19:34+05:30
P-0001376,V-05,5,19.081413,72.839413,13.5,2026-06-15T07:19:40+05:30,2026-06-15T07:19:44+05:30
P-0001377,V-05,5,19.080689,72.839522,17.6,2026-06-15T07:19:50+05:30,2026-06-15T07:19:52+05:30
P-0001378,V-05,5,19.080296,72.839408,14.6,2026-06-15T07:20:00+05:30,2026-06-15T07:20:03+05:30
P-0001379,V-05,5,19.080222,72.838924,24.6,2026-06-15T07:20:10+05:30,2026-06-15T07:20:11+05:30
P-0001380,V-05,5,19.079537,72.838743,25.0,2026-06-15T07:20:20+05:30,2026-06-15T07:20:24+05:30
P-0001381,V-05,5,19.079219,72.838654,23.2,2026-06-15T07:20:30+05:30,2026-06-15T07:20:36+05:30
P-0001382,V-05,5,19.078893,72.838456,15.0,2026-06-15T07:20:40+05:30,2026-06-15T07:20:44+05:30
P-0001383,V-05,5,19.078223,72.838471,22.5,2026-06-15T07:20:50+05:30,2026-06-15T07:20:52+05:30
P-0001384,V-05,5,19.077538,72.838607,21.3,2026-06-15T07:21:00+05:30,2026-06-15T07:21:04+05:30
P-0001385,V-05,5,19.077136,72.838312,22.2,2026-06-15T07:21:10+05:30,2026-06-15T07:21:13+05:30
P-0001386,V-05,5,19.076847,72.838437,22.0,2026-06-15T07:21:20+05:30,2026-06-15T07:21:24+05:30
P-0001387,V-05,5,19.07626,72.837883,15.5,2026-06-15T07:21:30+05:30,2026-06-15T07:21:31+05:30
P-0001388,V-05,5,19.075709,72.837812,17.8,2026-06-15T07:21:40+05:30,2026-06-15T07:21:45+05:30
P-0001389,V-05,5,19.075567,72.837889,19.9,2026-06-15T07:21:50+05:30,2026-06-15T07:21:51+05:30
P-0001390,V-05,5,19.074906,72.837752,18.4,2026-06-15T07:22:00+05:30,2026-06-15T07:22:03+05:30
P-0001391,V-05,5,19.074679,72.837707,17.4,2026-06-15T07:22:10+05:30,2026-06-15T07:22:16+05:30
P-0001392,V-05,5,19.07401,72.837382,20.5,2026-06-15T07:22:20+05:30,2026-06-15T07:22:21+05:30
P-0001393,V-05,5,19.073913,72.837681,21.7,2026-06-15T07:22:30+05:30,2026-06-15T07:22:34+05:30
P-0001394,V-05,5,19.073306,72.837437,14.7,2026-06-15T07:22:40+05:30,2026-06-15T07:22:42+05:30
P-0001395,V-05,5,19.072918,72.837159,17.1,2026-06-15T07:22:50+05:30,2026-06-15T07:22:54+05:30
P-0001396,V-05,5,19.072323,72.837066,15.7,2026-06-15T07:23:00+05:30,2026-06-15T07:23:01+05:30
P-0001397,V-05,5,19.071857,72.837185,19.3,2026-06-15T07:23:10+05:30,2026-06-15T07:23:16+05:30
P-0001398,V-05,5,19.071562,72.836769,16.0,2026-06-15T07:23:20+05:30,2026-06-15T07:23:24+05:30
P-0001399,V-05,5,19.071187,72.836972,19.2,2026-06-15T07:23:30+05:30,2026-06-15T07:23:36+05:30
P-0001400,V-05,5,19.070628,72.836611,23.2,2026-06-15T07:23:40+05:30,2026-06-15T07:23:44+05:30
P-0001401,V-05,5,19.070111,72.836563,14.9,2026-06-15T07:23:50+05:30,2026-06-15T07:23:53+05:30
P-0001402,V-05,5,19.069823,72.836216,24.3,2026-06-15T07:24:00+05:30,2026-06-15T07:24:06+05:30
P-0001403,V-05,5,19.069341,72.83648,17.3,2026-06-15T07:24:10+05:30,2026-06-15T07:24:12+05:30
P-0001404,V-05,5,19.068705,72.836321,18.2,2026-06-15T07:24:20+05:30,2026-06-15T07:24:22+05:30
P-0001405,V-05,5,19.068211,72.836114,16.4,2026-06-15T07:24:30+05:30,2026-06-15T07:24:35+05:30
P-0001406,V-05,5,19.068014,72.835837,22.2,2026-06-15T07:24:40+05:30,2026-06-15T07:24:42+05:30
P-0001407,V-05,5,19.067306,72.83584,25.0,2026-06-15T07:24:50+05:30,2026-06-15T07:24:53+05:30
P-0001408,V-05,5,19.06704,72.835739,21.2,2026-06-15T07:25:00+05:30,2026-06-15T07:25:05+05:30
P-0001409,V-05,5,19.066598,72.835655,18.5,2026-06-15T07:25:10+05:30,2026-06-15T07:25:13+05:30
P-0001410,V-05,5,19.065788,72.835365,18.3,2026-06-15T07:25:20+05:30,2026-06-15T07:25:24+05:30
P-0001411,V-05,5,19.065579,72.835773,22.5,2026-06-15T07:25:30+05:30,2026-06-15T07:25:32+05:30
P-0001412,V-05,5,19.065158,72.835607,23.7,2026-06-15T07:25:40+05:30,2026-06-15T07:25:42+05:30
P-0001413,V-05,5,19.06441,72.835164,19.5,2026-06-15T07:25:50+05:30,2026-06-15T07:25:52+05:30
P-0001414,V-05,5,19.064033,72.835087,19.4,2026-06-15T07:26:00+05:30,2026-06-15T07:26:03+05:30
P-0001415,V-05,5,19.063963,72.835109,16.4,2026-06-15T07:26:10+05:30,2026-06-15T07:26:13+05:30
P-0001416,V-05,5,19.063408,72.834973,15.1,2026-06-15T07:26:20+05:30,2026-06-15T07:26:22+05:30
P-0001417,V-05,5,19.062902,72.835218,24.6,2026-06-15T07:26:30+05:30,2026-06-15T07:26:31+05:30
P-0001418,V-05,5,19.062324,72.835125,22.9,2026-06-15T07:26:40+05:30,2026-06-15T07:26:45+05:30
P-0001419,V-05,5,19.06197,72.834629,17.4,2026-06-15T07:26:50+05:30,2026-06-15T07:26:55+05:30
P-0001420,V-05,5,19.061235,72.834541,20.3,2026-06-15T07:27:00+05:30,2026-06-15T07:27:04+05:30
P-0001421,V-05,5,19.061038,72.834585,18.2,2026-06-15T07:27:10+05:30,2026-06-15T07:27:14+05:30
P-0001422,V-05,5,19.060486,72.834486,23.3,2026-06-15T07:27:20+05:30,2026-06-15T07:27:22+05:30
P-0001423,V-05,5,19.059997,72.834545,17.1,2026-06-15T07:27:30+05:30,2026-06-15T07:27:32+05:30
P-0001424,V-05,5,19.05977,72.834487,18.6,2026-06-15T07:27:40+05:30,2026-06-15T07:27:42+05:30
P-0001425,V-05,5,19.059303,72.834331,26.2,2026-06-15T07:27:50+05:30,2026-06-15T07:27:53+05:30
P-0001426,V-05,5,19.05889,72.834081,23.3,2026-06-15T07:28:00+05:30,2026-06-15T07:28:04+05:30
P-0001427,V-05,5,19.058158,72.833961,22.4,2026-06-15T07:28:10+05:30,2026-06-15T07:28:11+05:30
P-0001428,V-05,5,19.057981,72.834131,26.7,2026-06-15T07:28:20+05:30,2026-06-15T07:28:24+05:30
P-0001429,V-05,5,19.057206,72.834007,22.5,2026-06-15T07:28:30+05:30,2026-06-15T07:28:35+05:30
P-0001430,V-05,5,19.056668,72.833914,17.9,2026-06-15T07:28:40+05:30,2026-06-15T07:28:45+05:30
P-0001431,V-05,5,19.056291,72.833905,26.6,2026-06-15T07:28:50+05:30,2026-06-15T07:28:53+05:30
P-0001432,V-05,5,19.056123,72.833543,18.9,2026-06-15T07:29:00+05:30,2026-06-15T07:29:06+05:30
P-0001433,V-05,5,19.055444,72.833731,26.7,2026-06-15T07:29:10+05:30,2026-06-15T07:29:13+05:30
P-0001434,V-05,5,19.054937,72.833501,25.6,2026-06-15T07:29:20+05:30,2026-06-15T07:29:22+05:30
P-0001435,V-05,5,19.05449,72.8333,25.1,2026-06-15T07:29:30+05:30,2026-06-15T07:29:33+05:30
P-0001436,V-05,5,19.054305,72.833408,17.6,2026-06-15T07:29:40+05:30,2026-06-15T07:29:43+05:30
P-0001437,V-05,5,19.053531,72.833098,26.9,2026-06-15T07:29:50+05:30,2026-06-15T07:29:55+05:30
P-0001438,V-05,5,19.053244,72.832925,21.1,2026-06-15T07:30:00+05:30,2026-06-15T07:30:05+05:30
P-0001439,V-05,5,19.052544,72.832865,23.2,2026-06-15T07:30:10+05:30,2026-06-15T07:30:11+05:30
P-0001440,V-05,5,19.052324,72.833019,27.0,2026-06-15T07:30:20+05:30,2026-06-15T07:30:21+05:30
P-0001441,V-05,5,19.051797,72.833009,19.8,2026-06-15T07:30:30+05:30,2026-06-15T07:30:35+05:30
P-0001442,V-05,5,19.051423,72.832879,17.8,2026-06-15T07:30:40+05:30,2026-06-15T07:30:44+05:30
P-0001443,V-05,5,19.050804,72.832521,25.9,2026-06-15T07:30:50+05:30,2026-06-15T07:30:51+05:30
P-0001444,V-05,5,19.050633,72.83273,25.1,2026-06-15T07:31:00+05:30,2026-06-15T07:31:02+05:30
P-0001445,V-05,5,19.049864,72.832721,25.1,2026-06-15T07:31:10+05:30,2026-06-15T07:31:11+05:30
P-0001446,V-05,5,19.049482,72.832556,20.9,2026-06-15T07:31:20+05:30,2026-06-15T07:31:26+05:30
P-0001447,V-05,5,19.04907,72.832266,22.9,2026-06-15T07:31:30+05:30,2026-06-15T07:31:34+05:30
P-0001448,V-05,5,19.048814,72.832029,23.2,2026-06-15T07:31:40+05:30,2026-06-15T07:31:43+05:30
P-0001449,V-05,5,19.048039,72.832335,28.0,2026-06-15T07:31:50+05:30,2026-06-15T07:31:53+05:30
P-0001450,V-05,5,19.047605,72.832221,26.2,2026-06-15T07:32:00+05:30,2026-06-15T07:32:04+05:30
P-0001451,V-05,5,19.047148,72.832237,21.0,2026-06-15T07:32:10+05:30,2026-06-15T07:32:14+05:30
P-0001452,V-05,5,19.046706,72.831968,29.0,2026-06-15T07:32:20+05:30,2026-06-15T07:32:23+05:30
P-0001453,V-05,5,19.046581,72.832253,26.9,2026-06-15T07:32:30+05:30,2026-06-15T07:32:36+05:30
P-0001454,V-05,5,19.045978,72.832366,28.6,2026-06-15T07:32:40+05:30,2026-06-15T07:32:43+05:30
P-0001455,V-05,5,19.045209,72.832262,18.1,2026-06-15T07:32:50+05:30,2026-06-15T07:32:53+05:30
P-0001456,V-05,5,19.044764,72.83205,25.3,2026-06-15T07:33:00+05:30,2026-06-15T07:33:02+05:30
P-0001457,V-05,5,19.044298,72.832215,28.3,2026-06-15T07:33:10+05:30,2026-06-15T07:33:12+05:30
P-0001458,V-05,5,19.044035,72.832501,20.5,2026-06-15T07:33:20+05:30,2026-06-15T07:33:24+05:30
P-0001459,V-05,5,19.043327,72.832325,27.2,2026-06-15T07:33:30+05:30,2026-06-15T07:33:34+05:30
P-0001460,V-05,5,19.043045,72.832475,20.1,2026-06-15T07:33:40+05:30,2026-06-15T07:33:43+05:30
P-0001461,V-05,5,19.042406,72.832472,27.9,2026-06-15T07:33:50+05:30,2026-06-15T07:33:52+05:30
P-0001462,V-05,5,19.042252,72.832207,26.0,2026-06-15T07:34:00+05:30,2026-06-15T07:34:06+05:30
P-0001463,V-05,5,19.041651,72.832429,22.3,2026-06-15T07:34:10+05:30,2026-06-15T07:34:16+05:30
P-0001464,V-05,5,19.041099,72.832348,24.9,2026-06-15T07:34:20+05:30,2026-06-15T07:34:23+05:30
P-0001465,V-05,5,19.040866,72.832667,30.1,2026-06-15T07:34:30+05:30,2026-06-15T07:34:36+05:30
P-0001466,V-05,5,19.040064,72.832585,30.2,2026-06-15T07:34:40+05:30,2026-06-15T07:34:46+05:30
P-0001467,V-05,5,19.03976,72.832744,27.5,2026-06-15T07:34:50+05:30,2026-06-15T07:34:51+05:30
P-0001468,V-05,5,19.039485,72.832708,30.5,2026-06-15T07:35:00+05:30,2026-06-15T07:35:02+05:30
P-0001469,V-05,5,19.038742,72.832721,23.2,2026-06-15T07:35:10+05:30,2026-06-15T07:35:13+05:30
P-0001470,V-05,5,19.038223,72.832668,20.5,2026-06-15T07:35:20+05:30,2026-06-15T07:35:21+05:30
P-0001471,V-05,5,19.03788,72.832531,21.5,2026-06-15T07:35:30+05:30,2026-06-15T07:35:34+05:30
P-0001472,V-05,5,19.037729,72.832816,29.1,2026-06-15T07:35:40+05:30,2026-06-15T07:35:41+05:30
P-0001473,V-05,5,19.037291,72.832481,23.2,2026-06-15T07:35:50+05:30,2026-06-15T07:35:54+05:30
P-0001474,V-05,5,19.036579,72.83273,21.2,2026-06-15T07:36:00+05:30,2026-06-15T07:36:02+05:30
P-0001475,V-05,5,19.036162,72.83271,30.7,2026-06-15T07:36:10+05:30,2026-06-15T07:36:16+05:30
P-0001476,V-05,5,19.035583,72.832622,19.4,2026-06-15T07:36:20+05:30,2026-06-15T07:36:26+05:30
P-0001477,V-05,5,19.035227,72.832981,26.4,2026-06-15T07:36:30+05:30,2026-06-15T07:36:34+05:30
P-0001478,V-05,5,19.034927,72.832689,20.9,2026-06-15T07:36:40+05:30,2026-06-15T07:36:43+05:30
P-0001479,V-05,5,19.034096,72.832611,21.9,2026-06-15T07:36:50+05:30,2026-06-15T07:36:53+05:30
P-0001480,V-05,5,19.033917,72.832569,19.6,2026-06-15T07:37:00+05:30,2026-06-15T07:37:06+05:30
P-0001481,V-05,5,19.033273,72.832915,21.8,2026-06-15T07:37:10+05:30,2026-06-15T07:37:15+05:30
P-0001482,V-05,5,19.033057,72.833015,20.1,2026-06-15T07:37:20+05:30,2026-06-15T07:37:26+05:30
P-0001483,V-05,5,19.032256,72.832811,21.8,2026-06-15T07:37:30+05:30,2026-06-15T07:37:31+05:30
P-0001484,V-05,5,19.031935,72.83276,29.8,2026-06-15T07:37:40+05:30,2026-06-15T07:37:46+05:30
P-0001485,V-05,5,19.031536,72.832669,25.6,2026-06-15T07:37:50+05:30,2026-06-15T07:37:56+05:30
P-0001486,V-05,5,19.030947,72.832938,22.9,2026-06-15T07:38:00+05:30,2026-06-15T07:38:06+05:30
P-0001487,V-05,5,19.030416,72.832903,27.2,2026-06-15T07:38:10+05:30,2026-06-15T07:38:15+05:30
P-0001488,V-05,5,19.030076,72.832792,31.7,2026-06-15T07:38:20+05:30,2026-06-15T07:38:22+05:30
P-0001489,V-05,5,19.029458,72.833132,31.9,2026-06-15T07:38:30+05:30,2026-06-15T07:38:31+05:30
P-0001490,V-05,5,19.029025,72.833211,30.1,2026-06-15T07:38:40+05:30,2026-06-15T07:38:44+05:30
P-0001491,V-05,5,19.028461,72.833125,27.8,2026-06-15T07:38:50+05:30,2026-06-15T07:38:52+05:30
P-0001492,V-05,5,19.028098,72.832951,27.3,2026-06-15T07:39:00+05:30,2026-06-15T07:39:04+05:30
P-0001493,V-05,5,19.027925,72.833091,22.4,2026-06-15T07:39:10+05:30,2026-06-15T07:39:14+05:30
P-0001494,V-05,5,19.027422,72.833084,31.9,2026-06-15T07:39:20+05:30,2026-06-15T07:39:21+05:30
P-0001495,V-05,5,19.026724,72.833313,24.4,2026-06-15T07:39:30+05:30,2026-06-15T07:39:33+05:30
P-0001496,V-05,5,19.026616,72.833049,32.8,2026-06-15T07:39:40+05:30,2026-06-15T07:39:44+05:30
P-0001497,V-05,5,19.026136,72.83315,25.4,2026-06-15T07:39:50+05:30,2026-06-15T07:39:56+05:30
P-0001498,V-05,5,19.025301,72.833345,28.3,2026-06-15T07:40:00+05:30,2026-06-15T07:40:02+05:30
P-0001499,V-05,5,19.024847,72.833301,25.0,2026-06-15T07:40:10+05:30,2026-06-15T07:40:14+05:30
P-0001500,V-05,5,19.024464,72.833073,31.9,2026-06-15T07:40:20+05:30,2026-06-15T07:40:21+05:30
P-0001501,V-05,5,19.024045,72.833187,31.3,2026-06-15T07:40:30+05:30,2026-06-15T07:40:35+05:30
P-0001502,V-05,5,19.023681,72.833043,32.9,2026-06-15T07:40:40+05:30,2026-06-15T07:40:44+05:30
P-0001503,V-05,5,19.023151,72.833218,24.8,2026-06-15T07:40:50+05:30,2026-06-15T07:40:53+05:30
P-0001504,V-05,5,19.022591,72.833554,24.0,2026-06-15T07:41:00+05:30,2026-06-15T07:41:05+05:30
P-0001505,V-05,5,19.022218,72.833247,28.3,2026-06-15T07:41:10+05:30,2026-06-15T07:41:13+05:30
P-0001506,V-05,5,19.021823,72.833397,23.8,2026-06-15T07:41:20+05:30,2026-06-15T07:41:21+05:30
P-0001507,V-05,5,19.021492,72.833186,33.2,2026-06-15T07:41:30+05:30,2026-06-15T07:41:32+05:30
P-0001508,V-05,5,19.020657,72.832842,24.5,2026-06-15T07:41:40+05:30,2026-06-15T07:41:45+05:30
P-0001509,V-05,5,19.020136,72.833029,32.0,2026-06-15T07:41:50+05:30,2026-06-15T07:41:56+05:30
P-0001510,V-05,5,19.019834,72.832809,23.8,2026-06-15T07:42:00+05:30,2026-06-15T07:42:04+05:30
P-0001511,V-05,5,19.019435,72.83267,24.8,2026-06-15T07:42:10+05:30,2026-06-15T07:42:11+05:30
P-0001512,V-05,5,19.019205,72.832763,27.3,2026-06-15T07:42:20+05:30,2026-06-15T07:42:21+05:30
P-0001513,V-05,5,19.018458,72.832613,28.4,2026-06-15T07:42:30+05:30,2026-06-15T07:42:34+05:30
P-0001514,V-05,5,19.018245,72.832319,30.3,2026-06-15T07:42:40+05:30,2026-06-15T07:42:44+05:30
P-0001515,V-05,5,19.017495,72.832255,32.3,2026-06-15T07:42:50+05:30,2026-06-15T07:42:56+05:30
P-0001516,V-05,5,19.017196,72.832459,29.6,2026-06-15T07:43:00+05:30,2026-06-15T07:43:05+05:30
P-0001517,V-05,5,19.016668,72.832461,33.1,2026-06-15T07:43:10+05:30,2026-06-15T07:43:16+05:30
P-0001518,V-05,5,19.016367,72.832132,28.8,2026-06-15T07:43:20+05:30,2026-06-15T07:43:24+05:30
P-0001519,V-05,5,19.01602,72.832219,34.2,2026-06-15T07:43:30+05:30,2026-06-15T07:43:32+05:30
P-0001520,V-05,5,19.015367,72.832185,33.3,2026-06-15T07:43:40+05:30,2026-06-15T07:43:46+05:30
P-0001521,V-05,5,19.015044,72.83219,25.2,2026-06-15T07:43:50+05:30,2026-06-15T07:43:52+05:30
P-0001522,V-05,5,19.014602,72.831789,33.1,2026-06-15T07:44:00+05:30,2026-06-15T07:44:06+05:30
P-0001523,V-05,5,19.013836,72.83181,27.8,2026-06-15T07:44:10+05:30,2026-06-15T07:44:14+05:30
P-0001524,V-05,5,19.013391,72.831526,27.2,2026-06-15T07:44:20+05:30,2026-06-15T07:44:26+05:30
P-0001525,V-05,5,19.013189,72.831669,27.3,2026-06-15T07:44:30+05:30,2026-06-15T07:44:32+05:30
P-0001526,V-05,5,19.01242,72.831711,35.6,2026-06-15T07:44:40+05:30,2026-06-15T07:44:42+05:30
P-0001527,V-05,5,19.01229,72.83175,33.7,2026-06-15T07:44:50+05:30,2026-06-15T07:44:52+05:30
P-0001528,V-05,5,19.011606,72.831372,25.6,2026-06-15T07:45:00+05:30,2026-06-15T07:45:01+05:30
P-0001529,V-05,5,19.01103,72.831263,25.4,2026-06-15T07:45:10+05:30,2026-06-15T07:45:12+05:30
P-0001530,V-05,5,19.010705,72.831147,33.0,2026-06-15T07:45:20+05:30,2026-06-15T07:45:23+05:30
P-0001531,V-05,5,19.01004,72.831258,25.0,2026-06-15T07:45:30+05:30,2026-06-15T07:45:32+05:30
P-0001532,V-05,5,19.009846,72.831152,35.7,2026-06-15T07:45:40+05:30,2026-06-15T07:45:44+05:30
P-0001533,V-05,5,19.00916,72.83121,29.9,2026-06-15T07:45:50+05:30,2026-06-15T07:45:51+05:30
P-0001534,V-05,5,19.008859,72.830953,27.3,2026-06-15T07:46:00+05:30,2026-06-15T07:46:01+05:30
P-0001535,V-05,5,19.008286,72.831056,32.2,2026-06-15T07:46:10+05:30,2026-06-15T07:46:13+05:30
P-0001536,V-05,5,19.007961,72.831019,27.2,2026-06-15T07:46:20+05:30,2026-06-15T07:46:22+05:30
P-0001537,V-05,5,19.007328,72.830528,36.1,2026-06-15T07:46:30+05:30,2026-06-15T07:46:32+05:30
P-0001538,V-05,5,19.007239,72.830637,33.8,2026-06-15T07:46:40+05:30,2026-06-15T07:46:44+05:30
P-0001539,V-05,5,19.006726,72.83056,34.5,2026-06-15T07:46:50+05:30,2026-06-15T07:46:53+05:30
P-0001540,V-05,5,19.006373,72.83043,30.5,2026-06-15T07:47:00+05:30,2026-06-15T07:47:04+05:30
P-0001541,V-05,5,19.005611,72.830267,29.8,2026-06-15T07:47:10+05:30,2026-06-15T07:47:12+05:30
P-0001542,V-05,5,19.005242,72.830561,27.0,2026-06-15T07:47:20+05:30,2026-06-15T07:47:24+05:30
P-0001543,V-05,5,19.004748,72.830081,32.5,2026-06-15T07:47:30+05:30,2026-06-15T07:47:35+05:30
P-0001544,V-05,5,19.004522,72.82991,33.3,2026-06-15T07:47:40+05:30,2026-06-15T07:47:44+05:30
P-0001545,V-05,5,19.003934,72.830273,33.8,2026-06-15T07:47:50+05:30,2026-06-15T07:47:56+05:30
P-0001546,V-05,5,19.003489,72.829914,33.9,2026-06-15T07:48:00+05:30,2026-06-15T07:48:02+05:30
P-0001547,V-10,6,19.076189,73.000864,30.2,2026-06-15T07:20:00+05:30,2026-06-15T07:20:01+05:30
P-0001548,V-10,6,19.076072,73.000316,31.3,2026-06-15T07:20:10+05:30,2026-06-15T07:20:15+05:30
P-0001549,V-10,6,19.075609,72.999584,30.2,2026-06-15T07:20:20+05:30,2026-06-15T07:20:26+05:30
P-0001550,V-10,6,19.075507,72.999489,37.2,2026-06-15T07:20:30+05:30,2026-06-15T07:20:31+05:30
P-0001551,V-10,6,19.075736,72.998977,26.0,2026-06-15T07:20:40+05:30,2026-06-15T07:20:41+05:30
P-0001552,V-10,6,19.075616,72.998337,27.1,2026-06-15T07:20:50+05:30,2026-06-15T07:20:55+05:30
P-0001553,V-10,6,19.075422,72.997672,31.8,2026-06-15T07:21:00+05:30,2026-06-15T07:21:02+05:30
P-0001554,V-10,6,19.075277,72.997298,30.9,2026-06-15T07:21:10+05:30,2026-06-15T07:21:14+05:30
P-0001555,V-10,6,19.074908,72.996864,26.0,2026-06-15T07:21:20+05:30,2026-06-15T07:21:25+05:30
P-0001556,V-10,6,19.074771,72.996183,32.3,2026-06-15T07:21:30+05:30,2026-06-15T07:21:33+05:30
P-0001557,V-10,6,19.074994,72.995813,29.5,2026-06-15T07:21:40+05:30,2026-06-15T07:21:44+05:30
P-0001558,V-10,6,19.074764,72.995493,27.0,2026-06-15T07:21:50+05:30,2026-06-15T07:21:52+05:30
P-0001559,V-10,6,19.074728,72.994717,35.2,2026-06-15T07:22:00+05:30,2026-06-15T07:22:04+05:30
P-0001560,V-10,6,19.074513,72.994466,34.2,2026-06-15T07:22:10+05:30,2026-06-15T07:22:13+05:30
P-0001561,V-10,6,19.074047,72.993703,32.2,2026-06-15T07:22:20+05:30,2026-06-15T07:22:22+05:30
P-0001562,V-10,6,19.074181,72.993383,25.6,2026-06-15T07:22:30+05:30,2026-06-15T07:22:33+05:30
P-0001563,V-10,6,19.074041,72.992896,32.9,2026-06-15T07:22:40+05:30,2026-06-15T07:22:46+05:30
P-0001564,V-10,6,19.073968,72.992426,32.9,2026-06-15T07:22:50+05:30,2026-06-15T07:22:55+05:30
P-0001565,V-10,6,19.073764,72.991619,32.0,2026-06-15T07:23:00+05:30,2026-06-15T07:23:01+05:30
P-0001566,V-10,6,19.073657,72.991522,25.5,2026-06-15T07:23:10+05:30,2026-06-15T07:23:13+05:30
P-0001567,V-10,6,19.073479,72.990807,27.0,2026-06-15T07:23:20+05:30,2026-06-15T07:23:22+05:30
P-0001568,V-10,6,19.073316,72.990318,35.3,2026-06-15T07:23:30+05:30,2026-06-15T07:23:36+05:30
P-0001569,V-10,6,19.073016,72.989834,32.4,2026-06-15T07:23:40+05:30,2026-06-15T07:23:45+05:30
P-0001570,V-10,6,19.073033,72.989127,25.6,2026-06-15T07:23:50+05:30,2026-06-15T07:23:51+05:30
P-0001571,V-10,6,19.073232,72.988635,26.5,2026-06-15T07:24:00+05:30,2026-06-15T07:24:01+05:30
P-0001572,V-10,6,19.072821,72.98824,30.6,2026-06-15T07:24:10+05:30,2026-06-15T07:24:11+05:30
P-0001573,V-10,6,19.072966,72.987926,31.0,2026-06-15T07:24:20+05:30,2026-06-15T07:24:23+05:30
P-0001574,V-10,6,19.072694,72.987486,29.7,2026-06-15T07:24:30+05:30,2026-06-15T07:24:36+05:30
P-0001575,V-10,6,19.072457,72.986604,31.9,2026-06-15T07:24:40+05:30,2026-06-15T07:24:41+05:30
P-0001576,V-10,6,19.072261,72.986426,32.3,2026-06-15T07:24:50+05:30,2026-06-15T07:24:54+05:30
P-0001577,V-10,6,19.072362,72.985931,28.3,2026-06-15T07:25:00+05:30,2026-06-15T07:25:05+05:30
P-0001578,V-10,6,19.072326,72.985248,28.5,2026-06-15T07:25:10+05:30,2026-06-15T07:25:15+05:30
P-0001579,V-10,6,19.071904,72.984744,22.7,2026-06-15T07:25:20+05:30,2026-06-15T07:25:25+05:30
P-0001580,V-10,6,19.071787,72.984113,28.7,2026-06-15T07:25:30+05:30,2026-06-15T07:25:36+05:30
P-0001581,V-10,6,19.071568,72.983987,25.4,2026-06-15T07:25:40+05:30,2026-06-15T07:25:45+05:30
P-0001582,V-10,6,19.071502,72.983367,29.4,2026-06-15T07:25:50+05:30,2026-06-15T07:25:51+05:30
P-0001583,V-10,6,19.071576,72.982646,26.3,2026-06-15T07:26:00+05:30,2026-06-15T07:26:04+05:30
P-0001584,V-10,6,19.071604,72.982108,32.6,2026-06-15T07:26:10+05:30,2026-06-15T07:26:15+05:30
P-0001585,V-10,6,19.071366,72.981909,32.6,2026-06-15T07:26:20+05:30,2026-06-15T07:26:22+05:30
P-0001586,V-10,6,19.071295,72.981496,29.0,2026-06-15T07:26:30+05:30,2026-06-15T07:26:34+05:30
P-0001587,V-10,6,19.070883,72.980958,30.4,2026-06-15T07:26:40+05:30,2026-06-15T07:26:41+05:30
P-0001588,V-10,6,19.070737,72.980379,29.6,2026-06-15T07:26:50+05:30,2026-06-15T07:26:52+05:30
P-0001589,V-10,6,19.070592,72.97987,24.7,2026-06-15T07:27:00+05:30,2026-06-15T07:27:03+05:30
P-0001590,V-10,6,19.070637,72.979377,29.6,2026-06-15T07:27:10+05:30,2026-06-15T07:27:13+05:30
P-0001591,V-10,6,19.070707,72.978652,22.1,2026-06-15T07:27:20+05:30,2026-06-15T07:27:23+05:30
P-0001592,V-10,6,19.070381,72.978197,26.9,2026-06-15T07:27:30+05:30,2026-06-15T07:27:36+05:30
P-0001593,V-10,6,19.070024,72.977961,29.4,2026-06-15T07:27:40+05:30,2026-06-15T07:27:43+05:30
P-0001594,V-10,6,19.069954,72.977508,29.5,2026-06-15T07:27:50+05:30,2026-06-15T07:27:53+05:30
P-0001595,V-10,6,19.070084,72.976868,21.1,2026-06-15T07:28:00+05:30,2026-06-15T07:28:06+05:30
P-0001596,V-10,6,19.06972,72.976035,21.3,2026-06-15T07:28:10+05:30,2026-06-15T07:28:13+05:30
P-0001597,V-10,6,19.069431,72.975553,28.0,2026-06-15T07:28:20+05:30,2026-06-15T07:28:21+05:30
P-0001598,V-10,6,19.06924,72.975352,22.9,2026-06-15T07:28:30+05:30,2026-06-15T07:28:32+05:30
P-0001599,V-10,6,19.069113,72.975009,23.1,2026-06-15T07:28:40+05:30,2026-06-15T07:28:41+05:30
P-0001600,V-10,6,19.069024,72.974144,23.0,2026-06-15T07:28:50+05:30,2026-06-15T07:28:53+05:30
P-0001601,V-10,6,19.06892,72.974069,29.6,2026-06-15T07:29:00+05:30,2026-06-15T07:29:05+05:30
P-0001602,V-10,6,19.068699,72.973502,25.0,2026-06-15T07:29:10+05:30,2026-06-15T07:29:12+05:30
P-0001603,V-10,6,19.068584,72.972985,21.8,2026-06-15T07:29:20+05:30,2026-06-15T07:29:23+05:30
P-0001604,V-10,6,19.068364,72.972349,28.0,2026-06-15T07:29:30+05:30,2026-06-15T07:29:34+05:30
P-0001605,V-10,6,19.068058,72.971759,24.8,2026-06-15T07:29:40+05:30,2026-06-15T07:29:46+05:30
P-0001606,V-10,6,19.068061,72.971454,25.0,2026-06-15T07:29:50+05:30,2026-06-15T07:29:53+05:30
P-0001607,V-10,6,19.067893,72.97078,20.4,2026-06-15T07:30:00+05:30,2026-06-15T07:30:06+05:30
P-0001608,V-10,6,19.067638,72.970566,29.6,2026-06-15T07:30:10+05:30,2026-06-15T07:30:12+05:30
P-0001609,V-10,6,19.067458,72.97009,27.9,2026-06-15T07:30:20+05:30,2026-06-15T07:30:23+05:30
P-0001610,V-10,6,19.067487,72.969541,29.1,2026-06-15T07:30:30+05:30,2026-06-15T07:30:33+05:30
P-0001611,V-10,6,19.06745,72.968844,21.5,2026-06-15T07:30:40+05:30,2026-06-15T07:30:41+05:30
P-0001612,V-10,6,19.067119,72.968286,26.2,2026-06-15T07:30:50+05:30,2026-06-15T07:30:55+05:30
P-0001613,V-10,6,19.067065,72.967735,22.6,2026-06-15T07:31:00+05:30,2026-06-15T07:31:06+05:30
P-0001614,V-10,6,19.066879,72.967489,24.2,2026-06-15T07:31:10+05:30,2026-06-15T07:31:11+05:30
P-0001615,V-10,6,19.066574,72.967182,20.7,2026-06-15T07:31:20+05:30,2026-06-15T07:31:26+05:30
P-0001616,V-10,6,19.066317,72.966579,28.8,2026-06-15T07:31:30+05:30,2026-06-15T07:31:33+05:30
P-0001617,V-10,6,19.066195,72.965995,20.5,2026-06-15T07:31:40+05:30,2026-06-15T07:31:44+05:30
P-0001618,V-10,6,19.066308,72.965515,22.7,2026-06-15T07:31:50+05:30,2026-06-15T07:31:55+05:30
P-0001619,V-10,6,19.066203,72.964983,29.2,2026-06-15T07:32:00+05:30,2026-06-15T07:32:02+05:30
P-0001620,V-10,6,19.065831,72.964305,20.2,2026-06-15T07:32:10+05:30,2026-06-15T07:32:14+05:30
P-0001621,V-10,6,19.065798,72.963889,24.8,2026-06-15T07:32:20+05:30,2026-06-15T07:32:25+05:30
P-0001622,V-10,6,19.065559,72.96372,20.2,2026-06-15T07:32:30+05:30,2026-06-15T07:32:36+05:30
P-0001623,V-10,6,19.065459,72.962874,22.0,2026-06-15T07:32:40+05:30,2026-06-15T07:32:42+05:30
P-0001624,V-10,6,19.065275,72.96274,29.2,2026-06-15T07:32:50+05:30,2026-06-15T07:32:53+05:30
P-0001625,V-10,6,19.065161,72.961884,18.2,2026-06-15T07:33:00+05:30,2026-06-15T07:33:04+05:30
P-0001626,V-10,6,19.064649,72.961583,27.4,2026-06-15T07:33:10+05:30,2026-06-15T07:33:14+05:30
P-0001627,V-10,6,19.064829,72.961187,18.4,2026-06-15T07:33:20+05:30,2026-06-15T07:33:26+05:30
P-0001628,V-10,6,19.064385,72.960565,20.9,2026-06-15T07:33:30+05:30,2026-06-15T07:33:34+05:30
P-0001629,V-10,6,19.064501,72.960053,24.1,2026-06-15T07:33:40+05:30,2026-06-15T07:33:44+05:30
P-0001630,V-10,6,19.064191,72.959632,17.2,2026-06-15T07:33:50+05:30,2026-06-15T07:33:55+05:30
P-0001631,V-10,6,19.06381,72.959146,28.1,2026-06-15T07:34:00+05:30,2026-06-15T07:34:05+05:30
P-0001632,V-10,6,19.063931,72.958585,22.7,2026-06-15T07:34:10+05:30,2026-06-15T07:34:12+05:30
P-0001633,V-10,6,19.063718,72.958395,18.4,2026-06-15T07:34:20+05:30,2026-06-15T07:34:25+05:30
P-0001634,V-10,6,19.063526,72.957562,21.4,2026-06-15T07:34:30+05:30,2026-06-15T07:34:36+05:30
P-0001635,V-10,6,19.063116,72.957357,17.7,2026-06-15T07:34:40+05:30,2026-06-15T07:34:44+05:30
P-0001636,V-10,6,19.063058,72.956483,26.7,2026-06-15T07:34:50+05:30,2026-06-15T07:34:52+05:30
P-0001637,V-10,6,19.063242,72.956191,27.4,2026-06-15T07:35:00+05:30,2026-06-15T07:35:04+05:30
P-0001638,V-10,6,19.062692,72.955686,18.5,2026-06-15T07:35:10+05:30,2026-06-15T07:35:16+05:30
P-0001639,V-10,6,19.062898,72.955405,16.4,2026-06-15T07:35:20+05:30,2026-06-15T07:35:23+05:30
P-0001640,V-10,6,19.06249,72.954739,17.8,2026-06-15T07:35:30+05:30,2026-06-15T07:35:36+05:30
P-0001641,V-10,6,19.062445,72.954179,18.2,2026-06-15T07:35:40+05:30,2026-06-15T07:35:45+05:30
P-0001642,V-10,6,19.062112,72.953984,25.4,2026-06-15T07:35:50+05:30,2026-06-15T07:35:54+05:30
P-0001643,V-10,6,19.061873,72.953535,23.4,2026-06-15T07:36:00+05:30,2026-06-15T07:36:02+05:30
P-0001644,V-10,6,19.061768,72.952741,17.3,2026-06-15T07:36:10+05:30,2026-06-15T07:36:13+05:30
P-0001645,V-10,6,19.061622,72.952454,21.4,2026-06-15T07:36:20+05:30,2026-06-15T07:36:26+05:30
P-0001646,V-10,6,19.061686,72.951815,25.0,2026-06-15T07:36:30+05:30,2026-06-15T07:36:32+05:30
P-0001647,V-10,6,19.061567,72.951202,23.1,2026-06-15T07:36:40+05:30,2026-06-15T07:36:41+05:30
P-0001648,V-10,6,19.061331,72.95107,20.1,2026-06-15T07:36:50+05:30,2026-06-15T07:36:54+05:30
P-0001649,V-10,6,19.060884,72.950561,26.7,2026-06-15T07:37:00+05:30,2026-06-15T07:37:05+05:30
P-0001650,V-10,6,19.061041,72.949844,17.7,2026-06-15T07:37:10+05:30,2026-06-15T07:37:12+05:30
P-0001651,V-10,6,19.06072,72.949321,22.4,2026-06-15T07:37:20+05:30,2026-06-15T07:37:24+05:30
P-0001652,V-10,6,19.060633,72.948711,23.4,2026-06-15T07:37:30+05:30,2026-06-15T07:37:33+05:30
P-0001653,V-10,6,19.060394,72.948276,21.5,2026-06-15T07:37:40+05:30,2026-06-15T07:37:45+05:30
P-0001654,V-10,6,19.060111,72.948066,20.6,2026-06-15T07:37:50+05:30,2026-06-15T07:37:52+05:30
P-0001655,V-10,6,19.060096,72.947442,21.7,2026-06-15T07:38:00+05:30,2026-06-15T07:38:01+05:30
P-0001656,V-10,6,19.059727,72.946807,15.6,2026-06-15T07:38:10+05:30,2026-06-15T07:38:16+05:30
P-0001657,V-10,6,19.059946,72.946383,20.2,2026-06-15T07:38:20+05:30,2026-06-15T07:38:22+05:30
P-0001658,V-10,6,19.0596,72.946037,24.7,2026-06-15T07:38:30+05:30,2026-06-15T07:38:33+05:30
P-0001659,V-10,6,19.05962,72.945331,19.9,2026-06-15T07:38:40+05:30,2026-06-15T07:38:44+05:30
P-0001660,V-10,6,19.059185,72.944857,24.1,2026-06-15T07:38:50+05:30,2026-06-15T07:38:53+05:30
P-0001661,V-10,6,19.059078,72.94436,15.1,2026-06-15T07:39:00+05:30,2026-06-15T07:39:03+05:30
P-0001662,V-10,6,19.059266,72.944162,22.4,2026-06-15T07:39:10+05:30,2026-06-15T07:39:14+05:30
P-0001663,V-10,6,19.059136,72.943525,25.9,2026-06-15T07:39:20+05:30,2026-06-15T07:39:21+05:30
P-0001664,V-10,6,19.058597,72.942907,17.7,2026-06-15T07:39:30+05:30,2026-06-15T07:39:32+05:30
P-0001665,V-10,6,19.058838,72.94243,26.1,2026-06-15T07:39:40+05:30,2026-06-15T07:39:44+05:30
P-0001666,V-10,6,19.058605,72.941951,21.5,2026-06-15T07:39:50+05:30,2026-06-15T07:39:55+05:30
P-0001667,V-10,6,19.058552,72.941598,16.1,2026-06-15T07:40:00+05:30,2026-06-15T07:40:04+05:30
P-0001668,V-10,6,19.058138,72.940912,24.0,2026-06-15T07:40:10+05:30,2026-06-15T07:40:13+05:30
P-0001669,V-10,6,19.057992,72.940555,25.3,2026-06-15T07:40:20+05:30,2026-06-15T07:40:24+05:30
P-0001670,V-10,6,19.057904,72.940109,23.0,2026-06-15T07:40:30+05:30,2026-06-15T07:40:34+05:30
P-0001671,V-10,6,19.057976,72.93971,15.9,2026-06-15T07:40:40+05:30,2026-06-15T07:40:41+05:30
P-0001672,V-10,6,19.057968,72.938777,18.6,2026-06-15T07:40:50+05:30,2026-06-15T07:40:56+05:30
P-0001673,V-10,6,19.057764,72.938636,25.2,2026-06-15T07:41:00+05:30,2026-06-15T07:41:02+05:30
P-0001674,V-10,6,19.057334,72.937834,20.3,2026-06-15T07:41:10+05:30,2026-06-15T07:41:11+05:30
P-0001675,V-10,6,19.05738,72.937438,20.4,2026-06-15T07:41:20+05:30,2026-06-15T07:41:22+05:30
P-0001676,V-10,6,19.057029,72.937039,21.1,2026-06-15T07:41:30+05:30,2026-06-15T07:41:36+05:30
P-0001677,V-10,6,19.057116,72.936667,21.6,2026-06-15T07:41:40+05:30,2026-06-15T07:41:45+05:30
P-0001678,V-10,6,19.056806,72.935762,21.8,2026-06-15T07:41:50+05:30,2026-06-15T07:41:54+05:30
P-0001679,V-10,6,19.056723,72.935527,16.8,2026-06-15T07:42:00+05:30,2026-06-15T07:42:03+05:30
P-0001680,V-10,6,19.056525,72.934817,22.0,2026-06-15T07:42:10+05:30,2026-06-15T07:42:15+05:30
P-0001681,V-10,6,19.056586,72.934575,20.7,2026-06-15T07:42:20+05:30,2026-06-15T07:42:21+05:30
P-0001682,V-10,6,19.056556,72.934163,24.2,2026-06-15T07:42:30+05:30,2026-06-15T07:42:32+05:30
P-0001683,V-10,6,19.056297,72.933386,21.0,2026-06-15T07:42:40+05:30,2026-06-15T07:42:43+05:30
P-0001684,V-10,6,19.055991,72.933108,22.8,2026-06-15T07:42:50+05:30,2026-06-15T07:42:51+05:30
P-0001685,V-10,6,19.056237,72.932472,18.4,2026-06-15T07:43:00+05:30,2026-06-15T07:43:04+05:30
P-0001686,V-10,6,19.055994,72.932055,18.9,2026-06-15T07:43:10+05:30,2026-06-15T07:43:15+05:30
P-0001687,V-10,6,19.055907,72.931328,20.7,2026-06-15T07:43:20+05:30,2026-06-15T07:43:23+05:30
P-0001688,V-10,6,19.055484,72.930939,20.9,2026-06-15T07:43:30+05:30,2026-06-15T07:43:33+05:30
P-0001689,V-10,6,19.055206,72.930545,18.7,2026-06-15T07:43:40+05:30,2026-06-15T07:43:46+05:30
P-0001690,V-10,6,19.055134,72.930214,21.0,2026-06-15T07:43:50+05:30,2026-06-15T07:43:51+05:30
P-0001691,V-10,6,19.054976,72.92931,24.0,2026-06-15T07:44:00+05:30,2026-06-15T07:44:04+05:30
P-0001692,V-10,6,19.055066,72.929027,21.5,2026-06-15T07:44:10+05:30,2026-06-15T07:44:15+05:30
P-0001693,V-10,6,19.055099,72.928442,14.5,2026-06-15T07:44:20+05:30,2026-06-15T07:44:23+05:30
P-0001694,V-10,6,19.05465,72.928009,14.2,2026-06-15T07:44:30+05:30,2026-06-15T07:44:36+05:30
P-0001695,V-10,6,19.054778,72.927729,24.7,2026-06-15T07:44:40+05:30,2026-06-15T07:44:41+05:30
P-0001696,V-10,6,19.054305,72.927148,15.3,2026-06-15T07:44:50+05:30,2026-06-15T07:44:54+05:30
P-0001697,V-10,6,19.054309,72.926398,21.6,2026-06-15T07:45:00+05:30,2026-06-15T07:45:06+05:30
P-0001698,V-10,6,19.054285,72.926095,16.3,2026-06-15T07:45:10+05:30,2026-06-15T07:45:12+05:30
P-0001699,V-10,6,19.054294,72.925451,22.8,2026-06-15T07:45:20+05:30,2026-06-15T07:45:26+05:30
P-0001700,V-10,6,19.054124,72.925124,14.0,2026-06-15T07:45:30+05:30,2026-06-15T07:45:33+05:30
P-0001701,V-10,6,19.053647,72.924691,13.5,2026-06-15T07:45:40+05:30,2026-06-15T07:45:44+05:30
P-0001702,V-10,6,19.053823,72.924138,13.8,2026-06-15T07:45:50+05:30,2026-06-15T07:45:56+05:30
P-0001703,V-10,6,19.053535,72.923562,14.4,2026-06-15T07:46:00+05:30,2026-06-15T07:46:03+05:30
P-0001704,V-10,6,19.05361,72.922756,17.1,2026-06-15T07:46:10+05:30,2026-06-15T07:46:12+05:30
P-0001705,V-10,6,19.053187,72.922526,19.6,2026-06-15T07:46:20+05:30,2026-06-15T07:46:25+05:30
P-0001706,V-10,6,19.052916,72.922082,14.7,2026-06-15T07:46:30+05:30,2026-06-15T07:46:32+05:30
P-0001707,V-10,6,19.053079,72.921677,17.1,2026-06-15T07:46:40+05:30,2026-06-15T07:46:45+05:30
P-0001708,V-10,6,19.052917,72.921117,22.7,2026-06-15T07:46:50+05:30,2026-06-15T07:46:55+05:30
P-0001709,V-10,6,19.052801,72.920529,17.0,2026-06-15T07:47:00+05:30,2026-06-15T07:47:05+05:30
P-0001710,V-10,6,19.052373,72.92001,20.2,2026-06-15T07:47:10+05:30,2026-06-15T07:47:11+05:30
P-0001711,V-10,6,19.052515,72.919787,17.2,2026-06-15T07:47:20+05:30,2026-06-15T07:47:24+05:30
P-0001712,V-10,6,19.052383,72.919106,17.3,2026-06-15T07:47:30+05:30,2026-06-15T07:47:33+05:30
P-0001713,V-10,6,19.052199,72.91859,12.3,2026-06-15T07:47:40+05:30,2026-06-15T07:47:42+05:30
P-0001714,V-10,6,19.051917,72.918089,17.7,2026-06-15T07:47:50+05:30,2026-06-15T07:47:53+05:30
P-0001715,V-10,6,19.051557,72.917526,17.0,2026-06-15T07:48:00+05:30,2026-06-15T07:48:06+05:30
P-0001716,V-10,6,19.051428,72.91688,21.1,2026-06-15T07:48:10+05:30,2026-06-15T07:48:14+05:30
P-0001717,V-10,6,19.051473,72.916746,14.3,2026-06-15T07:48:20+05:30,2026-06-15T07:48:22+05:30
P-0001718,V-10,6,19.051305,72.916131,15.2,2026-06-15T07:48:30+05:30,2026-06-15T07:48:31+05:30
P-0001719,V-10,6,19.051024,72.915612,24.0,2026-06-15T07:48:40+05:30,2026-06-15T07:48:41+05:30
P-0001720,V-10,6,19.050857,72.915234,20.7,2026-06-15T07:48:50+05:30,2026-06-15T07:48:52+05:30
P-0001721,V-10,6,19.050721,72.914779,12.7,2026-06-15T07:49:00+05:30,2026-06-15T07:49:01+05:30
P-0001722,V-10,6,19.050711,72.914421,24.0,2026-06-15T07:49:10+05:30,2026-06-15T07:49:13+05:30
P-0001723,V-10,6,19.050416,72.913778,18.5,2026-06-15T07:49:20+05:30,2026-06-15T07:49:23+05:30
P-0001724,V-10,6,19.05021,72.913229,23.2,2026-06-15T07:49:30+05:30,2026-06-15T07:49:36+05:30
P-0001725,V-10,6,19.04979,72.912605,22.4,2026-06-15T07:49:40+05:30,2026-06-15T07:49:44+05:30
P-0001726,V-10,6,19.04962,72.912307,15.3,2026-06-15T07:49:50+05:30,2026-06-15T07:49:56+05:30
P-0001727,V-10,6,19.049803,72.911679,12.9,2026-06-15T07:50:00+05:30,2026-06-15T07:50:03+05:30
P-0001728,V-10,6,19.049459,72.911351,21.2,2026-06-15T07:50:10+05:30,2026-06-15T07:50:14+05:30
P-0001729,V-10,6,19.049477,72.910972,22.2,2026-06-15T07:50:20+05:30,2026-06-15T07:50:22+05:30
P-0001730,V-10,6,19.049081,72.910152,20.8,2026-06-15T07:50:30+05:30,2026-06-15T07:50:36+05:30
P-0001731,V-10,6,19.049266,72.909822,13.7,2026-06-15T07:50:40+05:30,2026-06-15T07:50:41+05:30
P-0001732,V-10,6,19.049015,72.909448,20.7,2026-06-15T07:50:50+05:30,2026-06-15T07:50:53+05:30
P-0001733,V-10,6,19.048845,72.908632,20.8,2026-06-15T07:51:00+05:30,2026-06-15T07:51:05+05:30
P-0001734,V-10,6,19.048282,72.908104,15.9,2026-06-15T07:51:10+05:30,2026-06-15T07:51:13+05:30
P-0001735,V-10,6,19.048301,72.907946,14.7,2026-06-15T07:51:20+05:30,2026-06-15T07:51:24+05:30
P-0001736,V-10,6,19.047964,72.907454,14.0,2026-06-15T07:51:30+05:30,2026-06-15T07:51:31+05:30
P-0001737,V-10,6,19.048125,72.907042,14.4,2026-06-15T07:51:40+05:30,2026-06-15T07:51:41+05:30
P-0001738,V-10,6,19.047672,72.906566,13.8,2026-06-15T07:51:50+05:30,2026-06-15T07:51:52+05:30
P-0001739,V-10,6,19.047514,72.905872,23.5,2026-06-15T07:52:00+05:30,2026-06-15T07:52:02+05:30
P-0001740,V-10,6,19.04751,72.90538,16.5,2026-06-15T07:52:10+05:30,2026-06-15T07:52:12+05:30
P-0001741,V-10,6,19.047282,72.904998,12.5,2026-06-15T07:52:20+05:30,2026-06-15T07:52:26+05:30
P-0001742,V-10,6,19.047382,72.904351,15.8,2026-06-15T07:52:30+05:30,2026-06-15T07:52:32+05:30
P-0001743,V-10,6,19.046812,72.903814,13.4,2026-06-15T07:52:40+05:30,2026-06-15T07:52:46+05:30
P-0001744,V-10,6,19.046667,72.903323,16.8,2026-06-15T07:52:50+05:30,2026-06-15T07:52:56+05:30
P-0001745,V-10,6,19.046682,72.903012,19.2,2026-06-15T07:53:00+05:30,2026-06-15T07:53:06+05:30
P-0001746,V-10,6,19.046596,72.902618,23.2,2026-06-15T07:53:10+05:30,2026-06-15T07:53:12+05:30
P-0001747,V-10,6,19.046356,72.902165,16.4,2026-06-15T07:53:20+05:30,2026-06-15T07:53:25+05:30
P-0001748,V-10,6,19.04635,72.901365,22.4,2026-06-15T07:53:30+05:30,2026-06-15T07:53:35+05:30
P-0001749,V-10,6,19.045918,72.90088,18.6,2026-06-15T07:53:40+05:30,2026-06-15T07:53:43+05:30
P-0001750,V-10,6,19.045786,72.900266,14.9,2026-06-15T07:53:50+05:30,2026-06-15T07:53:53+05:30
P-0001751,V-10,6,19.045462,72.899982,19.7,2026-06-15T07:54:00+05:30,2026-06-15T07:54:05+05:30
P-0001752,V-10,6,19.045472,72.899348,19.9,2026-06-15T07:54:10+05:30,2026-06-15T07:54:14+05:30
P-0001753,V-10,6,19.045389,72.898948,13.4,2026-06-15T07:54:20+05:30,2026-06-15T07:54:22+05:30
P-0001754,V-10,6,19.045106,72.898727,15.5,2026-06-15T07:54:30+05:30,2026-06-15T07:54:33+05:30
P-0001755,V-10,6,19.045272,72.897893,15.4,2026-06-15T07:54:40+05:30,2026-06-15T07:54:45+05:30
P-0001756,V-10,6,19.04498,72.897674,21.8,2026-06-15T07:54:50+05:30,2026-06-15T07:54:53+05:30
P-0001757,V-10,6,19.044929,72.897077,21.9,2026-06-15T07:55:00+05:30,2026-06-15T07:55:06+05:30
P-0001758,V-10,6,19.044382,72.896648,17.6,2026-06-15T07:55:10+05:30,2026-06-15T07:55:13+05:30
P-0001759,V-10,6,19.044549,72.896298,15.7,2026-06-15T07:55:20+05:30,2026-06-15T07:55:23+05:30
P-0001760,V-10,6,19.044188,72.895615,19.3,2026-06-15T07:55:30+05:30,2026-06-15T07:55:33+05:30
P-0001761,V-10,6,19.043917,72.895098,15.9,2026-06-15T07:55:40+05:30,2026-06-15T07:55:41+05:30
P-0001762,V-10,6,19.044101,72.894646,18.5,2026-06-15T07:55:50+05:30,2026-06-15T07:55:56+05:30
P-0001763,V-10,6,19.043685,72.894366,20.2,2026-06-15T07:56:00+05:30,2026-06-15T07:56:01+05:30
P-0001764,V-10,6,19.043668,72.893874,24.3,2026-06-15T07:56:10+05:30,2026-06-15T07:56:13+05:30
P-0001765,V-10,6,19.043514,72.893241,23.6,2026-06-15T07:56:20+05:30,2026-06-15T07:56:21+05:30
P-0001766,V-10,6,19.043455,72.892788,23.9,2026-06-15T07:56:30+05:30,2026-06-15T07:56:36+05:30
P-0001767,V-10,6,19.043259,72.892068,23.3,2026-06-15T07:56:40+05:30,2026-06-15T07:56:42+05:30
P-0001768,V-10,6,19.042908,72.891904,18.0,2026-06-15T07:56:50+05:30,2026-06-15T07:56:54+05:30
P-0001769,V-10,6,19.042721,72.891325,22.0,2026-06-15T07:57:00+05:30,2026-06-15T07:57:06+05:30
P-0001770,V-10,6,19.042521,72.890739,19.8,2026-06-15T07:57:10+05:30,2026-06-15T07:57:14+05:30
P-0001771,V-10,6,19.042545,72.890282,23.8,2026-06-15T07:57:20+05:30,2026-06-15T07:57:24+05:30
P-0001772,V-10,6,19.042599,72.889574,20.7,2026-06-15T07:57:30+05:30,2026-06-15T07:57:35+05:30
P-0001773,V-10,6,19.042147,72.889259,21.6,2026-06-15T07:57:40+05:30,2026-06-15T07:57:46+05:30
P-0001774,V-10,6,19.042067,72.888902,22.0,2026-06-15T07:57:50+05:30,2026-06-15T07:57:55+05:30
P-0001775,V-10,6,19.042182,72.888099,24.4,2026-06-15T07:58:00+05:30,2026-06-15T07:58:05+05:30
P-0001776,V-10,6,19.041972,72.887755,24.4,2026-06-15T07:58:10+05:30,2026-06-15T07:58:16+05:30
P-0001777,V-10,6,19.04165,72.887226,22.9,2026-06-15T07:58:20+05:30,2026-06-15T07:58:24+05:30
P-0001778,V-10,6,19.041342,72.886923,20.9,2026-06-15T07:58:30+05:30,2026-06-15T07:58:35+05:30
P-0001779,V-10,6,19.04138,72.886283,16.6,2026-06-15T07:58:40+05:30,2026-06-15T07:58:46+05:30
P-0001780,V-10,6,19.041257,72.885963,14.3,2026-06-15T07:58:50+05:30,2026-06-15T07:58:55+05:30
P-0001781,V-10,6,19.04081,72.885084,21.5,2026-06-15T07:59:00+05:30,2026-06-15T07:59:02+05:30
P-0001782,V-10,6,19.040819,72.884983,22.2,2026-06-15T07:59:10+05:30,2026-06-15T07:59:16+05:30
P-0001783,V-10,6,19.040535,72.884352,19.2,2026-06-15T07:59:20+05:30,2026-06-15T07:59:26+05:30
P-0001784,V-10,6,19.040377,72.883707,18.8,2026-06-15T07:59:30+05:30,2026-06-15T07:59:36+05:30
P-0001785,V-10,6,19.040553,72.883123,15.2,2026-06-15T07:59:40+05:30,2026-06-15T07:59:43+05:30
P-0001786,V-10,6,19.040333,72.882951,16.5,2026-06-15T07:59:50+05:30,2026-06-15T07:59:52+05:30
P-0001787,V-10,6,19.040218,72.882533,13.9,2026-06-15T08:00:00+05:30,2026-06-15T08:00:02+05:30
P-0001788,V-10,6,19.040021,72.881607,20.8,2026-06-15T08:00:10+05:30,2026-06-15T08:00:16+05:30
P-0001789,V-10,6,19.039663,72.881269,18.4,2026-06-15T08:00:20+05:30,2026-06-15T08:00:26+05:30
P-0001790,V-10,6,19.039851,72.880986,23.2,2026-06-15T08:00:30+05:30,2026-06-15T08:00:33+05:30
P-0001791,V-10,6,19.039338,72.880362,17.7,2026-06-15T08:00:40+05:30,2026-06-15T08:00:46+05:30
P-0001792,V-10,6,19.039249,72.87986,19.7,2026-06-15T08:00:50+05:30,2026-06-15T08:00:55+05:30
P-0001793,V-10,6,19.039232,72.87951,14.0,2026-06-15T08:01:00+05:30,2026-06-15T08:01:05+05:30
P-0001794,V-10,6,19.039239,72.878625,23.8,2026-06-15T08:01:10+05:30,2026-06-15T08:01:15+05:30
P-0001795,V-10,6,19.038889,72.878096,19.2,2026-06-15T08:01:20+05:30,2026-06-15T08:01:25+05:30
P-0001796,V-10,6,19.038515,72.877686,17.6,2026-06-15T08:01:30+05:30,2026-06-15T08:01:34+05:30
P-0001797,V-10,6,19.038712,72.877312,20.1,2026-06-15T08:01:40+05:30,2026-06-15T08:01:45+05:30
P-0001798,V-10,6,19.038446,72.876672,24.7,2026-06-15T08:01:50+05:30,2026-06-15T08:01:51+05:30
P-0001799,V-10,6,19.03838,72.876428,19.6,2026-06-15T08:02:00+05:30,2026-06-15T08:02:02+05:30
P-0001800,V-10,6,19.038187,72.875813,18.1,2026-06-15T08:02:10+05:30,2026-06-15T08:02:15+05:30
P-0001801,V-10,6,19.038,72.875148,20.0,2026-06-15T08:02:20+05:30,2026-06-15T08:02:24+05:30
P-0001802,V-10,6,19.037984,72.874831,16.6,2026-06-15T08:02:30+05:30,2026-06-15T08:02:33+05:30
P-0001803,V-10,6,19.037431,72.874421,23.2,2026-06-15T08:02:40+05:30,2026-06-15T08:02:43+05:30
P-0001804,V-10,6,19.037383,72.873768,20.4,2026-06-15T08:02:50+05:30,2026-06-15T08:02:55+05:30
P-0001805,V-10,6,19.037424,72.873566,25.6,2026-06-15T08:03:00+05:30,2026-06-15T08:03:06+05:30
P-0001806,V-10,6,19.037325,72.872919,24.4,2026-06-15T08:03:10+05:30,2026-06-15T08:03:13+05:30
P-0001807,V-10,6,19.036959,72.872414,21.1,2026-06-15T08:03:20+05:30,2026-06-15T08:03:26+05:30
P-0001808,V-10,6,19.03686,72.871821,16.4,2026-06-15T08:03:30+05:30,2026-06-15T08:03:36+05:30
P-0001809,V-10,6,19.036522,72.871648,15.6,2026-06-15T08:03:40+05:30,2026-06-15T08:03:43+05:30
P-0001810,V-10,6,19.036436,72.871163,22.1,2026-06-15T08:03:50+05:30,2026-06-15T08:03:54+05:30
P-0001811,V-10,6,19.036619,72.870539,26.1,2026-06-15T08:04:00+05:30,2026-06-15T08:04:04+05:30
P-0001812,V-10,6,19.036297,72.869978,22.9,2026-06-15T08:04:10+05:30,2026-06-15T08:04:12+05:30
P-0001813,V-10,6,19.035939,72.869572,24.1,2026-06-15T08:04:20+05:30,2026-06-15T08:04:22+05:30
P-0001814,V-10,6,19.036116,72.868829,20.8,2026-06-15T08:04:30+05:30,2026-06-15T08:04:35+05:30
P-0001815,V-10,6,19.03565,72.868318,25.3,2026-06-15T08:04:40+05:30,2026-06-15T08:04:44+05:30
P-0001816,V-10,6,19.035682,72.867905,22.2,2026-06-15T08:04:50+05:30,2026-06-15T08:04:51+05:30
P-0001817,V-10,6,19.035454,72.867716,21.4,2026-06-15T08:05:00+05:30,2026-06-15T08:05:01+05:30
P-0001818,V-10,6,19.035187,72.866925,20.9,2026-06-15T08:05:10+05:30,2026-06-15T08:05:12+05:30
P-0001819,V-10,6,19.034564,72.866584,25.4,2026-06-15T08:05:20+05:30,2026-06-15T08:05:21+05:30
P-0001820,V-10,6,19.034345,72.866498,24.5,2026-06-15T08:05:30+05:30,2026-06-15T08:05:34+05:30
P-0001821,V-10,6,19.034209,72.865754,22.9,2026-06-15T08:05:40+05:30,2026-06-15T08:05:41+05:30
P-0001822,V-10,6,19.033953,72.865547,19.5,2026-06-15T08:05:50+05:30,2026-06-15T08:05:52+05:30
P-0001823,V-10,6,19.03366,72.865057,20.6,2026-06-15T08:06:00+05:30,2026-06-15T08:06:05+05:30
P-0001824,V-10,6,19.033476,72.864408,25.5,2026-06-15T08:06:10+05:30,2026-06-15T08:06:15+05:30
P-0001825,V-10,6,19.033197,72.863898,26.3,2026-06-15T08:06:20+05:30,2026-06-15T08:06:23+05:30
P-0001826,V-10,6,19.032708,72.863353,18.9,2026-06-15T08:06:30+05:30,2026-06-15T08:06:35+05:30
P-0001827,V-10,6,19.032909,72.862984,19.9,2026-06-15T08:06:40+05:30,2026-06-15T08:06:43+05:30
P-0001828,V-10,6,19.032538,72.862605,24.4,2026-06-15T08:06:50+05:30,2026-06-15T08:06:52+05:30
P-0001829,V-10,6,19.031998,72.86201,20.8,2026-06-15T08:07:00+05:30,2026-06-15T08:07:03+05:30
P-0001830,V-10,6,19.032115,72.861568,17.7,2026-06-15T08:07:10+05:30,2026-06-15T08:07:11+05:30
P-0001831,V-10,6,19.031722,72.861145,20.9,2026-06-15T08:07:20+05:30,2026-06-15T08:07:24+05:30
P-0001832,V-10,6,19.031647,72.860894,27.7,2026-06-15T08:07:30+05:30,2026-06-15T08:07:31+05:30
P-0001833,V-10,6,19.031066,72.860408,25.1,2026-06-15T08:07:40+05:30,2026-06-15T08:07:43+05:30
P-0001834,V-10,6,19.030937,72.860166,20.2,2026-06-15T08:07:50+05:30,2026-06-15T08:07:52+05:30
P-0001835,V-10,6,19.030635,72.859345,20.2,2026-06-15T08:08:00+05:30,2026-06-15T08:08:05+05:30
P-0001836,V-10,6,19.030259,72.859101,21.1,2026-06-15T08:08:10+05:30,2026-06-15T08:08:13+05:30
P-0001837,V-10,6,19.030005,72.858615,20.6,2026-06-15T08:08:20+05:30,2026-06-15T08:08:24+05:30
P-0001838,V-10,6,19.029727,72.858238,25.0,2026-06-15T08:08:30+05:30,2026-06-15T08:08:36+05:30
P-0001839,V-10,6,19.029883,72.85787,17.1,2026-06-15T08:08:40+05:30,2026-06-15T08:08:42+05:30
P-0001840,V-10,6,19.029555,72.857289,22.3,2026-06-15T08:08:50+05:30,2026-06-15T08:08:52+05:30
P-0001841,V-10,6,19.029039,72.856689,22.0,2026-06-15T08:09:00+05:30,2026-06-15T08:09:06+05:30
P-0001842,V-10,6,19.028923,72.856373,18.5,2026-06-15T08:09:10+05:30,2026-06-15T08:09:13+05:30
P-0001843,V-10,6,19.028444,72.855985,23.3,2026-06-15T08:09:20+05:30,2026-06-15T08:09:23+05:30
P-0001844,V-10,6,19.028241,72.855618,28.0,2026-06-15T08:09:30+05:30,2026-06-15T08:09:36+05:30
P-0001845,V-10,6,19.027979,72.855049,25.7,2026-06-15T08:09:40+05:30,2026-06-15T08:09:46+05:30
P-0001846,V-10,6,19.027855,72.854501,21.4,2026-06-15T08:09:50+05:30,2026-06-15T08:09:55+05:30
P-0001847,V-10,6,19.027469,72.85434,19.6,2026-06-15T08:10:00+05:30,2026-06-15T08:10:06+05:30
P-0001848,V-10,6,19.027139,72.853582,28.0,2026-06-15T08:10:10+05:30,2026-06-15T08:10:16+05:30
P-0001849,V-10,6,19.02732,72.853156,26.8,2026-06-15T08:10:20+05:30,2026-06-15T08:10:24+05:30
P-0001850,V-10,6,19.026916,72.85275,21.8,2026-06-15T08:10:30+05:30,2026-06-15T08:10:33+05:30
P-0001851,V-10,6,19.026631,72.852413,28.7,2026-06-15T08:10:40+05:30,2026-06-15T08:10:42+05:30
P-0001852,V-10,6,19.026583,72.852026,22.6,2026-06-15T08:10:50+05:30,2026-06-15T08:10:52+05:30
P-0001853,V-10,6,19.026134,72.851388,28.1,2026-06-15T08:11:00+05:30,2026-06-15T08:11:06+05:30
P-0001854,V-10,6,19.025634,72.851156,25.3,2026-06-15T08:11:10+05:30,2026-06-15T08:11:15+05:30
P-0001855,V-10,6,19.025435,72.850335,28.0,2026-06-15T08:11:20+05:30,2026-06-15T08:11:21+05:30
P-0001856,V-10,6,19.025367,72.850328,19.0,2026-06-15T08:11:30+05:30,2026-06-15T08:11:33+05:30
P-0001857,V-10,6,19.024844,72.849767,23.4,2026-06-15T08:11:40+05:30,2026-06-15T08:11:44+05:30
P-0001858,V-10,6,19.024654,72.849204,22.3,2026-06-15T08:11:50+05:30,2026-06-15T08:11:52+05:30
P-0001859,V-10,6,19.02435,72.848739,20.6,2026-06-15T08:12:00+05:30,2026-06-15T08:12:02+05:30
P-0001860,V-10,6,19.024375,72.848499,27.2,2026-06-15T08:12:10+05:30,2026-06-15T08:12:16+05:30
P-0001861,V-10,6,19.024197,72.848038,24.4,2026-06-15T08:12:20+05:30,2026-06-15T08:12:23+05:30
P-0001862,V-10,6,19.024002,72.847251,30.3,2026-06-15T08:12:30+05:30,2026-06-15T08:12:31+05:30
P-0001863,V-10,6,19.023355,72.846859,30.0,2026-06-15T08:12:40+05:30,2026-06-15T08:12:41+05:30
P-0001864,V-10,6,19.023495,72.846601,28.5,2026-06-15T08:12:50+05:30,2026-06-15T08:12:54+05:30
P-0001865,V-10,6,19.022918,72.846131,23.7,2026-06-15T08:13:00+05:30,2026-06-15T08:13:03+05:30
P-0001866,V-10,6,19.022719,72.845421,24.0,2026-06-15T08:13:10+05:30,2026-06-15T08:13:14+05:30
P-0001867,V-10,6,19.022831,72.844944,30.8,2026-06-15T08:13:20+05:30,2026-06-15T08:13:24+05:30
P-0001868,V-10,6,19.0228,72.844522,21.4,2026-06-15T08:13:30+05:30,2026-06-15T08:13:32+05:30
P-0001869,V-10,6,19.022454,72.844096,25.2,2026-06-15T08:13:40+05:30,2026-06-15T08:13:46+05:30
P-0001870,V-10,6,19.022505,72.843707,30.3,2026-06-15T08:13:50+05:30,2026-06-15T08:13:55+05:30
P-0001871,V-10,6,19.022111,72.84303,25.1,2026-06-15T08:14:00+05:30,2026-06-15T08:14:02+05:30
P-0001872,V-10,6,19.022052,72.842348,28.8,2026-06-15T08:14:10+05:30,2026-06-15T08:14:11+05:30
P-0001873,V-10,6,19.022085,72.842058,31.7,2026-06-15T08:14:20+05:30,2026-06-15T08:14:24+05:30
P-0001874,V-10,6,19.021919,72.84131,31.0,2026-06-15T08:14:30+05:30,2026-06-15T08:14:31+05:30
P-0001875,V-10,6,19.022111,72.841108,23.3,2026-06-15T08:14:40+05:30,2026-06-15T08:14:41+05:30
P-0001876,V-10,6,19.02182,72.840653,31.2,2026-06-15T08:14:50+05:30,2026-06-15T08:14:55+05:30
P-0001877,V-10,6,19.021628,72.840144,30.6,2026-06-15T08:15:00+05:30,2026-06-15T08:15:06+05:30
P-0001878,V-10,6,19.021584,72.839485,21.2,2026-06-15T08:15:10+05:30,2026-06-15T08:15:15+05:30
P-0001879,V-10,6,19.021792,72.838794,25.1,2026-06-15T08:15:20+05:30,2026-06-15T08:15:24+05:30
P-0001880,V-10,6,19.021562,72.838505,31.2,2026-06-15T08:15:30+05:30,2026-06-15T08:15:32+05:30
P-0001881,V-10,6,19.021407,72.837972,21.0,2026-06-15T08:15:40+05:30,2026-06-15T08:15:42+05:30
P-0001882,V-10,6,19.021485,72.83771,21.4,2026-06-15T08:15:50+05:30,2026-06-15T08:15:51+05:30
P-0001883,V-10,6,19.02127,72.836954,31.6,2026-06-15T08:16:00+05:30,2026-06-15T08:16:06+05:30
P-0001884,V-10,6,19.020992,72.836707,29.3,2026-06-15T08:16:10+05:30,2026-06-15T08:16:16+05:30
P-0001885,V-10,6,19.021223,72.835831,25.5,2026-06-15T08:16:20+05:30,2026-06-15T08:16:21+05:30
P-0001886,V-10,6,19.020817,72.83521,22.2,2026-06-15T08:16:30+05:30,2026-06-15T08:16:33+05:30
P-0001887,V-10,6,19.020848,72.834941,25.8,2026-06-15T08:16:40+05:30,2026-06-15T08:16:45+05:30
P-0001888,V-10,6,19.020775,72.834319,31.4,2026-06-15T08:16:50+05:30,2026-06-15T08:16:55+05:30
P-0001889,V-10,6,19.020703,72.833978,30.0,2026-06-15T08:17:00+05:30,2026-06-15T08:17:03+05:30
P-0001890,V-10,6,19.020714,72.833224,28.9,2026-06-15T08:17:10+05:30,2026-06-15T08:17:12+05:30
P-0001891,V-10,6,19.020466,72.832713,22.8,2026-06-15T08:17:20+05:30,2026-06-15T08:17:26+05:30
P-0001892,V-10,6,19.020569,72.832305,31.0,2026-06-15T08:17:30+05:30,2026-06-15T08:17:32+05:30
P-0001893,V-10,6,19.020292,72.831945,33.8,2026-06-15T08:17:40+05:30,2026-06-15T08:17:46+05:30
P-0001894,V-10,6,19.020391,72.831447,34.2,2026-06-15T08:17:50+05:30,2026-06-15T08:17:52+05:30
P-0001895,V-10,6,19.020079,72.830972,28.1,2026-06-15T08:18:00+05:30,2026-06-15T08:18:06+05:30
P-0001896,V-10,6,19.020311,72.830336,34.6,2026-06-15T08:18:10+05:30,2026-06-15T08:18:12+05:30
P-0001897,V-10,6,19.01997,72.829768,32.1,2026-06-15T08:18:20+05:30,2026-06-15T08:18:21+05:30
P-0001898,V-10,6,19.020158,72.82933,34.6,2026-06-15T08:18:30+05:30,2026-06-15T08:18:34+05:30
P-0001899,V-10,6,19.019739,72.828689,26.7,2026-06-15T08:18:40+05:30,2026-06-15T08:18:41+05:30
P-0001900,V-10,6,19.019591,72.828528,29.9,2026-06-15T08:18:50+05:30,2026-06-15T08:18:55+05:30
P-0001901,V-10,6,19.019676,72.827692,28.4,2026-06-15T08:19:00+05:30,2026-06-15T08:19:05+05:30
P-0001902,V-10,6,19.019492,72.82733,29.2,2026-06-15T08:19:10+05:30,2026-06-15T08:19:14+05:30
P-0001903,V-10,6,19.019731,72.826692,31.9,2026-06-15T08:19:20+05:30,2026-06-15T08:19:23+05:30
P-0001904,V-10,6,19.019414,72.826461,29.0,2026-06-15T08:19:30+05:30,2026-06-15T08:19:36+05:30
P-0001905,V-10,6,19.019215,72.825803,29.4,2026-06-15T08:19:40+05:30,2026-06-15T08:19:42+05:30
P-0001906,V-10,6,19.019286,72.825219,32.2,2026-06-15T08:19:50+05:30,2026-06-15T08:19:51+05:30
P-0001907,V-10,6,19.019021,72.824521,29.8,2026-06-15T08:20:00+05:30,2026-06-15T08:20:06+05:30
P-0001908,V-10,6,19.018927,72.824141,35.2,2026-06-15T08:20:10+05:30,2026-06-15T08:20:13+05:30
P-0001909,V-10,6,19.01875,72.823662,30.0,2026-06-15T08:20:20+05:30,2026-06-15T08:20:23+05:30
P-0001910,V-10,6,19.018929,72.823281,32.9,2026-06-15T08:20:30+05:30,2026-06-15T08:20:33+05:30
P-0001911,V-10,6,19.018815,72.822476,25.3,2026-06-15T08:20:40+05:30,2026-06-15T08:20:43+05:30
P-0001912,V-10,6,19.018623,72.822037,28.9,2026-06-15T08:20:50+05:30,2026-06-15T08:20:55+05:30
P-0001913,V-10,6,19.018647,72.821787,25.9,2026-06-15T08:21:00+05:30,2026-06-15T08:21:06+05:30
P-0001914,V-10,6,19.018535,72.821143,30.6,2026-06-15T08:21:10+05:30,2026-06-15T08:21:15+05:30
P-0001915,V-10,6,19.018263,72.820907,33.8,2026-06-15T08:21:20+05:30,2026-06-15T08:21:25+05:30
P-0001916,V-10,6,19.018261,72.819963,26.0,2026-06-15T08:21:30+05:30,2026-06-15T08:21:31+05:30
P-0001917,V-10,6,19.01807,72.819551,26.9,2026-06-15T08:21:40+05:30,2026-06-15T08:21:41+05:30
P-0001918,V-10,6,19.017979,72.819197,28.8,2026-06-15T08:21:50+05:30,2026-06-15T08:21:53+05:30
P-0001919,V-10,6,19.018104,72.818467,35.7,2026-06-15T08:22:00+05:30,2026-06-15T08:22:03+05:30
P-0001920,V-10,6,19.017897,72.818075,29.4,2026-06-15T08:22:10+05:30,2026-06-15T08:22:13+05:30
P-0001921,V-10,6,19.017843,72.817596,35.3,2026-06-15T08:22:20+05:30,2026-06-15T08:22:21+05:30
P-0001922,V-10,6,19.01772,72.817221,34.5,2026-06-15T08:22:30+05:30,2026-06-15T08:22:35+05:30
P-0001923,V-10,6,19.017708,72.816837,28.6,2026-06-15T08:22:40+05:30,2026-06-15T08:22:43+05:30
P-0001924,V-10,6,19.017544,72.815892,29.5,2026-06-15T08:22:50+05:30,2026-06-15T08:22:54+05:30
P-0001925,V-10,6,19.017621,72.815778,31.9,2026-06-15T08:23:00+05:30,2026-06-15T08:23:04+05:30
P-0001926,V-02,5,19.218368,72.978291,26.6,2026-06-15T07:40:00+05:30,2026-06-15T07:40:03+05:30
P-0001927,V-02,5,19.217984,72.977729,28.8,2026-06-15T07:40:10+05:30,2026-06-15T07:40:14+05:30
P-0001928,V-02,5,19.217721,72.977748,30.7,2026-06-15T07:40:20+05:30,2026-06-15T07:40:26+05:30
P-0001929,V-02,5,19.217557,72.977543,27.5,2026-06-15T07:40:30+05:30,2026-06-15T07:40:33+05:30
P-0001930,V-02,5,19.217043,72.977197,32.7,2026-06-15T07:40:40+05:30,2026-06-15T07:40:44+05:30
P-0001931,V-02,5,19.21645,72.977309,31.2,2026-06-15T07:40:50+05:30,2026-06-15T07:40:52+05:30
P-0001932,V-02,5,19.216302,72.976725,30.0,2026-06-15T07:41:00+05:30,2026-06-15T07:41:04+05:30
P-0001933,V-02,5,19.216123,72.976559,28.4,2026-06-15T07:41:10+05:30,2026-06-15T07:41:12+05:30
P-0001934,V-02,5,19.215867,72.976337,31.6,2026-06-15T07:41:20+05:30,2026-06-15T07:41:21+05:30
P-0001935,V-02,5,19.215415,72.976413,35.4,2026-06-15T07:41:30+05:30,2026-06-15T07:41:31+05:30
P-0001936,V-02,5,19.215337,72.976199,30.5,2026-06-15T07:41:40+05:30,2026-06-15T07:41:41+05:30
P-0001937,V-02,5,19.214662,72.976213,35.9,2026-06-15T07:41:50+05:30,2026-06-15T07:41:53+05:30
P-0001938,V-02,5,19.214364,72.975787,34.5,2026-06-15T07:42:00+05:30,2026-06-15T07:42:01+05:30
P-0001939,V-02,5,19.213932,72.975794,25.4,2026-06-15T07:42:10+05:30,2026-06-15T07:42:12+05:30
P-0001940,V-02,5,19.213716,72.975541,28.0,2026-06-15T07:42:20+05:30,2026-06-15T07:42:23+05:30
P-0001941,V-02,5,19.213278,72.975296,28.8,2026-06-15T07:42:30+05:30,2026-06-15T07:42:36+05:30
P-0001942,V-02,5,19.213035,72.974867,25.6,2026-06-15T07:42:40+05:30,2026-06-15T07:42:44+05:30
P-0001943,V-02,5,19.213009,72.974951,32.8,2026-06-15T07:42:50+05:30,2026-06-15T07:42:56+05:30
P-0001944,V-02,5,19.212337,72.974868,25.6,2026-06-15T07:43:00+05:30,2026-06-15T07:43:01+05:30
P-0001945,V-02,5,19.211965,72.974586,24.0,2026-06-15T07:43:10+05:30,2026-06-15T07:43:14+05:30
P-0001946,V-02,5,19.212065,72.974239,23.6,2026-06-15T07:43:20+05:30,2026-06-15T07:43:22+05:30
P-0001947,V-02,5,19.211729,72.973884,28.4,2026-06-15T07:43:30+05:30,2026-06-15T07:43:33+05:30
P-0001948,V-02,5,19.211483,72.973865,27.3,2026-06-15T07:43:40+05:30,2026-06-15T07:43:45+05:30
P-0001949,V-02,5,19.210912,72.973599,25.2,2026-06-15T07:43:50+05:30,2026-06-15T07:43:53+05:30
P-0001950,V-02,5,19.210608,72.973516,34.1,2026-06-15T07:44:00+05:30,2026-06-15T07:44:02+05:30
P-0001951,V-02,5,19.210484,72.973248,25.2,2026-06-15T07:44:10+05:30,2026-06-15T07:44:14+05:30
P-0001952,V-02,5,19.210052,72.973308,33.2,2026-06-15T07:44:20+05:30,2026-06-15T07:44:25+05:30
P-0001953,V-02,5,19.209822,72.972948,32.7,2026-06-15T07:44:30+05:30,2026-06-15T07:44:34+05:30
P-0001954,V-02,5,19.209549,72.972613,23.1,2026-06-15T07:44:40+05:30,2026-06-15T07:44:43+05:30
P-0001955,V-02,5,19.208814,72.972719,24.6,2026-06-15T07:44:50+05:30,2026-06-15T07:44:54+05:30
P-0001956,V-02,5,19.208449,72.972233,30.8,2026-06-15T07:45:00+05:30,2026-06-15T07:45:03+05:30
P-0001957,V-02,5,19.208279,72.9721,24.7,2026-06-15T07:45:10+05:30,2026-06-15T07:45:14+05:30
P-0001958,V-02,5,19.207937,72.972034,27.8,2026-06-15T07:45:20+05:30,2026-06-15T07:45:25+05:30
P-0001959,V-02,5,19.207908,72.971828,27.4,2026-06-15T07:45:30+05:30,2026-06-15T07:45:36+05:30
P-0001960,V-02,5,19.207356,72.971356,27.9,2026-06-15T07:45:40+05:30,2026-06-15T07:45:44+05:30
P-0001961,V-02,5,19.206982,72.971272,31.1,2026-06-15T07:45:50+05:30,2026-06-15T07:45:53+05:30
P-0001962,V-02,5,19.206903,72.971235,23.8,2026-06-15T07:46:00+05:30,2026-06-15T07:46:02+05:30
P-0001963,V-02,5,19.206537,72.971189,26.9,2026-06-15T07:46:10+05:30,2026-06-15T07:46:13+05:30
P-0001964,V-02,5,19.206282,72.970838,23.7,2026-06-15T07:46:20+05:30,2026-06-15T07:46:26+05:30
P-0001965,V-02,5,19.205805,72.970624,21.3,2026-06-15T07:46:30+05:30,2026-06-15T07:46:33+05:30
P-0001966,V-02,5,19.205353,72.97018,22.5,2026-06-15T07:46:40+05:30,2026-06-15T07:46:43+05:30
P-0001967,V-02,5,19.205071,72.970278,20.7,2026-06-15T07:46:50+05:30,2026-06-15T07:46:56+05:30
P-0001968,V-02,5,19.204928,72.969954,30.0,2026-06-15T07:47:00+05:30,2026-06-15T07:47:04+05:30
P-0001969,V-02,5,19.204576,72.96971,28.0,2026-06-15T07:47:10+05:30,2026-06-15T07:47:15+05:30
P-0001970,V-02,5,19.204264,72.96986,29.2,2026-06-15T07:47:20+05:30,2026-06-15T07:47:22+05:30
P-0001971,V-02,5,19.20376,72.969397,21.5,2026-06-15T07:47:30+05:30,2026-06-15T07:47:32+05:30
P-0001972,V-02,5,19.203525,72.969497,28.4,2026-06-15T07:47:40+05:30,2026-06-15T07:47:45+05:30
P-0001973,V-02,5,19.203421,72.969014,28.5,2026-06-15T07:47:50+05:30,2026-06-15T07:47:55+05:30
P-0001974,V-02,5,19.203075,72.968588,30.1,2026-06-15T07:48:00+05:30,2026-06-15T07:48:03+05:30
P-0001975,V-02,5,19.2027,72.96869,25.4,2026-06-15T07:48:10+05:30,2026-06-15T07:48:15+05:30
P-0001976,V-02,5,19.202408,72.968278,22.8,2026-06-15T07:48:20+05:30,2026-06-15T07:48:21+05:30
P-0001977,V-02,5,19.202084,72.967904,20.2,2026-06-15T07:48:30+05:30,2026-06-15T07:48:35+05:30
P-0001978,V-02,5,19.201524,72.968032,24.8,2026-06-15T07:48:40+05:30,2026-06-15T07:48:46+05:30
P-0001979,V-02,5,19.201504,72.967545,22.7,2026-06-15T07:48:50+05:30,2026-06-15T07:48:53+05:30
P-0001980,V-02,5,19.201261,72.967384,28.0,2026-06-15T07:49:00+05:30,2026-06-15T07:49:03+05:30
P-0001981,V-02,5,19.200765,72.967389,24.5,2026-06-15T07:49:10+05:30,2026-06-15T07:49:15+05:30
P-0001982,V-02,5,19.200725,72.966778,28.8,2026-06-15T07:49:20+05:30,2026-06-15T07:49:21+05:30
P-0001983,V-02,5,19.200075,72.966685,30.7,2026-06-15T07:49:30+05:30,2026-06-15T07:49:34+05:30
P-0001984,V-02,5,19.199888,72.966748,23.0,2026-06-15T07:49:40+05:30,2026-06-15T07:49:42+05:30
P-0001985,V-02,5,19.199546,72.966499,22.2,2026-06-15T07:49:50+05:30,2026-06-15T07:49:55+05:30
P-0001986,V-02,5,19.199474,72.966235,29.6,2026-06-15T07:50:00+05:30,2026-06-15T07:50:04+05:30
P-0001987,V-02,5,19.199134,72.96582,30.2,2026-06-15T07:50:10+05:30,2026-06-15T07:50:16+05:30
P-0001988,V-02,5,19.198854,72.965645,27.2,2026-06-15T07:50:20+05:30,2026-06-15T07:50:25+05:30
P-0001989,V-02,5,19.198574,72.965539,29.7,2026-06-15T07:50:30+05:30,2026-06-15T07:50:34+05:30
P-0001990,V-02,5,19.197989,72.96524,23.6,2026-06-15T07:50:40+05:30,2026-06-15T07:50:46+05:30
P-0001991,V-02,5,19.197828,72.96504,28.0,2026-06-15T07:50:50+05:30,2026-06-15T07:50:53+05:30
P-0001992,V-02,5,19.197443,72.964641,20.9,2026-06-15T07:51:00+05:30,2026-06-15T07:51:06+05:30
P-0001993,V-02,5,19.197203,72.964621,18.7,2026-06-15T07:51:10+05:30,2026-06-15T07:51:15+05:30
P-0001994,V-02,5,19.196981,72.964045,22.3,2026-06-15T07:51:20+05:30,2026-06-15T07:51:22+05:30
P-0001995,V-02,5,19.196925,72.96387,21.8,2026-06-15T07:51:30+05:30,2026-06-15T07:51:35+05:30
P-0001996,V-02,5,19.196204,72.963795,18.6,2026-06-15T07:51:40+05:30,2026-06-15T07:51:41+05:30
P-0001997,V-02,5,19.196276,72.963749,24.1,2026-06-15T07:51:50+05:30,2026-06-15T07:51:53+05:30
P-0001998,V-02,5,19.195912,72.963463,21.2,2026-06-15T07:52:00+05:30,2026-06-15T07:52:03+05:30
P-0001999,V-02,5,19.195457,72.963307,27.3,2026-06-15T07:52:10+05:30,2026-06-15T07:52:15+05:30
P-0002000,V-02,5,19.195249,72.963077,21.7,2026-06-15T07:52:20+05:30,2026-06-15T07:52:26+05:30
P-0002001,V-02,5,19.195129,72.962442,16.9,2026-06-15T07:52:30+05:30,2026-06-15T07:52:32+05:30
P-0002002,V-02,5,19.194546,72.962429,24.6,2026-06-15T07:52:40+05:30,2026-06-15T07:52:44+05:30
P-0002003,V-02,5,19.194267,72.961967,27.5,2026-06-15T07:52:50+05:30,2026-06-15T07:52:53+05:30
P-0002004,V-02,5,19.194024,72.96184,18.6,2026-06-15T07:53:00+05:30,2026-06-15T07:53:01+05:30
P-0002005,V-02,5,19.193735,72.961671,22.2,2026-06-15T07:53:10+05:30,2026-06-15T07:53:12+05:30
P-0002006,V-02,5,19.193497,72.961479,20.8,2026-06-15T07:53:20+05:30,2026-06-15T07:53:22+05:30
P-0002007,V-02,5,19.192921,72.961364,26.9,2026-06-15T07:53:30+05:30,2026-06-15T07:53:35+05:30
P-0002008,V-02,5,19.192717,72.960903,18.3,2026-06-15T07:53:40+05:30,2026-06-15T07:53:46+05:30
P-0002009,V-02,5,19.192784,72.960897,19.2,2026-06-15T07:53:50+05:30,2026-06-15T07:53:52+05:30
P-0002010,V-02,5,19.192074,72.960696,26.2,2026-06-15T07:54:00+05:30,2026-06-15T07:54:02+05:30
P-0002011,V-02,5,19.191882,72.960252,23.9,2026-06-15T07:54:10+05:30,2026-06-15T07:54:14+05:30
P-0002012,V-02,5,19.191785,72.96011,17.6,2026-06-15T07:54:20+05:30,2026-06-15T07:54:26+05:30
P-0002013,V-02,5,19.191242,72.960096,22.4,2026-06-15T07:54:30+05:30,2026-06-15T07:54:31+05:30
P-0002014,V-02,5,19.190975,72.959492,23.2,2026-06-15T07:54:40+05:30,2026-06-15T07:54:46+05:30
P-0002015,V-02,5,19.19093,72.959339,27.4,2026-06-15T07:54:50+05:30,2026-06-15T07:54:56+05:30
P-0002016,V-02,5,19.190616,72.959046,20.2,2026-06-15T07:55:00+05:30,2026-06-15T07:55:06+05:30
P-0002017,V-02,5,19.190078,72.959027,25.4,2026-06-15T07:55:10+05:30,2026-06-15T07:55:12+05:30
P-0002018,V-02,5,19.18973,72.958958,18.6,2026-06-15T07:55:20+05:30,2026-06-15T07:55:26+05:30
P-0002019,V-02,5,19.189452,72.958633,25.6,2026-06-15T07:55:30+05:30,2026-06-15T07:55:36+05:30
P-0002020,V-02,5,19.189296,72.958179,19.2,2026-06-15T07:55:40+05:30,2026-06-15T07:55:41+05:30
P-0002021,V-02,5,19.189041,72.958296,15.6,2026-06-15T07:55:50+05:30,2026-06-15T07:55:53+05:30
P-0002022,V-02,5,19.188468,72.957715,19.2,2026-06-15T07:56:00+05:30,2026-06-15T07:56:04+05:30
P-0002023,V-02,5,19.188488,72.957806,25.9,2026-06-15T07:56:10+05:30,2026-06-15T07:56:14+05:30
P-0002024,V-02,5,19.188039,72.957572,23.8,2026-06-15T07:56:20+05:30,2026-06-15T07:56:25+05:30
P-0002025,V-02,5,19.187979,72.957116,18.1,2026-06-15T07:56:30+05:30,2026-06-15T07:56:31+05:30
P-0002026,V-02,5,19.187584,72.957148,18.5,2026-06-15T07:56:40+05:30,2026-06-15T07:56:42+05:30
P-0002027,V-02,5,19.187472,72.956784,24.2,2026-06-15T07:56:50+05:30,2026-06-15T07:56:51+05:30
P-0002028,V-02,5,19.186951,72.956463,15.8,2026-06-15T07:57:00+05:30,2026-06-15T07:57:06+05:30
P-0002029,V-02,5,19.186512,72.956073,22.6,2026-06-15T07:57:10+05:30,2026-06-15T07:57:14+05:30
P-0002030,V-02,5,19.186405,72.956264,21.9,2026-06-15T07:57:20+05:30,2026-06-15T07:57:21+05:30
P-0002031,V-02,5,19.185982,72.95574,20.1,2026-06-15T07:57:30+05:30,2026-06-15T07:57:34+05:30
P-0002032,V-02,5,19.185739,72.955519,20.6,2026-06-15T07:57:40+05:30,2026-06-15T07:57:44+05:30
P-0002033,V-02,5,19.185342,72.955247,14.2,2026-06-15T07:57:50+05:30,2026-06-15T07:57:53+05:30
P-0002034,V-02,5,19.185002,72.95504,18.4,2026-06-15T07:58:00+05:30,2026-06-15T07:58:04+05:30
P-0002035,V-02,5,19.185066,72.955005,17.1,2026-06-15T07:58:10+05:30,2026-06-15T07:58:12+05:30
P-0002036,V-02,5,19.18435,72.954913,17.9,2026-06-15T07:58:20+05:30,2026-06-15T07:58:25+05:30
P-0002037,V-02,5,19.184259,72.954407,21.8,2026-06-15T07:58:30+05:30,2026-06-15T07:58:33+05:30
P-0002038,V-02,5,19.184191,72.954,22.0,2026-06-15T07:58:40+05:30,2026-06-15T07:58:44+05:30
P-0002039,V-02,5,19.183464,72.954084,24.3,2026-06-15T07:58:50+05:30,2026-06-15T07:58:53+05:30
P-0002040,V-02,5,19.183363,72.953786,15.2,2026-06-15T07:59:00+05:30,2026-06-15T07:59:02+05:30
P-0002041,V-02,5,19.182889,72.953476,23.8,2026-06-15T07:59:10+05:30,2026-06-15T07:59:14+05:30
P-0002042,V-02,5,19.182831,72.953244,18.7,2026-06-15T07:59:20+05:30,2026-06-15T07:59:22+05:30
P-0002043,V-02,5,19.182659,72.95317,15.6,2026-06-15T07:59:30+05:30,2026-06-15T07:59:32+05:30
P-0002044,V-02,5,19.182275,72.952745,19.1,2026-06-15T07:59:40+05:30,2026-06-15T07:59:46+05:30
P-0002045,V-02,5,19.181829,72.952723,19.2,2026-06-15T07:59:50+05:30,2026-06-15T07:59:55+05:30
P-0002046,V-02,5,19.181565,72.952753,15.7,2026-06-15T08:00:00+05:30,2026-06-15T08:00:06+05:30
P-0002047,V-02,5,19.181022,72.952216,18.2,2026-06-15T08:00:10+05:30,2026-06-15T08:00:11+05:30
P-0002048,V-02,5,19.181001,72.95218,19.5,2026-06-15T08:00:20+05:30,2026-06-15T08:00:25+05:30
P-0002049,V-02,5,19.180434,72.951719,21.0,2026-06-15T08:00:30+05:30,2026-06-15T08:00:34+05:30
P-0002050,V-02,5,19.180456,72.951689,24.2,2026-06-15T08:00:40+05:30,2026-06-15T08:00:44+05:30
P-0002051,V-02,5,19.179774,72.951737,24.3,2026-06-15T08:00:50+05:30,2026-06-15T08:00:56+05:30
P-0002052,V-02,5,19.179799,72.951322,23.1,2026-06-15T08:01:00+05:30,2026-06-15T08:01:05+05:30
P-0002053,V-02,5,19.179359,72.951123,23.2,2026-06-15T08:01:10+05:30,2026-06-15T08:01:15+05:30
P-0002054,V-02,5,19.178771,72.950771,23.5,2026-06-15T08:01:20+05:30,2026-06-15T08:01:26+05:30
P-0002055,V-02,5,19.178752,72.950523,21.4,2026-06-15T08:01:30+05:30,2026-06-15T08:01:35+05:30
P-0002056,V-02,5,19.178593,72.950475,16.8,2026-06-15T08:01:40+05:30,2026-06-15T08:01:41+05:30
P-0002057,V-02,5,19.178246,72.950021,16.4,2026-06-15T08:01:50+05:30,2026-06-15T08:01:52+05:30
P-0002058,V-02,5,19.17753,72.950027,24.5,2026-06-15T08:02:00+05:30,2026-06-15T08:02:03+05:30
P-0002059,V-02,5,19.177497,72.949995,16.2,2026-06-15T08:02:10+05:30,2026-06-15T08:02:11+05:30
P-0002060,V-02,5,19.177188,72.949452,17.8,2026-06-15T08:02:20+05:30,2026-06-15T08:02:23+05:30
P-0002061,V-02,5,19.176848,72.949327,13.0,2026-06-15T08:02:30+05:30,2026-06-15T08:02:35+05:30
P-0002062,V-02,5,19.176341,72.949303,12.7,2026-06-15T08:02:40+05:30,2026-06-15T08:02:41+05:30
P-0002063,V-02,5,19.176319,72.948778,12.6,2026-06-15T08:02:50+05:30,2026-06-15T08:02:51+05:30
P-0002064,V-02,5,19.175639,72.948922,15.3,2026-06-15T08:03:00+05:30,2026-06-15T08:03:04+05:30
P-0002065,V-02,5,19.175459,72.948845,20.8,2026-06-15T08:03:10+05:30,2026-06-15T08:03:16+05:30
P-0002066,V-02,5,19.175229,72.948445,14.1,2026-06-15T08:03:20+05:30,2026-06-15T08:03:24+05:30
P-0002067,V-02,5,19.175124,72.948034,12.8,2026-06-15T08:03:30+05:30,2026-06-15T08:03:31+05:30
P-0002068,V-02,5,19.174476,72.948163,15.2,2026-06-15T08:03:40+05:30,2026-06-15T08:03:42+05:30
P-0002069,V-02,5,19.174394,72.947831,21.4,2026-06-15T08:03:50+05:30,2026-06-15T08:03:52+05:30
P-0002070,V-02,5,19.174012,72.947812,19.2,2026-06-15T08:04:00+05:30,2026-06-15T08:04:05+05:30
P-0002071,V-02,5,19.173736,72.947421,15.5,2026-06-15T08:04:10+05:30,2026-06-15T08:04:11+05:30
P-0002072,V-02,5,19.173444,72.947198,19.7,2026-06-15T08:04:20+05:30,2026-06-15T08:04:22+05:30
P-0002073,V-02,5,19.173034,72.946718,14.4,2026-06-15T08:04:30+05:30,2026-06-15T08:04:34+05:30
P-0002074,V-02,5,19.172687,72.946748,13.6,2026-06-15T08:04:40+05:30,2026-06-15T08:04:45+05:30
P-0002075,V-02,5,19.172449,72.946748,15.4,2026-06-15T08:04:50+05:30,2026-06-15T08:04:54+05:30
P-0002076,V-02,5,19.172177,72.946324,16.9,2026-06-15T08:05:00+05:30,2026-06-15T08:05:03+05:30
P-0002077,V-02,5,19.171691,72.946225,18.5,2026-06-15T08:05:10+05:30,2026-06-15T08:05:13+05:30
P-0002078,V-02,5,19.171557,72.945831,21.3,2026-06-15T08:05:20+05:30,2026-06-15T08:05:24+05:30
P-0002079,V-02,5,19.171225,72.945551,19.4,2026-06-15T08:05:30+05:30,2026-06-15T08:05:31+05:30
P-0002080,V-02,5,19.170791,72.945679,14.1,2026-06-15T08:05:40+05:30,2026-06-15T08:05:42+05:30
P-0002081,V-02,5,19.170386,72.945079,22.0,2026-06-15T08:05:50+05:30,2026-06-15T08:05:54+05:30
P-0002082,V-02,5,19.170367,72.945239,22.1,2026-06-15T08:06:00+05:30,2026-06-15T08:06:03+05:30
P-0002083,V-02,5,19.169795,72.945122,19.9,2026-06-15T08:06:10+05:30,2026-06-15T08:06:11+05:30
P-0002084,V-02,5,19.169749,72.944504,18.6,2026-06-15T08:06:20+05:30,2026-06-15T08:06:23+05:30
P-0002085,V-02,5,19.169475,72.944336,17.4,2026-06-15T08:06:30+05:30,2026-06-15T08:06:35+05:30
P-0002086,V-02,5,19.168859,72.94424,13.2,2026-06-15T08:06:40+05:30,2026-06-15T08:06:46+05:30
P-0002087,V-02,5,19.168637,72.943963,23.6,2026-06-15T08:06:50+05:30,2026-06-15T08:06:55+05:30
P-0002088,V-02,5,19.168652,72.943987,22.3,2026-06-15T08:07:00+05:30,2026-06-15T08:07:06+05:30
P-0002089,V-02,5,19.168047,72.943571,21.0,2026-06-15T08:07:10+05:30,2026-06-15T08:07:12+05:30
P-0002090,V-02,5,19.16816,72.943094,14.9,2026-06-15T08:07:20+05:30,2026-06-15T08:07:25+05:30
P-0002091,V-02,5,19.167566,72.943119,15.8,2026-06-15T08:07:30+05:30,2026-06-15T08:07:34+05:30
P-0002092,V-02,5,19.167225,72.942549,21.8,2026-06-15T08:07:40+05:30,2026-06-15T08:07:43+05:30
P-0002093,V-02,5,19.167094,72.942329,13.6,2026-06-15T08:07:50+05:30,2026-06-15T08:07:53+05:30
P-0002094,V-02,5,19.166809,72.94224,19.2,2026-06-15T08:08:00+05:30,2026-06-15T08:08:03+05:30
P-0002095,V-02,5,19.16682,72.941609,14.7,2026-06-15T08:08:10+05:30,2026-06-15T08:08:16+05:30
P-0002096,V-02,5,19.166597,72.941486,23.9,2026-06-15T08:08:20+05:30,2026-06-15T08:08:23+05:30
P-0002097,V-02,5,19.166056,72.941135,20.0,2026-06-15T08:08:30+05:30,2026-06-15T08:08:34+05:30
P-0002098,V-02,5,19.165986,72.940909,19.2,2026-06-15T08:08:40+05:30,2026-06-15T08:08:44+05:30
P-0002099,V-02,5,19.165669,72.940948,15.8,2026-06-15T08:08:50+05:30,2026-06-15T08:08:53+05:30
P-0002100,V-02,5,19.165372,72.940399,20.8,2026-06-15T08:09:00+05:30,2026-06-15T08:09:01+05:30
P-0002101,V-02,5,19.165196,72.94037,20.0,2026-06-15T08:09:10+05:30,2026-06-15T08:09:15+05:30
P-0002102,V-02,5,19.165122,72.939757,21.2,2026-06-15T08:09:20+05:30,2026-06-15T08:09:25+05:30
P-0002103,V-02,5,19.164843,72.939873,15.8,2026-06-15T08:09:30+05:30,2026-06-15T08:09:36+05:30
P-0002104,V-02,5,19.164246,72.939421,18.7,2026-06-15T08:09:40+05:30,2026-06-15T08:09:46+05:30
P-0002105,V-02,5,19.164413,72.939272,19.1,2026-06-15T08:09:50+05:30,2026-06-15T08:09:55+05:30
P-0002106,V-02,5,19.163868,72.938623,18.3,2026-06-15T08:10:00+05:30,2026-06-15T08:10:01+05:30
P-0002107,V-02,5,19.163544,72.938357,19.5,2026-06-15T08:10:10+05:30,2026-06-15T08:10:15+05:30
P-0002108,V-02,5,19.163575,72.938375,20.3,2026-06-15T08:10:20+05:30,2026-06-15T08:10:23+05:30
P-0002109,V-02,5,19.163232,72.938129,19.3,2026-06-15T08:10:30+05:30,2026-06-15T08:10:34+05:30
P-0002110,V-02,5,19.163016,72.937525,21.2,2026-06-15T08:10:40+05:30,2026-06-15T08:10:44+05:30
P-0002111,V-02,5,19.162788,72.93721,14.7,2026-06-15T08:10:50+05:30,2026-06-15T08:10:51+05:30
P-0002112,V-02,5,19.16238,72.937378,21.0,2026-06-15T08:11:00+05:30,2026-06-15T08:11:02+05:30
P-0002113,V-02,5,19.162095,72.937006,20.9,2026-06-15T08:11:10+05:30,2026-06-15T08:11:13+05:30
P-0002114,V-02,5,19.161786,72.936352,23.2,2026-06-15T08:11:20+05:30,2026-06-15T08:11:23+05:30
P-0002115,V-02,5,19.161548,72.936451,13.9,2026-06-15T08:11:30+05:30,2026-06-15T08:11:35+05:30
P-0002116,V-02,5,19.161348,72.935846,16.5,2026-06-15T08:11:40+05:30,2026-06-15T08:11:42+05:30
P-0002117,V-02,5,19.161009,72.935729,13.1,2026-06-15T08:11:50+05:30,2026-06-15T08:11:54+05:30
P-0002118,V-02,5,19.161142,72.935272,24.3,2026-06-15T08:12:00+05:30,2026-06-15T08:12:01+05:30
P-0002119,V-02,5,19.160462,72.93512,19.2,2026-06-15T08:12:10+05:30,2026-06-15T08:12:11+05:30
P-0002120,V-02,5,19.160326,72.934778,13.2,2026-06-15T08:12:20+05:30,2026-06-15T08:12:25+05:30
P-0002121,V-02,5,19.160284,72.934861,17.6,2026-06-15T08:12:30+05:30,2026-06-15T08:12:36+05:30
P-0002122,V-02,5,19.159772,72.934438,16.6,2026-06-15T08:12:40+05:30,2026-06-15T08:12:45+05:30
P-0002123,V-02,5,19.159552,72.934022,14.7,2026-06-15T08:12:50+05:30,2026-06-15T08:12:55+05:30
P-0002124,V-02,5,19.159498,72.933731,17.1,2026-06-15T08:13:00+05:30,2026-06-15T08:13:06+05:30
P-0002125,V-02,5,19.159232,72.933666,18.3,2026-06-15T08:13:10+05:30,2026-06-15T08:13:12+05:30
P-0002126,V-02,5,19.158923,72.933088,20.3,2026-06-15T08:13:20+05:30,2026-06-15T08:13:23+05:30
P-0002127,V-02,5,19.158519,72.933019,22.5,2026-06-15T08:13:30+05:30,2026-06-15T08:13:35+05:30
P-0002128,V-02,5,19.158248,72.932591,22.6,2026-06-15T08:13:40+05:30,2026-06-15T08:13:41+05:30
P-0002129,V-02,5,19.157937,72.932579,20.8,2026-06-15T08:13:50+05:30,2026-06-15T08:13:54+05:30
P-0002130,V-02,5,19.1577,72.932077,24.4,2026-06-15T08:14:00+05:30,2026-06-15T08:14:05+05:30
P-0002131,V-02,5,19.157571,72.931676,24.6,2026-06-15T08:14:10+05:30,2026-06-15T08:14:15+05:30
P-0002132,V-02,5,19.157356,72.931572,16.5,2026-06-15T08:14:20+05:30,2026-06-15T08:14:23+05:30
P-0002133,V-02,5,19.157273,72.931294,24.0,2026-06-15T08:14:30+05:30,2026-06-15T08:14:31+05:30
P-0002134,V-02,5,19.156694,72.930891,24.7,2026-06-15T08:14:40+05:30,2026-06-15T08:14:46+05:30
P-0002135,V-02,5,19.156663,72.930728,19.3,2026-06-15T08:14:50+05:30,2026-06-15T08:14:56+05:30
P-0002136,V-02,5,19.156595,72.930589,18.5,2026-06-15T08:15:00+05:30,2026-06-15T08:15:04+05:30
P-0002137,V-02,5,19.156132,72.930249,21.8,2026-06-15T08:15:10+05:30,2026-06-15T08:15:11+05:30
P-0002138,V-02,5,19.15598,72.929901,15.2,2026-06-15T08:15:20+05:30,2026-06-15T08:15:21+05:30
P-0002139,V-02,5,19.155722,72.929716,21.0,2026-06-15T08:15:30+05:30,2026-06-15T08:15:33+05:30
P-0002140,V-02,5,19.155159,72.929498,19.8,2026-06-15T08:15:40+05:30,2026-06-15T08:15:43+05:30
P-0002141,V-02,5,19.155348,72.929319,22.1,2026-06-15T08:15:50+05:30,2026-06-15T08:15:56+05:30
P-0002142,V-02,5,19.154979,72.928797,23.1,2026-06-15T08:16:00+05:30,2026-06-15T08:16:04+05:30
P-0002143,V-02,5,19.1546,72.928759,22.2,2026-06-15T08:16:10+05:30,2026-06-15T08:16:11+05:30
P-0002144,V-02,5,19.15433,72.928141,23.3,2026-06-15T08:16:20+05:30,2026-06-15T08:16:24+05:30
P-0002145,V-02,5,19.153917,72.928011,18.9,2026-06-15T08:16:30+05:30,2026-06-15T08:16:34+05:30
P-0002146,V-02,5,19.153967,72.927548,19.4,2026-06-15T08:16:40+05:30,2026-06-15T08:16:43+05:30
P-0002147,V-02,5,19.153649,72.927276,19.1,2026-06-15T08:16:50+05:30,2026-06-15T08:16:54+05:30
P-0002148,V-02,5,19.153235,72.927042,17.3,2026-06-15T08:17:00+05:30,2026-06-15T08:17:03+05:30
P-0002149,V-02,5,19.152974,72.927066,22.4,2026-06-15T08:17:10+05:30,2026-06-15T08:17:11+05:30
P-0002150,V-02,5,19.152812,72.92647,16.9,2026-06-15T08:17:20+05:30,2026-06-15T08:17:24+05:30
P-0002151,V-02,5,19.152594,72.926399,24.7,2026-06-15T08:17:30+05:30,2026-06-15T08:17:36+05:30
P-0002152,V-02,5,19.151981,72.926482,19.3,2026-06-15T08:17:40+05:30,2026-06-15T08:17:45+05:30
P-0002153,V-02,5,19.151763,72.925966,21.1,2026-06-15T08:17:50+05:30,2026-06-15T08:17:51+05:30
P-0002154,V-02,5,19.151658,72.926032,26.2,2026-06-15T08:18:00+05:30,2026-06-15T08:18:06+05:30
P-0002155,V-02,5,19.151001,72.925613,17.1,2026-06-15T08:18:10+05:30,2026-06-15T08:18:16+05:30
P-0002156,V-02,5,19.150956,72.925567,17.1,2026-06-15T08:18:20+05:30,2026-06-15T08:18:21+05:30
P-0002157,V-02,5,19.150454,72.925122,21.6,2026-06-15T08:18:30+05:30,2026-06-15T08:18:36+05:30
P-0002158,V-02,5,19.150065,72.925409,19.8,2026-06-15T08:18:40+05:30,2026-06-15T08:18:43+05:30
P-0002159,V-02,5,19.14972,72.924856,23.0,2026-06-15T08:18:50+05:30,2026-06-15T08:18:54+05:30
P-0002160,V-02,5,19.149809,72.924791,17.5,2026-06-15T08:19:00+05:30,2026-06-15T08:19:06+05:30
P-0002161,V-02,5,19.149294,72.924781,23.3,2026-06-15T08:19:10+05:30,2026-06-15T08:19:14+05:30
P-0002162,V-02,5,19.148708,72.924363,23.1,2026-06-15T08:19:20+05:30,2026-06-15T08:19:21+05:30
P-0002163,V-02,5,19.148851,72.924108,21.7,2026-06-15T08:19:30+05:30,2026-06-15T08:19:31+05:30
P-0002164,V-02,5,19.148467,72.923995,15.6,2026-06-15T08:19:40+05:30,2026-06-15T08:19:46+05:30
P-0002165,V-02,5,19.147866,72.923714,23.1,2026-06-15T08:19:50+05:30,2026-06-15T08:19:51+05:30
P-0002166,V-02,5,19.147827,72.923607,23.9,2026-06-15T08:20:00+05:30,2026-06-15T08:20:05+05:30
P-0002167,V-02,5,19.147215,72.923676,24.3,2026-06-15T08:20:10+05:30,2026-06-15T08:20:14+05:30
P-0002168,V-02,5,19.147094,72.923152,19.8,2026-06-15T08:20:20+05:30,2026-06-15T08:20:24+05:30
P-0002169,V-02,5,19.146861,72.923132,18.5,2026-06-15T08:20:30+05:30,2026-06-15T08:20:31+05:30
P-0002170,V-02,5,19.146136,72.922989,18.6,2026-06-15T08:20:40+05:30,2026-06-15T08:20:42+05:30
P-0002171,V-02,5,19.145953,72.922906,26.4,2026-06-15T08:20:50+05:30,2026-06-15T08:20:55+05:30
P-0002172,V-02,5,19.145503,72.92258,27.7,2026-06-15T08:21:00+05:30,2026-06-15T08:21:04+05:30
P-0002173,V-02,5,19.145349,72.922471,23.3,2026-06-15T08:21:10+05:30,2026-06-15T08:21:13+05:30
P-0002174,V-02,5,19.145157,72.922074,16.9,2026-06-15T08:21:20+05:30,2026-06-15T08:21:25+05:30
P-0002175,V-02,5,19.144741,72.92193,24.8,2026-06-15T08:21:30+05:30,2026-06-15T08:21:31+05:30
P-0002176,V-02,5,19.144514,72.921965,17.4,2026-06-15T08:21:40+05:30,2026-06-15T08:21:44+05:30
P-0002177,V-02,5,19.144219,72.921768,20.0,2026-06-15T08:21:50+05:30,2026-06-15T08:21:55+05:30
P-0002178,V-02,5,19.143875,72.921326,16.8,2026-06-15T08:22:00+05:30,2026-06-15T08:22:03+05:30
P-0002179,V-02,5,19.143178,72.921169,22.8,2026-06-15T08:22:10+05:30,2026-06-15T08:22:13+05:30
P-0002180,V-02,5,19.143239,72.921272,16.8,2026-06-15T08:22:20+05:30,2026-06-15T08:22:25+05:30
P-0002181,V-02,5,19.142525,72.92075,22.6,2026-06-15T08:22:30+05:30,2026-06-15T08:22:34+05:30
P-0002182,V-02,5,19.142223,72.920981,18.6,2026-06-15T08:22:40+05:30,2026-06-15T08:22:44+05:30
P-0002183,V-02,5,19.142187,72.920481,24.7,2026-06-15T08:22:50+05:30,2026-06-15T08:22:53+05:30
P-0002184,V-02,5,19.141648,72.92056,28.4,2026-06-15T08:23:00+05:30,2026-06-15T08:23:06+05:30
P-0002185,V-02,5,19.141638,72.920287,22.8,2026-06-15T08:23:10+05:30,2026-06-15T08:23:11+05:30
P-0002186,V-02,5,19.141127,72.919913,17.6,2026-06-15T08:23:20+05:30,2026-06-15T08:23:22+05:30
P-0002187,V-02,5,19.140692,72.920108,24.2,2026-06-15T08:23:30+05:30,2026-06-15T08:23:36+05:30
P-0002188,V-02,5,19.140393,72.919609,18.6,2026-06-15T08:23:40+05:30,2026-06-15T08:23:46+05:30
P-0002189,V-02,5,19.140063,72.919669,20.7,2026-06-15T08:23:50+05:30,2026-06-15T08:23:56+05:30
P-0002190,V-02,5,19.139638,72.919308,19.6,2026-06-15T08:24:00+05:30,2026-06-15T08:24:04+05:30
P-0002191,V-02,5,19.139237,72.918895,20.2,2026-06-15T08:24:10+05:30,2026-06-15T08:24:11+05:30
P-0002192,V-02,5,19.139159,72.918827,21.0,2026-06-15T08:24:20+05:30,2026-06-15T08:24:21+05:30
P-0002193,V-02,5,19.138808,72.919014,28.9,2026-06-15T08:24:30+05:30,2026-06-15T08:24:33+05:30
P-0002194,V-02,5,19.138569,72.918648,28.0,2026-06-15T08:24:40+05:30,2026-06-15T08:24:44+05:30
P-0002195,V-02,5,19.138013,72.918455,24.1,2026-06-15T08:24:50+05:30,2026-06-15T08:24:55+05:30
P-0002196,V-02,5,19.137703,72.918229,21.0,2026-06-15T08:25:00+05:30,2026-06-15T08:25:05+05:30
P-0002197,V-02,5,19.137464,72.918211,25.6,2026-06-15T08:25:10+05:30,2026-06-15T08:25:11+05:30
P-0002198,V-02,5,19.137351,72.917535,24.0,2026-06-15T08:25:20+05:30,2026-06-15T08:25:26+05:30
P-0002199,V-02,5,19.137085,72.917495,18.8,2026-06-15T08:25:30+05:30,2026-06-15T08:25:32+05:30
P-0002200,V-02,5,19.136734,72.917185,23.8,2026-06-15T08:25:40+05:30,2026-06-15T08:25:42+05:30
P-0002201,V-02,5,19.136242,72.916888,26.5,2026-06-15T08:25:50+05:30,2026-06-15T08:25:52+05:30
P-0002202,V-02,5,19.135999,72.916716,25.5,2026-06-15T08:26:00+05:30,2026-06-15T08:26:05+05:30
P-0002203,V-02,5,19.135505,72.916882,24.8,2026-06-15T08:26:10+05:30,2026-06-15T08:26:11+05:30
P-0002204,V-02,5,19.135468,72.916332,31.1,2026-06-15T08:26:20+05:30,2026-06-15T08:26:25+05:30
P-0002205,V-02,5,19.135258,72.916322,27.5,2026-06-15T08:26:30+05:30,2026-06-15T08:26:36+05:30
P-0002206,V-02,5,19.134892,72.915881,23.8,2026-06-15T08:26:40+05:30,2026-06-15T08:26:44+05:30
P-0002207,V-02,5,19.134521,72.91581,25.6,2026-06-15T08:26:50+05:30,2026-06-15T08:26:54+05:30
P-0002208,V-02,5,19.134114,72.915489,29.2,2026-06-15T08:27:00+05:30,2026-06-15T08:27:05+05:30
P-0002209,V-02,5,19.133788,72.915247,23.7,2026-06-15T08:27:10+05:30,2026-06-15T08:27:11+05:30
P-0002210,V-02,5,19.133829,72.914924,23.0,2026-06-15T08:27:20+05:30,2026-06-15T08:27:24+05:30
P-0002211,V-02,5,19.133297,72.914724,31.3,2026-06-15T08:27:30+05:30,2026-06-15T08:27:32+05:30
P-0002212,V-02,5,19.132795,72.914827,26.5,2026-06-15T08:27:40+05:30,2026-06-15T08:27:45+05:30
P-0002213,V-02,5,19.13269,72.914396,25.7,2026-06-15T08:27:50+05:30,2026-06-15T08:27:55+05:30
P-0002214,V-02,5,19.132472,72.914054,24.3,2026-06-15T08:28:00+05:30,2026-06-15T08:28:06+05:30
P-0002215,V-02,5,19.132313,72.913787,23.5,2026-06-15T08:28:10+05:30,2026-06-15T08:28:16+05:30
P-0002216,V-02,5,19.131699,72.913852,26.6,2026-06-15T08:28:20+05:30,2026-06-15T08:28:22+05:30
P-0002217,V-02,5,19.131589,72.913456,21.7,2026-06-15T08:28:30+05:30,2026-06-15T08:28:32+05:30
P-0002218,V-02,5,19.131445,72.913188,25.6,2026-06-15T08:28:40+05:30,2026-06-15T08:28:45+05:30
P-0002219,V-02,5,19.131032,72.913139,24.2,2026-06-15T08:28:50+05:30,2026-06-15T08:28:56+05:30
P-0002220,V-02,5,19.130556,72.913144,22.5,2026-06-15T08:29:00+05:30,2026-06-15T08:29:05+05:30
P-0002221,V-02,5,19.130179,72.91272,24.4,2026-06-15T08:29:10+05:30,2026-06-15T08:29:12+05:30
P-0002222,V-02,5,19.129975,72.912532,32.1,2026-06-15T08:29:20+05:30,2026-06-15T08:29:23+05:30
P-0002223,V-02,5,19.129779,72.912198,29.2,2026-06-15T08:29:30+05:30,2026-06-15T08:29:35+05:30
P-0002224,V-02,5,19.129138,72.912009,25.4,2026-06-15T08:29:40+05:30,2026-06-15T08:29:46+05:30
P-0002225,V-02,5,19.129255,72.912024,30.8,2026-06-15T08:29:50+05:30,2026-06-15T08:29:53+05:30
P-0002226,V-02,5,19.128712,72.911575,31.4,2026-06-15T08:30:00+05:30,2026-06-15T08:30:02+05:30
P-0002227,V-02,5,19.128461,72.911525,27.1,2026-06-15T08:30:10+05:30,2026-06-15T08:30:16+05:30
P-0002228,V-02,5,19.128027,72.911213,31.7,2026-06-15T08:30:20+05:30,2026-06-15T08:30:22+05:30
P-0002229,V-02,5,19.127878,72.911041,30.9,2026-06-15T08:30:30+05:30,2026-06-15T08:30:33+05:30
P-0002230,V-02,5,19.127763,72.910645,23.6,2026-06-15T08:30:40+05:30,2026-06-15T08:30:41+05:30
P-0002231,V-02,5,19.12742,72.910731,32.3,2026-06-15T08:30:50+05:30,2026-06-15T08:30:51+05:30
P-0002232,V-02,5,19.126966,72.910085,23.2,2026-06-15T08:31:00+05:30,2026-06-15T08:31:04+05:30
P-0002233,V-02,5,19.126571,72.910153,26.6,2026-06-15T08:31:10+05:30,2026-06-15T08:31:13+05:30
P-0002234,V-02,5,19.126447,72.909819,25.8,2026-06-15T08:31:20+05:30,2026-06-15T08:31:24+05:30
P-0002235,V-02,5,19.125929,72.909696,29.0,2026-06-15T08:31:30+05:30,2026-06-15T08:31:31+05:30
P-0002236,V-02,5,19.125629,72.909363,30.3,2026-06-15T08:31:40+05:30,2026-06-15T08:31:42+05:30
P-0002237,V-02,5,19.125423,72.909226,34.9,2026-06-15T08:31:50+05:30,2026-06-15T08:31:53+05:30
P-0002238,V-02,5,19.125309,72.908809,32.3,2026-06-15T08:32:00+05:30,2026-06-15T08:32:01+05:30
P-0002239,V-02,5,19.124769,72.908586,35.6,2026-06-15T08:32:10+05:30,2026-06-15T08:32:12+05:30
P-0002240,V-02,5,19.124723,72.908445,29.2,2026-06-15T08:32:20+05:30,2026-06-15T08:32:23+05:30
P-0002241,V-02,5,19.124355,72.908218,34.4,2026-06-15T08:32:30+05:30,2026-06-15T08:32:31+05:30
P-0002242,V-02,5,19.123706,72.907916,27.6,2026-06-15T08:32:40+05:30,2026-06-15T08:32:45+05:30
P-0002243,V-02,5,19.123416,72.907927,33.9,2026-06-15T08:32:50+05:30,2026-06-15T08:32:53+05:30
P-0002244,V-02,5,19.123482,72.907518,26.5,2026-06-15T08:33:00+05:30,2026-06-15T08:33:01+05:30
P-0002245,V-02,5,19.123241,72.907596,28.7,2026-06-15T08:33:10+05:30,2026-06-15T08:33:15+05:30
P-0002246,V-02,5,19.122805,72.9073,25.4,2026-06-15T08:33:20+05:30,2026-06-15T08:33:22+05:30
P-0002247,V-02,5,19.122329,72.907054,30.2,2026-06-15T08:33:30+05:30,2026-06-15T08:33:35+05:30
P-0002248,V-02,5,19.122013,72.906719,32.3,2026-06-15T08:33:40+05:30,2026-06-15T08:33:45+05:30
P-0002249,V-02,5,19.121901,72.90643,27.2,2026-06-15T08:33:50+05:30,2026-06-15T08:33:54+05:30
P-0002250,V-02,5,19.121382,72.906257,36.7,2026-06-15T08:34:00+05:30,2026-06-15T08:34:06+05:30
P-0002251,V-02,5,19.121294,72.906139,34.7,2026-06-15T08:34:10+05:30,2026-06-15T08:34:16+05:30
P-0002252,V-02,5,19.120929,72.90564,26.7,2026-06-15T08:34:20+05:30,2026-06-15T08:34:26+05:30
P-0002253,V-02,5,19.120498,72.905529,28.2,2026-06-15T08:34:30+05:30,2026-06-15T08:34:35+05:30
P-0002254,V-02,5,19.120424,72.905509,28.4,2026-06-15T08:34:40+05:30,2026-06-15T08:34:41+05:30
P-0002255,V-02,5,19.119948,72.9051,26.8,2026-06-15T08:34:50+05:30,2026-06-15T08:34:51+05:30
P-0002256,V-02,5,19.119779,72.904914,37.6,2026-06-15T08:35:00+05:30,2026-06-15T08:35:05+05:30
P-0002257,V-02,5,19.172628,72.944876,1.3,2026-06-15T07:50:00+05:30,2026-06-15T07:50:06+05:30
P-0002258,V-02,5,19.172594,72.944986,3.0,2026-06-15T07:50:02+05:30,2026-06-15T07:50:08+05:30
P-0002259,V-02,5,19.172653,72.944909,1.4,2026-06-15T07:50:04+05:30,2026-06-15T07:50:07+05:30
P-0002260,V-02,5,19.172721,72.945067,0.8,2026-06-15T07:50:06+05:30,2026-06-15T07:50:10+05:30
P-0002261,V-02,5,19.172793,72.94517,1.4,2026-06-15T07:50:08+05:30,2026-06-15T07:50:09+05:30
P-0002262,V-02,5,19.172696,72.944902,1.9,2026-06-15T07:50:10+05:30,2026-06-15T07:50:16+05:30
P-0002263,V-02,5,19.172662,72.945191,2.8,2026-06-15T07:50:12+05:30,2026-06-15T07:50:16+05:30
P-0002264,V-02,5,19.172657,72.945027,2.1,2026-06-15T07:50:14+05:30,2026-06-15T07:50:17+05:30
P-0002265,V-02,5,19.172748,72.945217,2.7,2026-06-15T07:50:16+05:30,2026-06-15T07:50:18+05:30
P-0002266,V-02,5,19.172785,72.945173,1.1,2026-06-15T07:50:18+05:30,2026-06-15T07:50:20+05:30
P-0002267,V-02,5,19.17284,72.945019,0.6,2026-06-15T07:50:20+05:30,2026-06-15T07:50:25+05:30
P-0002268,V-02,5,19.172582,72.945061,0.8,2026-06-15T07:50:22+05:30,2026-06-15T07:50:23+05:30
P-0002269,V-02,5,19.172616,72.94494,0.1,2026-06-15T07:50:24+05:30,2026-06-15T07:50:30+05:30
P-0002270,V-02,5,19.172594,72.945211,1.0,2026-06-15T07:50:26+05:30,2026-06-15T07:50:30+05:30
P-0002271,V-02,5,19.172831,72.944995,1.7,2026-06-15T07:50:28+05:30,2026-06-15T07:50:34+05:30
P-0002272,V-02,5,19.172761,72.945215,2.3,2026-06-15T07:50:30+05:30,2026-06-15T07:50:31+05:30
P-0002273,V-02,5,19.17259,72.944889,2.5,2026-06-15T07:50:32+05:30,2026-06-15T07:50:38+05:30
P-0002274,V-02,5,19.17265,72.945106,2.2,2026-06-15T07:50:34+05:30,2026-06-15T07:50:39+05:30
P-0002275,V-02,5,19.172696,72.945159,2.8,2026-06-15T07:50:36+05:30,2026-06-15T07:50:42+05:30
P-0002276,V-02,5,19.172606,72.944947,1.4,2026-06-15T07:50:38+05:30,2026-06-15T07:50:44+05:30
P-0002277,V-02,5,19.172635,72.945029,0.7,2026-06-15T07:50:40+05:30,2026-06-15T07:50:43+05:30
P-0002278,V-02,5,19.172524,72.944909,0.4,2026-06-15T07:50:42+05:30,2026-06-15T07:50:44+05:30
P-0002279,V-02,5,19.172856,72.945177,2.3,2026-06-15T07:50:44+05:30,2026-06-15T07:50:45+05:30
P-0002280,V-02,5,19.172754,72.945144,1.0,2026-06-15T07:50:46+05:30,2026-06-15T07:50:49+05:30
P-0002281,V-02,5,19.172782,72.945126,2.1,2026-06-15T07:50:48+05:30,2026-06-15T07:50:49+05:30
P-0002282,V-02,5,19.172507,72.94497,1.8,2026-06-15T07:50:50+05:30,2026-06-15T07:50:52+05:30
P-0002283,V-02,5,19.172835,72.945176,2.3,2026-06-15T07:50:52+05:30,2026-06-15T07:50:53+05:30
P-0002284,V-02,5,19.172526,72.945176,3.0,2026-06-15T07:50:54+05:30,2026-06-15T07:50:56+05:30
P-0002285,V-02,5,19.172841,72.945016,2.2,2026-06-15T07:50:56+05:30,2026-06-15T07:50:58+05:30
P-0002286,V-02,5,19.172619,72.945096,1.3,2026-06-15T07:50:58+05:30,2026-06-15T07:51:03+05:30
P-0002287,V-02,5,19.17268,72.944879,0.5,2026-06-15T07:51:00+05:30,2026-06-15T07:51:01+05:30
P-0002288,V-02,5,19.172533,72.944986,0.7,2026-06-15T07:51:02+05:30,2026-06-15T07:51:04+05:30
P-0002289,V-02,5,19.172569,72.94502,1.8,2026-06-15T07:51:04+05:30,2026-06-15T07:51:09+05:30
P-0002290,V-02,5,19.172801,72.945219,1.3,2026-06-15T07:51:06+05:30,2026-06-15T07:51:07+05:30
P-0002291,V-02,5,19.17275,72.945136,1.0,2026-06-15T07:51:08+05:30,2026-06-15T07:51:12+05:30
P-0002292,V-02,5,19.172646,72.945215,2.2,2026-06-15T07:51:10+05:30,2026-06-15T07:51:15+05:30
P-0002293,V-02,5,19.172682,72.944952,0.5,2026-06-15T07:51:12+05:30,2026-06-15T07:51:17+05:30
P-0002294,V-02,5,19.172682,72.944951,1.7,2026-06-15T07:51:14+05:30,2026-06-15T07:51:17+05:30
P-0002295,V-02,5,19.172721,72.945222,1.6,2026-06-15T07:51:16+05:30,2026-06-15T07:51:20+05:30
P-0002296,V-02,5,19.172789,72.94495,0.4,2026-06-15T07:51:18+05:30,2026-06-15T07:51:21+05:30
P-0002297,V-02,5,19.172804,72.944913,1.3,2026-06-15T07:51:20+05:30,2026-06-15T07:51:25+05:30
P-0002298,V-02,5,19.172597,72.945192,2.4,2026-06-15T07:51:22+05:30,2026-06-15T07:51:25+05:30
P-0002299,V-02,5,19.172863,72.9451,0.2,2026-06-15T07:51:24+05:30,2026-06-15T07:51:26+05:30
P-0002300,V-02,5,19.172831,72.945128,2.1,2026-06-15T07:51:26+05:30,2026-06-15T07:51:29+05:30
P-0002301,V-02,5,19.172768,72.945198,0.1,2026-06-15T07:51:28+05:30,2026-06-15T07:51:34+05:30
P-0002302,V-02,5,19.172845,72.945098,0.3,2026-06-15T07:51:30+05:30,2026-06-15T07:51:31+05:30
P-0002303,V-02,5,19.172642,72.945111,0.6,2026-06-15T07:51:32+05:30,2026-06-15T07:51:33+05:30
P-0002304,V-02,5,19.172791,72.944927,0.0,2026-06-15T07:51:34+05:30,2026-06-15T07:51:36+05:30
P-0002305,V-02,5,19.172584,72.944952,1.0,2026-06-15T07:51:36+05:30,2026-06-15T07:51:38+05:30
P-0002306,V-02,5,19.172636,72.945049,1.2,2026-06-15T07:51:38+05:30,2026-06-15T07:51:44+05:30
P-0002307,V-02,5,19.172798,72.945171,1.4,2026-06-15T07:51:40+05:30,2026-06-15T07:51:45+05:30
P-0002308,V-02,5,19.172505,72.945198,2.8,2026-06-15T07:51:42+05:30,2026-06-15T07:51:48+05:30
P-0002309,V-02,5,19.172534,72.944998,1.3,2026-06-15T07:51:44+05:30,2026-06-15T07:51:47+05:30
P-0002310,V-02,5,19.172828,72.945016,0.4,2026-06-15T07:51:46+05:30,2026-06-15T07:51:50+05:30
P-0002311,V-02,5,19.17254,72.944988,1.4,2026-06-15T07:51:48+05:30,2026-06-15T07:51:50+05:30
P-0002312,V-02,5,19.17261,72.94511,2.0,2026-06-15T07:51:50+05:30,2026-06-15T07:51:53+05:30
P-0002313,V-02,5,19.17279,72.945005,2.7,2026-06-15T07:51:52+05:30,2026-06-15T07:51:56+05:30
P-0002314,V-02,5,19.172513,72.944922,2.4,2026-06-15T07:51:54+05:30,2026-06-15T07:51:57+05:30
P-0002315,V-02,5,19.17255,72.944901,1.2,2026-06-15T07:51:56+05:30,2026-06-15T07:51:57+05:30
P-0002316,V-02,5,19.172563,72.944992,0.8,2026-06-15T07:51:58+05:30,2026-06-15T07:52:02+05:30
P-0002317,V-02,5,19.172701,72.944903,0.9,2026-06-15T07:52:00+05:30,2026-06-15T07:52:01+05:30
P-0002318,V-02,5,19.172786,72.945081,0.9,2026-06-15T07:52:02+05:30,2026-06-15T07:52:04+05:30
P-0002319,V-02,5,19.172834,72.944886,0.6,2026-06-15T07:52:04+05:30,2026-06-15T07:52:10+05:30
P-0002320,V-02,5,19.172843,72.944878,0.8,2026-06-15T07:52:06+05:30,2026-06-15T07:52:07+05:30
P-0002321,V-02,5,19.172631,72.945041,0.3,2026-06-15T07:52:08+05:30,2026-06-15T07:52:10+05:30
P-0002322,V-02,5,19.172752,72.945201,2.8,2026-06-15T07:52:10+05:30,2026-06-15T07:52:15+05:30
P-0002323,V-02,5,19.172802,72.945097,0.0,2026-06-15T07:52:12+05:30,2026-06-15T07:52:13+05:30
P-0002324,V-02,5,19.172589,72.944989,1.0,2026-06-15T07:52:14+05:30,2026-06-15T07:52:19+05:30
P-0002325,V-02,5,19.172664,72.945087,2.1,2026-06-15T07:52:16+05:30,2026-06-15T07:52:22+05:30
P-0002326,V-02,5,19.172812,72.945049,1.4,2026-06-15T07:52:18+05:30,2026-06-15T07:52:19+05:30
P-0002327,V-02,5,19.172695,72.94506,2.2,2026-06-15T07:52:20+05:30,2026-06-15T07:52:24+05:30
P-0002328,V-02,5,19.172716,72.944876,2.4,2026-06-15T07:52:22+05:30,2026-06-15T07:52:27+05:30
P-0002329,V-02,5,19.172742,72.944923,2.2,2026-06-15T07:52:24+05:30,2026-06-15T07:52:30+05:30
P-0002330,V-02,5,19.172527,72.945224,2.7,2026-06-15T07:52:26+05:30,2026-06-15T07:52:27+05:30
P-0002331,V-02,5,19.172854,72.945195,2.0,2026-06-15T07:52:28+05:30,2026-06-15T07:52:34+05:30
P-0002332,V-02,5,19.172702,72.944872,1.6,2026-06-15T07:52:30+05:30,2026-06-15T07:52:35+05:30
P-0002333,V-02,5,19.172552,72.94495,2.0,2026-06-15T07:52:32+05:30,2026-06-15T07:52:37+05:30
P-0002334,V-02,5,19.172671,72.944922,0.6,2026-06-15T07:52:34+05:30,2026-06-15T07:52:40+05:30
P-0002335,V-02,5,19.172775,72.944959,2.6,2026-06-15T07:52:36+05:30,2026-06-15T07:52:38+05:30
P-0002336,V-02,5,19.172645,72.945017,1.5,2026-06-15T07:52:38+05:30,2026-06-15T07:52:44+05:30
P-0002337,V-02,5,19.172721,72.945181,0.5,2026-06-15T07:52:40+05:30,2026-06-15T07:52:45+05:30
P-0002338,V-02,5,19.172565,72.945013,1.8,2026-06-15T07:52:42+05:30,2026-06-15T07:52:47+05:30
P-0002339,V-02,5,19.172747,72.945145,1.9,2026-06-15T07:52:44+05:30,2026-06-15T07:52:47+05:30
P-0002340,V-02,5,19.172545,72.945119,1.0,2026-06-15T07:52:46+05:30,2026-06-15T07:52:49+05:30
P-0002341,V-02,5,19.172715,72.944908,0.5,2026-06-15T07:52:48+05:30,2026-06-15T07:52:51+05:30
P-0002342,V-02,5,19.17281,72.945178,2.6,2026-06-15T07:52:50+05:30,2026-06-15T07:52:54+05:30
P-0002343,V-02,5,19.172511,72.945176,1.4,2026-06-15T07:52:52+05:30,2026-06-15T07:52:56+05:30
P-0002344,V-02,5,19.172575,72.944931,0.4,2026-06-15T07:52:54+05:30,2026-06-15T07:52:56+05:30
P-0002345,V-02,5,19.172737,72.9451,1.2,2026-06-15T07:52:56+05:30,2026-06-15T07:52:59+05:30
P-0002346,V-02,5,19.172821,72.944876,1.5,2026-06-15T07:52:58+05:30,2026-06-15T07:53:02+05:30
P-0002347,V-02,5,19.172716,72.945061,1.4,2026-06-15T07:53:00+05:30,2026-06-15T07:53:02+05:30
P-0002348,V-02,5,19.172802,72.945201,2.9,2026-06-15T07:53:02+05:30,2026-06-15T07:53:08+05:30
P-0002349,V-02,5,19.17255,72.945129,2.4,2026-06-15T07:53:04+05:30,2026-06-15T07:53:05+05:30
P-0002350,V-02,5,19.172546,72.945071,1.3,2026-06-15T07:53:06+05:30,2026-06-15T07:53:10+05:30
P-0002351,V-02,5,19.172782,72.945048,1.9,2026-06-15T07:53:08+05:30,2026-06-15T07:53:12+05:30
P-0002352,V-02,5,19.172787,72.945158,2.5,2026-06-15T07:53:10+05:30,2026-06-15T07:53:16+05:30
P-0002353,V-02,5,19.172688,72.945065,0.2,2026-06-15T07:53:12+05:30,2026-06-15T07:53:16+05:30
P-0002354,V-02,5,19.17256,72.945225,0.4,2026-06-15T07:53:14+05:30,2026-06-15T07:53:15+05:30
P-0002355,V-02,5,19.172792,72.94517,2.5,2026-06-15T07:53:16+05:30,2026-06-15T07:53:20+05:30
P-0002356,V-02,5,19.172523,72.945201,0.7,2026-06-15T07:53:18+05:30,2026-06-15T07:53:22+05:30
P-0002357,V-02,5,19.172861,72.945123,1.8,2026-06-15T07:53:20+05:30,2026-06-15T07:53:21+05:30
P-0002358,V-02,5,19.172644,72.945104,0.3,2026-06-15T07:53:22+05:30,2026-06-15T07:53:27+05:30
P-0002359,V-02,5,19.172585,72.945119,0.9,2026-06-15T07:53:24+05:30,2026-06-15T07:53:30+05:30
P-0002360,V-02,5,19.172574,72.944889,1.8,2026-06-15T07:53:26+05:30,2026-06-15T07:53:28+05:30
P-0002361,V-02,5,19.172693,72.945004,2.9,2026-06-15T07:53:28+05:30,2026-06-15T07:53:33+05:30
P-0002362,V-02,5,19.17276,72.945001,0.6,2026-06-15T07:53:30+05:30,2026-06-15T07:53:36+05:30
P-0002363,V-02,5,19.172663,72.945041,1.9,2026-06-15T07:53:32+05:30,2026-06-15T07:53:34+05:30
P-0002364,V-02,5,19.172804,72.945141,0.8,2026-06-15T07:53:34+05:30,2026-06-15T07:53:39+05:30
P-0002365,V-02,5,19.172625,72.944915,0.6,2026-06-15T07:53:36+05:30,2026-06-15T07:53:42+05:30
P-0002366,V-02,5,19.172665,72.945047,1.8,2026-06-15T07:53:38+05:30,2026-06-15T07:53:39+05:30
P-0002367,V-02,5,19.172676,72.945035,1.9,2026-06-15T07:53:40+05:30,2026-06-15T07:53:41+05:30
P-0002368,V-02,5,19.172684,72.944963,2.4,2026-06-15T07:53:42+05:30,2026-06-15T07:53:44+05:30
P-0002369,V-02,5,19.172691,72.945132,2.6,2026-06-15T07:53:44+05:30,2026-06-15T07:53:45+05:30
P-0002370,V-02,5,19.17281,72.945196,2.7,2026-06-15T07:53:46+05:30,2026-06-15T07:53:50+05:30
P-0002371,V-02,5,19.172793,72.945217,0.4,2026-06-15T07:53:48+05:30,2026-06-15T07:53:50+05:30
P-0002372,V-02,5,19.172758,72.944941,0.3,2026-06-15T07:53:50+05:30,2026-06-15T07:53:56+05:30
P-0002373,V-02,5,19.17263,72.945172,1.3,2026-06-15T07:53:52+05:30,2026-06-15T07:53:55+05:30
P-0002374,V-02,5,19.172855,72.945159,2.4,2026-06-15T07:53:54+05:30,2026-06-15T07:53:58+05:30
P-0002375,V-02,5,19.172617,72.945149,0.8,2026-06-15T07:53:56+05:30,2026-06-15T07:53:59+05:30
P-0002376,V-02,5,19.172819,72.945171,1.3,2026-06-15T07:53:58+05:30,2026-06-15T07:54:03+05:30
P-0002377,V-08,6,19.086387,72.90871,0.4,2026-06-15T07:00:00+05:30,2026-06-15T07:00:06+05:30
P-0002378,V-08,6,19.085841,72.908658,3.5,2026-06-15T07:00:10+05:30,2026-06-15T07:00:11+05:30
P-0002379,V-08,6,19.086384,72.90878,3.5,2026-06-15T07:00:20+05:30,2026-06-15T07:00:26+05:30
P-0002380,V-08,6,19.08562,72.908676,3.8,2026-06-15T07:00:30+05:30,2026-06-15T07:00:33+05:30
P-0002381,V-08,6,19.086352,72.909182,0.3,2026-06-15T07:00:40+05:30,2026-06-15T07:00:44+05:30
P-0002382,V-08,6,19.086378,72.908655,0.6,2026-06-15T07:00:50+05:30,2026-06-15T07:00:56+05:30
P-0002383,V-08,6,19.086095,72.908901,3.1,2026-06-15T07:01:00+05:30,2026-06-15T07:01:03+05:30
P-0002384,V-08,6,19.086334,72.90874,2.8,2026-06-15T07:01:10+05:30,2026-06-15T07:01:16+05:30
P-0002385,V-08,6,19.086083,72.908745,1.4,2026-06-15T07:01:20+05:30,2026-06-15T07:01:22+05:30
P-0002386,V-08,6,19.086157,72.908696,0.6,2026-06-15T07:01:30+05:30,2026-06-15T07:01:35+05:30
P-0002387,V-08,6,19.085765,72.908685,0.6,2026-06-15T07:01:40+05:30,2026-06-15T07:01:42+05:30
P-0002388,V-08,6,19.086195,72.908621,1.4,2026-06-15T07:01:50+05:30,2026-06-15T07:01:52+05:30
P-0002389,V-08,6,19.086361,72.908612,1.9,2026-06-15T07:02:00+05:30,2026-06-15T07:02:01+05:30
P-0002390,V-08,6,19.086131,72.90856,3.8,2026-06-15T07:02:10+05:30,2026-06-15T07:02:13+05:30
P-0002391,V-08,6,19.085601,72.909298,2.8,2026-06-15T07:02:20+05:30,2026-06-15T07:02:26+05:30
P-0002392,V-08,6,19.086214,72.909178,0.9,2026-06-15T07:02:30+05:30,2026-06-15T07:02:32+05:30
P-0002393,V-08,6,19.086121,72.909123,1.4,2026-06-15T07:02:40+05:30,2026-06-15T07:02:43+05:30
P-0002394,V-08,6,19.086197,72.909148,2.4,2026-06-15T07:02:50+05:30,2026-06-15T07:02:53+05:30
P-0002395,V-08,6,19.085956,72.908779,0.4,2026-06-15T07:03:00+05:30,2026-06-15T07:03:05+05:30
P-0002396,V-08,6,19.086055,72.908648,2.9,2026-06-15T07:03:10+05:30,2026-06-15T07:03:15+05:30
P-0002397,V-08,6,19.085965,72.909098,0.4,2026-06-15T07:03:20+05:30,2026-06-15T07:03:21+05:30
P-0002398,V-08,6,19.085681,72.908507,0.4,2026-06-15T07:03:30+05:30,2026-06-15T07:03:32+05:30
P-0002399,V-08,6,19.08583,72.908905,0.9,2026-06-15T07:03:40+05:30,2026-06-15T07:03:41+05:30
P-0002400,V-08,6,19.086,72.908843,0.6,2026-06-15T07:03:50+05:30,2026-06-15T07:03:56+05:30
P-0002401,V-08,6,19.086337,72.909137,1.7,2026-06-15T07:04:00+05:30,2026-06-15T07:04:03+05:30
P-0002402,V-08,6,19.086265,72.909064,2.6,2026-06-15T07:04:10+05:30,2026-06-15T07:04:15+05:30
P-0002403,V-08,6,19.085949,72.909004,2.2,2026-06-15T07:04:20+05:30,2026-06-15T07:04:21+05:30
P-0002404,V-08,6,19.086249,72.909276,3.3,2026-06-15T07:04:30+05:30,2026-06-15T07:04:35+05:30
P-0002405,V-08,6,19.085946,72.909049,2.4,2026-06-15T07:04:40+05:30,2026-06-15T07:04:42+05:30
P-0002406,V-08,6,19.08576,72.909059,1.7,2026-06-15T07:04:50+05:30,2026-06-15T07:04:52+05:30
P-0002407,V-08,6,19.086273,72.908718,2.6,2026-06-15T07:05:00+05:30,2026-06-15T07:05:05+05:30
P-0002408,V-08,6,19.086367,72.909,2.0,2026-06-15T07:05:10+05:30,2026-06-15T07:05:11+05:30
P-0002409,V-08,6,19.086332,72.908889,1.6,2026-06-15T07:05:20+05:30,2026-06-15T07:05:23+05:30
P-0002410,V-08,6,19.085983,72.909111,2.4,2026-06-15T07:05:30+05:30,2026-06-15T07:05:33+05:30
P-0002411,V-08,6,19.085795,72.909271,0.3,2026-06-15T07:05:40+05:30,2026-06-15T07:05:44+05:30
P-0002412,V-08,6,19.086074,72.908694,1.5,2026-06-15T07:05:50+05:30,2026-06-15T07:05:52+05:30
P-0002413,V-08,6,19.08605,72.908604,1.4,2026-06-15T07:06:00+05:30,2026-06-15T07:06:06+05:30
P-0002414,V-08,6,19.086386,72.909121,0.8,2026-06-15T07:06:10+05:30,2026-06-15T07:06:16+05:30
P-0002415,V-08,6,19.085915,72.909134,2.5,2026-06-15T07:06:20+05:30,2026-06-15T07:06:26+05:30
P-0002416,V-08,6,19.086288,72.90864,1.4,2026-06-15T07:06:30+05:30,2026-06-15T07:06:34+05:30
P-0002417,V-08,6,19.085971,72.90878,1.0,2026-06-15T07:06:40+05:30,2026-06-15T07:06:44+05:30
P-0002418,V-08,6,19.086002,72.908657,1.9,2026-06-15T07:06:50+05:30,2026-06-15T07:06:55+05:30
P-0002419,V-08,6,19.085845,72.908503,2.9,2026-06-15T07:07:00+05:30,2026-06-15T07:07:05+05:30
P-0002420,V-08,6,19.085996,72.909138,3.4,2026-06-15T07:07:10+05:30,2026-06-15T07:07:13+05:30
P-0002421,V-08,6,19.085896,72.908566,3.4,2026-06-15T07:07:20+05:30,2026-06-15T07:07:23+05:30
P-0002422,V-08,6,19.085822,72.908889,0.1,2026-06-15T07:07:30+05:30,2026-06-15T07:07:33+05:30
P-0002423,V-08,6,19.086213,72.909081,2.7,2026-06-15T07:07:40+05:30,2026-06-15T07:07:44+05:30
P-0002424,V-08,6,19.086311,72.908518,3.8,2026-06-15T07:07:50+05:30,2026-06-15T07:07:56+05:30
P-0002425,V-08,6,19.085767,72.908699,1.1,2026-06-15T07:08:00+05:30,2026-06-15T07:08:02+05:30
P-0002426,V-08,6,19.086158,72.909072,1.5,2026-06-15T07:08:10+05:30,2026-06-15T07:08:12+05:30
P-0002427,V-08,6,19.085859,72.908522,3.6,2026-06-15T07:08:20+05:30,2026-06-15T07:08:25+05:30
P-0002428,V-08,6,19.085803,72.909096,0.2,2026-06-15T07:08:30+05:30,2026-06-15T07:08:32+05:30
P-0002429,V-08,6,19.085625,72.90879,2.5,2026-06-15T07:08:40+05:30,2026-06-15T07:08:46+05:30
P-0002430,V-08,6,19.086286,72.908875,1.7,2026-06-15T07:08:50+05:30,2026-06-15T07:08:55+05:30
P-0002431,V-08,6,19.086234,72.909048,3.4,2026-06-15T07:09:00+05:30,2026-06-15T07:09:02+05:30
P-0002432,V-08,6,19.086019,72.908906,3.5,2026-06-15T07:09:10+05:30,2026-06-15T07:09:16+05:30
P-0002433,V-08,6,19.086306,72.909022,2.1,2026-06-15T07:09:20+05:30,2026-06-15T07:09:26+05:30
P-0002434,V-08,6,19.086106,72.908536,0.3,2026-06-15T07:09:30+05:30,2026-06-15T07:09:36+05:30
P-0002435,V-08,6,19.086099,72.908647,0.1,2026-06-15T07:09:40+05:30,2026-06-15T07:09:43+05:30
P-0002436,V-08,6,19.086054,72.908527,3.7,2026-06-15T07:09:50+05:30,2026-06-15T07:09:51+05:30
P-0002437,V-08,6,19.085861,72.909096,1.4,2026-06-15T07:10:00+05:30,2026-06-15T07:10:03+05:30
P-0002438,V-08,6,19.085861,72.908925,2.4,2026-06-15T07:10:10+05:30,2026-06-15T07:10:12+05:30
P-0002439,V-08,6,19.085651,72.908537,3.3,2026-06-15T07:10:20+05:30,2026-06-15T07:10:22+05:30
P-0002440,V-08,6,19.085703,72.909133,0.8,2026-06-15T07:10:30+05:30,2026-06-15T07:10:34+05:30
P-0002441,V-08,6,19.085932,72.909254,1.9,2026-06-15T07:10:40+05:30,2026-06-15T07:10:45+05:30
P-0002442,V-08,6,19.085737,72.909279,1.3,2026-06-15T07:10:50+05:30,2026-06-15T07:10:54+05:30
P-0002443,V-08,6,19.086076,72.909246,0.6,2026-06-15T07:11:00+05:30,2026-06-15T07:11:06+05:30
P-0002444,V-08,6,19.08564,72.908994,2.9,2026-06-15T07:11:10+05:30,2026-06-15T07:11:14+05:30
P-0002445,V-08,6,19.085642,72.908881,1.9,2026-06-15T07:11:20+05:30,2026-06-15T07:11:25+05:30
P-0002446,V-08,6,19.085617,72.908673,0.2,2026-06-15T07:11:30+05:30,2026-06-15T07:11:33+05:30
P-0002447,V-08,6,19.086121,72.908684,2.1,2026-06-15T07:11:40+05:30,2026-06-15T07:11:41+05:30
P-0002448,V-08,6,19.086051,72.908574,1.4,2026-06-15T07:11:50+05:30,2026-06-15T07:11:53+05:30
P-0002449,V-08,6,19.085652,72.908624,1.9,2026-06-15T07:12:00+05:30,2026-06-15T07:12:02+05:30
P-0002450,V-08,6,19.086127,72.908825,2.3,2026-06-15T07:12:10+05:30,2026-06-15T07:12:15+05:30
P-0002451,V-08,6,19.086121,72.909022,1.8,2026-06-15T07:12:20+05:30,2026-06-15T07:12:22+05:30
P-0002452,V-08,6,19.086013,72.90919,3.3,2026-06-15T07:12:30+05:30,2026-06-15T07:12:31+05:30
P-0002453,V-08,6,19.086152,72.908795,1.9,2026-06-15T07:12:40+05:30,2026-06-15T07:12:46+05:30
P-0002454,V-08,6,19.085983,72.908758,0.6,2026-06-15T07:12:50+05:30,2026-06-15T07:12:55+05:30
P-0002455,V-08,6,19.086004,72.909049,3.8,2026-06-15T07:13:00+05:30,2026-06-15T07:13:05+05:30
P-0002456,V-08,6,19.086016,72.90866,0.0,2026-06-15T07:13:10+05:30,2026-06-15T07:13:12+05:30
P-0002457,V-08,6,19.085872,72.90922,0.2,2026-06-15T07:13:20+05:30,2026-06-15T07:13:22+05:30
P-0002458,V-08,6,19.08591,72.908986,0.4,2026-06-15T07:13:30+05:30,2026-06-15T07:13:33+05:30
P-0002459,V-08,6,19.086208,72.908582,1.2,2026-06-15T07:13:40+05:30,2026-06-15T07:13:42+05:30
P-0002460,V-08,6,19.085904,72.908896,1.7,2026-06-15T07:13:50+05:30,2026-06-15T07:13:55+05:30
P-0002461,V-08,6,19.085686,72.909026,2.7,2026-06-15T07:14:00+05:30,2026-06-15T07:14:02+05:30
P-0002462,V-08,6,19.085849,72.908773,3.5,2026-06-15T07:14:10+05:30,2026-06-15T07:14:16+05:30
P-0002463,V-08,6,19.086006,72.909081,3.5,2026-06-15T07:14:20+05:30,2026-06-15T07:14:21+05:30
P-0002464,V-08,6,19.086001,72.9086,1.8,2026-06-15T07:14:30+05:30,2026-06-15T07:14:31+05:30
P-0002465,V-08,6,19.085617,72.908608,3.9,2026-06-15T07:14:40+05:30,2026-06-15T07:14:42+05:30
P-0002466,V-08,6,19.086376,72.908561,1.1,2026-06-15T07:14:50+05:30,2026-06-15T07:14:52+05:30
P-0002467,V-08,6,19.086146,72.909252,1.3,2026-06-15T07:15:00+05:30,2026-06-15T07:15:01+05:30
P-0002468,V-08,6,19.086276,72.908637,3.6,2026-06-15T07:15:10+05:30,2026-06-15T07:15:13+05:30
P-0002469,V-08,6,19.08617,72.909129,1.0,2026-06-15T07:15:20+05:30,2026-06-15T07:15:23+05:30
P-0002470,V-08,6,19.085947,72.909293,0.5,2026-06-15T07:15:30+05:30,2026-06-15T07:15:33+05:30
P-0002471,V-08,6,19.085622,72.908599,2.4,2026-06-15T07:15:40+05:30,2026-06-15T07:15:46+05:30
P-0002472,V-08,6,19.085706,72.909167,2.0,2026-06-15T07:15:50+05:30,2026-06-15T07:15:52+05:30
P-0002473,V-08,6,19.085731,72.9085,2.6,2026-06-15T07:16:00+05:30,2026-06-15T07:16:03+05:30
P-0002474,V-08,6,19.085941,72.908561,3.4,2026-06-15T07:16:10+05:30,2026-06-15T07:16:16+05:30
P-0002475,V-08,6,19.086269,72.909179,2.1,2026-06-15T07:16:20+05:30,2026-06-15T07:16:23+05:30
P-0002476,V-08,6,19.086217,72.908884,0.1,2026-06-15T07:16:30+05:30,2026-06-15T07:16:31+05:30
P-0002477,V-08,6,19.086171,72.908953,3.3,2026-06-15T07:16:40+05:30,2026-06-15T07:16:45+05:30
P-0002478,V-08,6,19.085863,72.908652,2.1,2026-06-15T07:16:50+05:30,2026-06-15T07:16:53+05:30
P-0002479,V-08,6,19.086293,72.909023,0.8,2026-06-15T07:17:00+05:30,2026-06-15T07:17:06+05:30
P-0002480,V-08,6,19.086306,72.908841,0.4,2026-06-15T07:17:10+05:30,2026-06-15T07:17:11+05:30
P-0002481,V-08,6,19.086296,72.908643,0.2,2026-06-15T07:17:20+05:30,2026-06-15T07:17:22+05:30
P-0002482,V-08,6,19.08576,72.909057,1.7,2026-06-15T07:17:30+05:30,2026-06-15T07:17:32+05:30
P-0002483,V-08,6,19.085631,72.908724,1.2,2026-06-15T07:17:40+05:30,2026-06-15T07:17:44+05:30
P-0002484,V-08,6,19.086167,72.909122,1.1,2026-06-15T07:17:50+05:30,2026-06-15T07:17:56+05:30
P-0002485,V-08,6,19.08569,72.908549,3.3,2026-06-15T07:18:00+05:30,2026-06-15T07:18:06+05:30
P-0002486,V-08,6,19.086218,72.908687,3.6,2026-06-15T07:18:10+05:30,2026-06-15T07:18:15+05:30
P-0002487,V-08,6,19.086089,72.909149,3.9,2026-06-15T07:18:20+05:30,2026-06-15T07:18:23+05:30
P-0002488,V-08,6,19.086344,72.908729,1.7,2026-06-15T07:18:30+05:30,2026-06-15T07:18:34+05:30
P-0002489,V-08,6,19.086004,72.908601,2.7,2026-06-15T07:18:40+05:30,2026-06-15T07:18:45+05:30
P-0002490,V-08,6,19.085623,72.909131,1.2,2026-06-15T07:18:50+05:30,2026-06-15T07:18:52+05:30
P-0002491,V-08,6,19.085764,72.908701,0.3,2026-06-15T07:19:00+05:30,2026-06-15T07:19:05+05:30
P-0002492,V-08,6,19.086033,72.909283,1.9,2026-06-15T07:19:10+05:30,2026-06-15T07:19:11+05:30
P-0002493,V-08,6,19.086361,72.908774,2.0,2026-06-15T07:19:20+05:30,2026-06-15T07:19:23+05:30
P-0002494,V-08,6,19.085739,72.90855,0.5,2026-06-15T07:19:30+05:30,2026-06-15T07:19:31+05:30
P-0002495,V-08,6,19.085619,72.908625,3.3,2026-06-15T07:19:40+05:30,2026-06-15T07:19:45+05:30
P-0002496,V-08,6,19.08564,72.908979,3.9,2026-06-15T07:19:50+05:30,2026-06-15T07:19:55+05:30
P-0002497,V-08,6,19.085767,72.908768,2.1,2026-06-15T07:20:00+05:30,2026-06-15T07:20:01+05:30
P-0002498,V-08,6,19.085687,72.908514,1.4,2026-06-15T07:20:10+05:30,2026-06-15T07:20:11+05:30
P-0002499,V-08,6,19.085944,72.908972,2.0,2026-06-15T07:20:20+05:30,2026-06-15T07:20:21+05:30
P-0002500,V-08,6,19.086137,72.908928,2.7,2026-06-15T07:20:30+05:30,2026-06-15T07:20:35+05:30
P-0002501,V-08,6,19.086046,72.908707,1.1,2026-06-15T07:20:40+05:30,2026-06-15T07:20:43+05:30
P-0002502,V-08,6,19.085764,72.908867,1.2,2026-06-15T07:20:50+05:30,2026-06-15T07:20:53+05:30
P-0002503,V-08,6,19.085982,72.908548,4.0,2026-06-15T07:21:00+05:30,2026-06-15T07:21:04+05:30
P-0002504,V-08,6,19.085651,72.909235,1.1,2026-06-15T07:21:10+05:30,2026-06-15T07:21:14+05:30
P-0002505,V-08,6,19.08606,72.908839,3.1,2026-06-15T07:21:20+05:30,2026-06-15T07:21:25+05:30
P-0002506,V-08,6,19.085625,72.90889,1.1,2026-06-15T07:21:30+05:30,2026-06-15T07:21:36+05:30
P-0002507,V-08,6,19.085943,72.909213,2.7,2026-06-15T07:21:40+05:30,2026-06-15T07:21:46+05:30
P-0002508,V-08,6,19.086206,72.908824,2.4,2026-06-15T07:21:50+05:30,2026-06-15T07:21:51+05:30
P-0002509,V-08,6,19.085828,72.909241,1.2,2026-06-15T07:22:00+05:30,2026-06-15T07:22:01+05:30
P-0002510,V-08,6,19.085956,72.909213,3.0,2026-06-15T07:22:10+05:30,2026-06-15T07:22:15+05:30
P-0002511,V-08,6,19.086164,72.909018,3.1,2026-06-15T07:22:20+05:30,2026-06-15T07:22:22+05:30
P-0002512,V-08,6,19.08578,72.908506,3.7,2026-06-15T07:22:30+05:30,2026-06-15T07:22:36+05:30
P-0002513,V-08,6,19.086141,72.908893,1.9,2026-06-15T07:22:40+05:30,2026-06-15T07:22:43+05:30
P-0002514,V-08,6,19.086094,72.909129,0.6,2026-06-15T07:22:50+05:30,2026-06-15T07:22:56+05:30
P-0002515,V-08,6,19.085651,72.908802,3.9,2026-06-15T07:23:00+05:30,2026-06-15T07:23:06+05:30
P-0002516,V-08,6,19.085837,72.90853,1.9,2026-06-15T07:23:10+05:30,2026-06-15T07:23:15+05:30
P-0002517,V-08,6,19.086098,72.90882,2.3,2026-06-15T07:23:20+05:30,2026-06-15T07:23:22+05:30
P-0002518,V-08,6,19.085943,72.908755,0.0,2026-06-15T07:23:30+05:30,2026-06-15T07:23:31+05:30
P-0002519,V-08,6,19.086322,72.909042,0.3,2026-06-15T07:23:40+05:30,2026-06-15T07:23:45+05:30
P-0002520,V-08,6,19.085974,72.908951,3.1,2026-06-15T07:23:50+05:30,2026-06-15T07:23:53+05:30
P-0002521,V-08,6,19.085601,72.908649,3.2,2026-06-15T07:24:00+05:30,2026-06-15T07:24:05+05:30
P-0002522,V-08,6,19.085842,72.909031,1.7,2026-06-15T07:24:10+05:30,2026-06-15T07:24:15+05:30
P-0002523,V-08,6,19.085881,72.908657,0.6,2026-06-15T07:24:20+05:30,2026-06-15T07:24:22+05:30
P-0002524,V-08,6,19.085928,72.908746,3.8,2026-06-15T07:24:30+05:30,2026-06-15T07:24:32+05:30
P-0002525,V-08,6,19.085601,72.908608,1.0,2026-06-15T07:24:40+05:30,2026-06-15T07:24:43+05:30
P-0002526,V-08,6,19.085808,72.908973,0.2,2026-06-15T07:24:50+05:30,2026-06-15T07:24:51+05:30
P-0002527,V-08,6,19.086106,72.908524,1.7,2026-06-15T07:25:00+05:30,2026-06-15T07:25:02+05:30
P-0002528,V-08,6,19.086281,72.908537,1.4,2026-06-15T07:25:10+05:30,2026-06-15T07:25:11+05:30
P-0002529,V-08,6,19.085781,72.908571,0.1,2026-06-15T07:25:20+05:30,2026-06-15T07:25:23+05:30
P-0002530,V-08,6,19.085917,72.908892,2.7,2026-06-15T07:25:30+05:30,2026-06-15T07:25:34+05:30
P-0002531,V-08,6,19.085963,72.909225,3.2,2026-06-15T07:25:40+05:30,2026-06-15T07:25:46+05:30
P-0002532,V-08,6,19.086234,72.90893,3.8,2026-06-15T07:25:50+05:30,2026-06-15T07:25:54+05:30
P-0002533,V-08,6,19.086327,72.908758,0.5,2026-06-15T07:26:00+05:30,2026-06-15T07:26:02+05:30
P-0002534,V-08,6,19.085797,72.90878,2.5,2026-06-15T07:26:10+05:30,2026-06-15T07:26:16+05:30
P-0002535,V-08,6,19.086183,72.909207,3.7,2026-06-15T07:26:20+05:30,2026-06-15T07:26:21+05:30
P-0002536,V-08,6,19.085714,72.909008,2.6,2026-06-15T07:26:30+05:30,2026-06-15T07:26:35+05:30
P-0002537,V-08,6,19.086013,72.90895,2.0,2026-06-15T07:26:40+05:30,2026-06-15T07:26:45+05:30
P-0002538,V-08,6,19.085951,72.908742,1.0,2026-06-15T07:26:50+05:30,2026-06-15T07:26:51+05:30
P-0002539,V-08,6,19.085915,72.909077,2.2,2026-06-15T07:27:00+05:30,2026-06-15T07:27:06+05:30
P-0002540,V-08,6,19.08635,72.909024,3.3,2026-06-15T07:27:10+05:30,2026-06-15T07:27:16+05:30
P-0002541,V-08,6,19.085918,72.908889,0.5,2026-06-15T07:27:20+05:30,2026-06-15T07:27:26+05:30
P-0002542,V-08,6,19.086263,72.908554,3.3,2026-06-15T07:27:30+05:30,2026-06-15T07:27:35+05:30
P-0002543,V-08,6,19.086011,72.908586,0.3,2026-06-15T07:27:40+05:30,2026-06-15T07:27:46+05:30
P-0002544,V-08,6,19.08561,72.909077,3.9,2026-06-15T07:27:50+05:30,2026-06-15T07:27:52+05:30
P-0002545,V-08,6,19.085718,72.908574,3.2,2026-06-15T07:28:00+05:30,2026-06-15T07:28:06+05:30
P-0002546,V-08,6,19.085621,72.908805,3.3,2026-06-15T07:28:10+05:30,2026-06-15T07:28:13+05:30
P-0002547,V-08,6,19.086182,72.908641,2.5,2026-06-15T07:28:20+05:30,2026-06-15T07:28:25+05:30
P-0002548,V-08,6,19.085856,72.908924,0.3,2026-06-15T07:28:30+05:30,2026-06-15T07:28:31+05:30
P-0002549,V-08,6,19.08625,72.908531,3.8,2026-06-15T07:28:40+05:30,2026-06-15T07:28:46+05:30
P-0002550,V-08,6,19.086017,72.908567,2.9,2026-06-15T07:28:50+05:30,2026-06-15T07:28:56+05:30
P-0002551,V-08,6,19.085867,72.90916,0.2,2026-06-15T07:29:00+05:30,2026-06-15T07:29:06+05:30
P-0002552,V-08,6,19.085723,72.908616,0.3,2026-06-15T07:29:10+05:30,2026-06-15T07:29:12+05:30
P-0002553,V-08,6,19.0857,72.90903,1.9,2026-06-15T07:29:20+05:30,2026-06-15T07:29:22+05:30
P-0002554,V-08,6,19.086391,72.908876,3.8,2026-06-15T07:29:30+05:30,2026-06-15T07:29:36+05:30
P-0002555,V-08,6,19.085707,72.909045,3.6,2026-06-15T07:29:40+05:30,2026-06-15T07:29:43+05:30
P-0002556,V-08,6,19.085826,72.908533,2.4,2026-06-15T07:29:50+05:30,2026-06-15T07:29:52+05:30
P-0002557,V-08,6,19.08601,72.908906,3.9,2026-06-15T07:30:00+05:30,2026-06-15T07:30:06+05:30
P-0002558,V-08,6,19.085823,72.908795,1.0,2026-06-15T07:30:10+05:30,2026-06-15T07:30:12+05:30
P-0002559,V-08,6,19.085762,72.909267,2.4,2026-06-15T07:30:20+05:30,2026-06-15T07:30:22+05:30
P-0002560,V-08,6,19.086101,72.90864,0.8,2026-06-15T07:30:30+05:30,2026-06-15T07:30:36+05:30
P-0002561,V-08,6,19.086019,72.908944,0.4,2026-06-15T07:30:40+05:30,2026-06-15T07:30:46+05:30
P-0002562,V-08,6,19.08633,72.908503,1.8,2026-06-15T07:30:50+05:30,2026-06-15T07:30:56+05:30
P-0002563,V-08,6,19.086296,72.909234,1.2,2026-06-15T07:31:00+05:30,2026-06-15T07:31:03+05:30
P-0002564,V-08,6,19.085916,72.909098,0.7,2026-06-15T07:31:10+05:30,2026-06-15T07:31:14+05:30
P-0002565,V-08,6,19.085734,72.909006,0.1,2026-06-15T07:31:20+05:30,2026-06-15T07:31:24+05:30
P-0002566,V-08,6,19.08574,72.908948,1.6,2026-06-15T07:31:30+05:30,2026-06-15T07:31:35+05:30
P-0002567,V-08,6,19.086193,72.909043,2.1,2026-06-15T07:31:40+05:30,2026-06-15T07:31:45+05:30
P-0002568,V-08,6,19.086015,72.908869,3.2,2026-06-15T07:31:50+05:30,2026-06-15T07:31:54+05:30
P-0002569,V-08,6,19.086147,72.908748,2.1,2026-06-15T07:32:00+05:30,2026-06-15T07:32:01+05:30
P-0002570,V-08,6,19.086134,72.90922,3.0,2026-06-15T07:32:10+05:30,2026-06-15T07:32:15+05:30
P-0002571,V-08,6,19.086314,72.909227,1.9,2026-06-15T07:32:20+05:30,2026-06-15T07:32:22+05:30
P-0002572,V-08,6,19.085985,72.909012,2.7,2026-06-15T07:32:30+05:30,2026-06-15T07:32:35+05:30
P-0002573,V-08,6,19.086384,72.908508,1.7,2026-06-15T07:32:40+05:30,2026-06-15T07:32:46+05:30
P-0002574,V-08,6,19.086006,72.908849,0.3,2026-06-15T07:32:50+05:30,2026-06-15T07:32:53+05:30
P-0002575,V-08,6,19.086134,72.908695,28.4,2026-06-15T07:33:00+05:30,2026-06-15T07:33:01+05:30
P-0002576,V-08,6,19.085881,72.908474,26.0,2026-06-15T07:33:10+05:30,2026-06-15T07:33:12+05:30
P-0002577,V-08,6,19.08605,72.908367,27.7,2026-06-15T07:33:20+05:30,2026-06-15T07:33:21+05:30
P-0002578,V-08,6,19.085704,72.908213,37.3,2026-06-15T07:33:30+05:30,2026-06-15T07:33:34+05:30
P-0002579,V-08,6,19.086094,72.908026,32.6,2026-06-15T07:33:40+05:30,2026-06-15T07:33:42+05:30
P-0002580,V-08,6,19.085695,72.908138,36.7,2026-06-15T07:33:50+05:30,2026-06-15T07:33:53+05:30
P-0002581,V-08,6,19.085641,72.907692,29.3,2026-06-15T07:34:00+05:30,2026-06-15T07:34:01+05:30
P-0002582,V-08,6,19.085701,72.907515,25.0,2026-06-15T07:34:10+05:30,2026-06-15T07:34:15+05:30
P-0002583,V-08,6,19.085691,72.907329,29.0,2026-06-15T07:34:20+05:30,2026-06-15T07:34:21+05:30
P-0002584,V-08,6,19.085882,72.907013,28.4,2026-06-15T07:34:30+05:30,2026-06-15T07:34:35+05:30
P-0002585,V-08,6,19.08563,72.906791,30.0,2026-06-15T07:34:40+05:30,2026-06-15T07:34:44+05:30
P-0002586,V-08,6,19.085524,72.906492,35.2,2026-06-15T07:34:50+05:30,2026-06-15T07:34:53+05:30
P-0002587,V-08,6,19.085462,72.906454,24.3,2026-06-15T07:35:00+05:30,2026-06-15T07:35:01+05:30
P-0002588,V-08,6,19.085561,72.906402,27.2,2026-06-15T07:35:10+05:30,2026-06-15T07:35:16+05:30
P-0002589,V-08,6,19.085835,72.90591,29.7,2026-06-15T07:35:20+05:30,2026-06-15T07:35:24+05:30
P-0002590,V-08,6,19.08544,72.906084,25.3,2026-06-15T07:35:30+05:30,2026-06-15T07:35:33+05:30
P-0002591,V-08,6,19.085406,72.905554,27.1,2026-06-15T07:35:40+05:30,2026-06-15T07:35:44+05:30
P-0002592,V-08,6,19.085539,72.905698,26.3,2026-06-15T07:35:50+05:30,2026-06-15T07:35:52+05:30
P-0002593,V-08,6,19.085442,72.905232,32.2,2026-06-15T07:36:00+05:30,2026-06-15T07:36:02+05:30
P-0002594,V-08,6,19.085718,72.905012,33.1,2026-06-15T07:36:10+05:30,2026-06-15T07:36:12+05:30
P-0002595,V-08,6,19.085346,72.90474,31.5,2026-06-15T07:36:20+05:30,2026-06-15T07:36:23+05:30
P-0002596,V-08,6,19.085581,72.904932,27.2,2026-06-15T07:36:30+05:30,2026-06-15T07:36:31+05:30
P-0002597,V-08,6,19.085656,72.904409,32.3,2026-06-15T07:36:40+05:30,2026-06-15T07:36:42+05:30
P-0002598,V-08,6,19.085311,72.904134,24.0,2026-06-15T07:36:50+05:30,2026-06-15T07:36:51+05:30
P-0002599,V-08,6,19.08552,72.904351,22.4,2026-06-15T07:37:00+05:30,2026-06-15T07:37:05+05:30
P-0002600,V-08,6,19.085243,72.903819,30.5,2026-06-15T07:37:10+05:30,2026-06-15T07:37:14+05:30
P-0002601,V-08,6,19.085467,72.903586,23.2,2026-06-15T07:37:20+05:30,2026-06-15T07:37:26+05:30
P-0002602,V-08,6,19.085552,72.903335,24.8,2026-06-15T07:37:30+05:30,2026-06-15T07:37:31+05:30
P-0002603,V-08,6,19.085457,72.903118,30.4,2026-06-15T07:37:40+05:30,2026-06-15T07:37:46+05:30
P-0002604,V-08,6,19.085082,72.903401,28.6,2026-06-15T07:37:50+05:30,2026-06-15T07:37:53+05:30
P-0002605,V-08,6,19.085285,72.903122,25.3,2026-06-15T07:38:00+05:30,2026-06-15T07:38:05+05:30
P-0002606,V-08,6,19.08513,72.902616,24.4,2026-06-15T07:38:10+05:30,2026-06-15T07:38:14+05:30
P-0002607,V-08,6,19.085285,72.902414,30.0,2026-06-15T07:38:20+05:30,2026-06-15T07:38:22+05:30
P-0002608,V-08,6,19.085395,72.90223,20.4,2026-06-15T07:38:30+05:30,2026-06-15T07:38:33+05:30
P-0002609,V-08,6,19.08536,72.902408,30.2,2026-06-15T07:38:40+05:30,2026-06-15T07:38:41+05:30
P-0002610,V-08,6,19.085323,72.901974,29.4,2026-06-15T07:38:50+05:30,2026-06-15T07:38:55+05:30
P-0002611,V-08,6,19.085169,72.901903,20.5,2026-06-15T07:39:00+05:30,2026-06-15T07:39:02+05:30
P-0002612,V-08,6,19.085058,72.901458,25.9,2026-06-15T07:39:10+05:30,2026-06-15T07:39:16+05:30
P-0002613,V-08,6,19.084971,72.901153,19.8,2026-06-15T07:39:20+05:30,2026-06-15T07:39:22+05:30
P-0002614,V-08,6,19.084867,72.901116,22.6,2026-06-15T07:39:30+05:30,2026-06-15T07:39:31+05:30
P-0002615,V-08,6,19.085151,72.90109,28.1,2026-06-15T07:39:40+05:30,2026-06-15T07:39:44+05:30
P-0002616,V-08,6,19.085021,72.901019,23.3,2026-06-15T07:39:50+05:30,2026-06-15T07:39:56+05:30
P-0002617,V-08,6,19.084904,72.900473,22.7,2026-06-15T07:40:00+05:30,2026-06-15T07:40:01+05:30
P-0002618,V-08,6,19.084944,72.900503,22.3,2026-06-15T07:40:10+05:30,2026-06-15T07:40:13+05:30
P-0002619,V-08,6,19.085019,72.9,22.5,2026-06-15T07:40:20+05:30,2026-06-15T07:40:21+05:30
P-0002620,V-08,6,19.085005,72.900147,28.8,2026-06-15T07:40:30+05:30,2026-06-15T07:40:34+05:30
P-0002621,V-08,6,19.08462,72.899987,20.5,2026-06-15T07:40:40+05:30,2026-06-15T07:40:44+05:30
P-0002622,V-08,6,19.084857,72.89944,17.8,2026-06-15T07:40:50+05:30,2026-06-15T07:40:56+05:30
P-0002623,V-08,6,19.084822,72.899287,28.9,2026-06-15T07:41:00+05:30,2026-06-15T07:41:06+05:30
P-0002624,V-08,6,19.084795,72.899155,22.3,2026-06-15T07:41:10+05:30,2026-06-15T07:41:12+05:30
P-0002625,V-08,6,19.084413,72.899164,21.1,2026-06-15T07:41:20+05:30,2026-06-15T07:41:22+05:30
P-0002626,V-08,6,19.084622,72.898772,18.4,2026-06-15T07:41:30+05:30,2026-06-15T07:41:33+05:30
P-0002627,V-08,6,19.084427,72.898802,25.3,2026-06-15T07:41:40+05:30,2026-06-15T07:41:44+05:30
P-0002628,V-08,6,19.084278,72.898656,19.6,2026-06-15T07:41:50+05:30,2026-06-15T07:41:51+05:30
P-0002629,V-08,6,19.084194,72.898398,17.5,2026-06-15T07:42:00+05:30,2026-06-15T07:42:05+05:30
P-0002630,V-08,6,19.08381,72.898354,24.5,2026-06-15T07:42:10+05:30,2026-06-15T07:42:13+05:30
P-0002631,V-08,6,19.084032,72.898275,19.4,2026-06-15T07:42:20+05:30,2026-06-15T07:42:22+05:30
P-0002632,V-08,6,19.083957,72.898015,18.8,2026-06-15T07:42:30+05:30,2026-06-15T07:42:36+05:30
P-0002633,V-08,6,19.083692,72.897991,23.3,2026-06-15T07:42:40+05:30,2026-06-15T07:42:42+05:30
P-0002634,V-08,6,19.083584,72.897688,21.7,2026-06-15T07:42:50+05:30,2026-06-15T07:42:51+05:30
P-0002635,V-08,6,19.083388,72.897597,20.2,2026-06-15T07:43:00+05:30,2026-06-15T07:43:05+05:30
P-0002636,V-08,6,19.083475,72.897571,24.7,2026-06-15T07:43:10+05:30,2026-06-15T07:43:11+05:30
P-0002637,V-08,6,19.083352,72.897129,17.0,2026-06-15T07:43:20+05:30,2026-06-15T07:43:21+05:30
P-0002638,V-08,6,19.083017,72.896846,22.7,2026-06-15T07:43:30+05:30,2026-06-15T07:43:35+05:30
P-0002639,V-08,6,19.082675,72.897029,21.5,2026-06-15T07:43:40+05:30,2026-06-15T07:43:45+05:30
P-0002640,V-08,6,19.082845,72.896928,15.7,2026-06-15T07:43:50+05:30,2026-06-15T07:43:52+05:30
P-0002641,V-08,6,19.082784,72.896759,24.3,2026-06-15T07:44:00+05:30,2026-06-15T07:44:04+05:30
P-0002642,V-08,6,19.082626,72.896457,17.9,2026-06-15T07:44:10+05:30,2026-06-15T07:44:13+05:30
P-0002643,V-08,6,19.082106,72.896221,22.3,2026-06-15T07:44:20+05:30,2026-06-15T07:44:21+05:30
P-0002644,V-08,6,19.082167,72.89619,17.2,2026-06-15T07:44:30+05:30,2026-06-15T07:44:35+05:30
P-0002645,V-08,6,19.081956,72.896129,20.5,2026-06-15T07:44:40+05:30,2026-06-15T07:44:46+05:30
P-0002646,V-08,6,19.082104,72.895946,14.5,2026-06-15T07:44:50+05:30,2026-06-15T07:44:53+05:30
P-0002647,V-08,6,19.082024,72.895749,23.2,2026-06-15T07:45:00+05:30,2026-06-15T07:45:03+05:30
P-0002648,V-08,6,19.081672,72.895766,18.0,2026-06-15T07:45:10+05:30,2026-06-15T07:45:11+05:30
P-0002649,V-08,6,19.081442,72.895302,25.6,2026-06-15T07:45:20+05:30,2026-06-15T07:45:23+05:30
P-0002650,V-08,6,19.08146,72.895192,14.7,2026-06-15T07:45:30+05:30,2026-06-15T07:45:33+05:30
P-0002651,V-08,6,19.081226,72.895325,15.9,2026-06-15T07:45:40+05:30,2026-06-15T07:45:45+05:30
P-0002652,V-08,6,19.081353,72.894889,22.2,2026-06-15T07:45:50+05:30,2026-06-15T07:45:54+05:30
P-0002653,V-08,6,19.080877,72.894999,15.4,2026-06-15T07:46:00+05:30,2026-06-15T07:46:03+05:30
P-0002654,V-08,6,19.081156,72.894487,25.2,2026-06-15T07:46:10+05:30,2026-06-15T07:46:12+05:30
P-0002655,V-08,6,19.080793,72.894651,24.0,2026-06-15T07:46:20+05:30,2026-06-15T07:46:21+05:30
P-0002656,V-08,6,19.080621,72.894492,20.7,2026-06-15T07:46:30+05:30,2026-06-15T07:46:35+05:30
P-0002657,V-08,6,19.080292,72.893977,18.1,2026-06-15T07:46:40+05:30,2026-06-15T07:46:41+05:30
P-0002658,V-08,6,19.080579,72.894139,14.6,2026-06-15T07:46:50+05:30,2026-06-15T07:46:56+05:30
P-0002659,V-08,6,19.080109,72.893799,17.0,2026-06-15T07:47:00+05:30,2026-06-15T07:47:05+05:30
P-0002660,V-08,6,19.080237,72.893636,14.3,2026-06-15T07:47:10+05:30,2026-06-15T07:47:13+05:30
P-0002661,V-08,6,19.079778,72.893531,22.8,2026-06-15T07:47:20+05:30,2026-06-15T07:47:26+05:30
P-0002662,V-08,6,19.079855,72.893439,23.0,2026-06-15T07:47:30+05:30,2026-06-15T07:47:33+05:30
P-0002663,V-08,6,19.079662,72.893044,15.2,2026-06-15T07:47:40+05:30,2026-06-15T07:47:44+05:30
P-0002664,V-08,6,19.079457,72.893002,21.7,2026-06-15T07:47:50+05:30,2026-06-15T07:47:53+05:30
P-0002665,V-08,6,19.079275,72.893053,16.3,2026-06-15T07:48:00+05:30,2026-06-15T07:48:02+05:30
P-0002666,V-08,6,19.079213,72.892951,13.5,2026-06-15T07:48:10+05:30,2026-06-15T07:48:13+05:30
P-0002667,V-08,6,19.079302,72.892635,16.5,2026-06-15T07:48:20+05:30,2026-06-15T07:48:25+05:30
P-0002668,V-08,6,19.079057,72.892305,21.4,2026-06-15T07:48:30+05:30,2026-06-15T07:48:32+05:30
P-0002669,V-08,6,19.079225,72.892236,22.8,2026-06-15T07:48:40+05:30,2026-06-15T07:48:42+05:30
P-0002670,V-08,6,19.078915,72.892166,16.3,2026-06-15T07:48:50+05:30,2026-06-15T07:48:56+05:30
P-0002671,V-08,6,19.078498,72.891861,16.5,2026-06-15T07:49:00+05:30,2026-06-15T07:49:05+05:30
P-0002672,V-08,6,19.078373,72.89171,14.6,2026-06-15T07:49:10+05:30,2026-06-15T07:49:11+05:30
P-0002673,V-08,6,19.078711,72.891938,13.0,2026-06-15T07:49:20+05:30,2026-06-15T07:49:24+05:30
P-0002674,V-08,6,19.078363,72.891712,22.4,2026-06-15T07:49:30+05:30,2026-06-15T07:49:36+05:30
P-0002675,V-08,6,19.078397,72.891573,16.9,2026-06-15T07:49:40+05:30,2026-06-15T07:49:43+05:30
P-0002676,V-08,6,19.078089,72.89111,18.4,2026-06-15T07:49:50+05:30,2026-06-15T07:49:53+05:30
P-0002677,V-08,6,19.07799,72.891227,15.0,2026-06-15T07:50:00+05:30,2026-06-15T07:50:05+05:30
P-0002678,V-08,6,19.077668,72.891189,21.1,2026-06-15T07:50:10+05:30,2026-06-15T07:50:16+05:30
P-0002679,V-08,6,19.078045,72.890628,20.0,2026-06-15T07:50:20+05:30,2026-06-15T07:50:24+05:30
P-0002680,V-08,6,19.077712,72.890689,12.5,2026-06-15T07:50:30+05:30,2026-06-15T07:50:33+05:30
P-0002681,V-08,6,19.077758,72.890264,14.5,2026-06-15T07:50:40+05:30,2026-06-15T07:50:43+05:30
P-0002682,V-08,6,19.077306,72.890279,22.3,2026-06-15T07:50:50+05:30,2026-06-15T07:50:56+05:30
P-0002683,V-08,6,19.077431,72.890197,16.7,2026-06-15T07:51:00+05:30,2026-06-15T07:51:03+05:30
P-0002684,V-08,6,19.077554,72.890134,16.6,2026-06-15T07:51:10+05:30,2026-06-15T07:51:12+05:30
P-0002685,V-08,6,19.077357,72.889564,12.8,2026-06-15T07:51:20+05:30,2026-06-15T07:51:25+05:30
P-0002686,V-08,6,19.077137,72.889318,21.3,2026-06-15T07:51:30+05:30,2026-06-15T07:51:36+05:30
P-0002687,V-08,6,19.076949,72.889439,15.8,2026-06-15T07:51:40+05:30,2026-06-15T07:51:43+05:30
P-0002688,V-08,6,19.076794,72.889319,20.5,2026-06-15T07:51:50+05:30,2026-06-15T07:51:52+05:30
P-0002689,V-08,6,19.076989,72.889077,19.0,2026-06-15T07:52:00+05:30,2026-06-15T07:52:04+05:30
P-0002690,V-08,6,19.076631,72.888773,23.4,2026-06-15T07:52:10+05:30,2026-06-15T07:52:12+05:30
P-0002691,V-08,6,19.076955,72.88845,17.0,2026-06-15T07:52:20+05:30,2026-06-15T07:52:24+05:30
P-0002692,V-08,6,19.076677,72.888584,19.6,2026-06-15T07:52:30+05:30,2026-06-15T07:52:32+05:30
P-0002693,V-08,6,19.07654,72.88844,21.7,2026-06-15T07:52:40+05:30,2026-06-15T07:52:45+05:30
P-0002694,V-08,6,19.076435,72.888138,21.9,2026-06-15T07:52:50+05:30,2026-06-15T07:52:53+05:30
P-0002695,V-08,6,19.076653,72.887742,14.7,2026-06-15T07:53:00+05:30,2026-06-15T07:53:03+05:30
P-0002696,V-08,6,19.076467,72.88791,15.7,2026-06-15T07:53:10+05:30,2026-06-15T07:53:14+05:30
P-0002697,V-08,6,19.076111,72.887781,15.7,2026-06-15T07:53:20+05:30,2026-06-15T07:53:24+05:30
P-0002698,V-08,6,19.075971,72.887405,22.9,2026-06-15T07:53:30+05:30,2026-06-15T07:53:32+05:30
P-0002699,V-08,6,19.076263,72.887038,19.3,2026-06-15T07:53:40+05:30,2026-06-15T07:53:43+05:30
P-0002700,V-08,6,19.076022,72.886961,14.0,2026-06-15T07:53:50+05:30,2026-06-15T07:53:56+05:30
P-0002701,V-08,6,19.07603,72.887084,15.2,2026-06-15T07:54:00+05:30,2026-06-15T07:54:03+05:30
P-0002702,V-08,6,19.075694,72.886898,12.8,2026-06-15T07:54:10+05:30,2026-06-15T07:54:11+05:30
P-0002703,V-08,6,19.075493,72.886238,22.0,2026-06-15T07:54:20+05:30,2026-06-15T07:54:26+05:30
P-0002704,V-08,6,19.075828,72.886505,24.0,2026-06-15T07:54:30+05:30,2026-06-15T07:54:31+05:30
P-0002705,V-08,6,19.075436,72.886103,22.7,2026-06-15T07:54:40+05:30,2026-06-15T07:54:41+05:30
P-0002706,V-08,6,19.07533,72.885732,17.3,2026-06-15T07:54:50+05:30,2026-06-15T07:54:52+05:30
P-0002707,V-08,6,19.075309,72.885911,24.4,2026-06-15T07:55:00+05:30,2026-06-15T07:55:01+05:30
P-0002708,V-08,6,19.075322,72.885378,13.6,2026-06-15T07:55:10+05:30,2026-06-15T07:55:11+05:30
P-0002709,V-08,6,19.074958,72.885647,15.1,2026-06-15T07:55:20+05:30,2026-06-15T07:55:26+05:30
P-0002710,V-08,6,19.075188,72.885496,18.0,2026-06-15T07:55:30+05:30,2026-06-15T07:55:31+05:30
P-0002711,V-08,6,19.074732,72.884975,18.7,2026-06-15T07:55:40+05:30,2026-06-15T07:55:45+05:30
P-0002712,V-08,6,19.074879,72.884835,18.0,2026-06-15T07:55:50+05:30,2026-06-15T07:55:51+05:30
P-0002713,V-08,6,19.074458,72.884973,23.4,2026-06-15T07:56:00+05:30,2026-06-15T07:56:02+05:30
P-0002714,V-08,6,19.074667,72.884704,22.3,2026-06-15T07:56:10+05:30,2026-06-15T07:56:11+05:30
P-0002715,V-08,6,19.07428,72.88423,14.4,2026-06-15T07:56:20+05:30,2026-06-15T07:56:21+05:30
P-0002716,V-08,6,19.074384,72.884321,15.5,2026-06-15T07:56:30+05:30,2026-06-15T07:56:36+05:30
P-0002717,V-08,6,19.074275,72.883924,23.5,2026-06-15T07:56:40+05:30,2026-06-15T07:56:44+05:30
P-0002718,V-08,6,19.074397,72.884156,20.1,2026-06-15T07:56:50+05:30,2026-06-15T07:56:52+05:30
P-0002719,V-08,6,19.074308,72.883688,14.4,2026-06-15T07:57:00+05:30,2026-06-15T07:57:04+05:30
P-0002720,V-08,6,19.073809,72.88338,20.5,2026-06-15T07:57:10+05:30,2026-06-15T07:57:11+05:30
P-0002721,V-08,6,19.07373,72.883271,23.6,2026-06-15T07:57:20+05:30,2026-06-15T07:57:25+05:30
P-0002722,V-08,6,19.073836,72.883235,25.3,2026-06-15T07:57:30+05:30,2026-06-15T07:57:34+05:30
P-0002723,V-08,6,19.073618,72.882932,13.9,2026-06-15T07:57:40+05:30,2026-06-15T07:57:44+05:30
P-0002724,V-08,6,19.073366,72.883011,18.4,2026-06-15T07:57:50+05:30,2026-06-15T07:57:56+05:30
P-0002725,V-08,6,19.073398,72.882913,16.9,2026-06-15T07:58:00+05:30,2026-06-15T07:58:05+05:30
P-0002726,V-08,6,19.07346,72.882782,14.9,2026-06-15T07:58:10+05:30,2026-06-15T07:58:12+05:30
P-0002727,V-08,6,19.073248,72.882166,18.9,2026-06-15T07:58:20+05:30,2026-06-15T07:58:26+05:30
P-0002728,V-08,6,19.073349,72.882266,14.6,2026-06-15T07:58:30+05:30,2026-06-15T07:58:35+05:30
P-0002729,V-08,6,19.072904,72.882015,16.8,2026-06-15T07:58:40+05:30,2026-06-15T07:58:44+05:30
P-0002730,V-08,6,19.07311,72.881991,21.7,2026-06-15T07:58:50+05:30,2026-06-15T07:58:54+05:30
P-0002731,V-08,6,19.073064,72.881707,26.2,2026-06-15T07:59:00+05:30,2026-06-15T07:59:03+05:30
P-0002732,V-08,6,19.072517,72.881366,14.7,2026-06-15T07:59:10+05:30,2026-06-15T07:59:11+05:30
P-0002733,V-08,6,19.07243,72.88117,25.6,2026-06-15T07:59:20+05:30,2026-06-15T07:59:25+05:30
P-0002734,V-08,6,19.07238,72.881381,21.6,2026-06-15T07:59:30+05:30,2026-06-15T07:59:32+05:30
P-0002735,V-08,6,19.072475,72.88114,26.6,2026-06-15T07:59:40+05:30,2026-06-15T07:59:43+05:30
P-0002736,V-08,6,19.072149,72.881058,17.3,2026-06-15T07:59:50+05:30,2026-06-15T07:59:55+05:30
P-0002737,V-08,6,19.07194,72.880687,23.6,2026-06-15T08:00:00+05:30,2026-06-15T08:00:03+05:30
P-0002738,V-08,6,19.071923,72.880635,22.7,2026-06-15T08:00:10+05:30,2026-06-15T08:00:12+05:30
P-0002739,V-08,6,19.072082,72.880477,18.2,2026-06-15T08:00:20+05:30,2026-06-15T08:00:26+05:30
P-0002740,V-08,6,19.071631,72.879973,16.9,2026-06-15T08:00:30+05:30,2026-06-15T08:00:34+05:30
P-0002741,V-08,6,19.071714,72.88006,22.3,2026-06-15T08:00:40+05:30,2026-06-15T08:00:46+05:30
P-0002742,V-08,6,19.07182,72.879646,16.1,2026-06-15T08:00:50+05:30,2026-06-15T08:00:54+05:30
P-0002743,V-08,6,19.071493,72.879449,22.7,2026-06-15T08:01:00+05:30,2026-06-15T08:01:06+05:30
P-0002744,V-08,6,19.071228,72.879445,27.1,2026-06-15T08:01:10+05:30,2026-06-15T08:01:11+05:30
P-0002745,V-08,6,19.071246,72.879214,24.1,2026-06-15T08:01:20+05:30,2026-06-15T08:01:21+05:30
P-0002746,V-08,6,19.071265,72.878978,17.7,2026-06-15T08:01:30+05:30,2026-06-15T08:01:33+05:30
P-0002747,V-08,6,19.071064,72.879163,25.0,2026-06-15T08:01:40+05:30,2026-06-15T08:01:46+05:30
P-0002748,V-08,6,19.070806,72.878602,20.1,2026-06-15T08:01:50+05:30,2026-06-15T08:01:55+05:30
P-0002749,V-08,6,19.070912,72.878727,21.2,2026-06-15T08:02:00+05:30,2026-06-15T08:02:01+05:30
P-0002750,V-08,6,19.070643,72.87825,27.6,2026-06-15T08:02:10+05:30,2026-06-15T08:02:16+05:30
P-0002751,V-08,6,19.07061,72.878072,26.5,2026-06-15T08:02:20+05:30,2026-06-15T08:02:22+05:30
P-0002752,V-08,6,19.070771,72.878269,25.7,2026-06-15T08:02:30+05:30,2026-06-15T08:02:31+05:30
P-0002753,V-08,6,19.070657,72.87781,24.6,2026-06-15T08:02:40+05:30,2026-06-15T08:02:46+05:30
P-0002754,V-08,6,19.070183,72.877786,23.1,2026-06-15T08:02:50+05:30,2026-06-15T08:02:53+05:30
P-0002755,V-08,6,19.07049,72.877672,23.7,2026-06-15T08:03:00+05:30,2026-06-15T08:03:05+05:30
P-0002756,V-08,6,19.07006,72.877688,28.2,2026-06-15T08:03:10+05:30,2026-06-15T08:03:12+05:30
P-0002757,V-08,6,19.070106,72.877499,21.7,2026-06-15T08:03:20+05:30,2026-06-15T08:03:25+05:30
P-0002758,V-08,6,19.069843,72.877092,18.4,2026-06-15T08:03:30+05:30,2026-06-15T08:03:31+05:30
P-0002759,V-08,6,19.070119,72.876863,28.2,2026-06-15T08:03:40+05:30,2026-06-15T08:03:46+05:30
P-0002760,V-08,6,19.06989,72.876689,21.4,2026-06-15T08:03:50+05:30,2026-06-15T08:03:51+05:30
P-0002761,V-08,6,19.069629,72.876781,28.1,2026-06-15T08:04:00+05:30,2026-06-15T08:04:05+05:30
P-0002762,V-08,6,19.069913,72.876275,26.6,2026-06-15T08:04:10+05:30,2026-06-15T08:04:13+05:30
P-0002763,V-08,6,19.069418,72.876255,29.8,2026-06-15T08:04:20+05:30,2026-06-15T08:04:23+05:30
P-0002764,V-08,6,19.06954,72.876091,30.0,2026-06-15T08:04:30+05:30,2026-06-15T08:04:31+05:30
P-0002765,V-08,6,19.069433,72.875629,22.3,2026-06-15T08:04:40+05:30,2026-06-15T08:04:42+05:30
P-0002766,V-08,6,19.069331,72.875573,26.1,2026-06-15T08:04:50+05:30,2026-06-15T08:04:55+05:30
P-0002767,V-08,6,19.069436,72.875694,30.0,2026-06-15T08:05:00+05:30,2026-06-15T08:05:02+05:30
P-0002768,V-08,6,19.069111,72.875094,26.0,2026-06-15T08:05:10+05:30,2026-06-15T08:05:13+05:30
P-0002769,V-08,6,19.068947,72.875148,25.8,2026-06-15T08:05:20+05:30,2026-06-15T08:05:22+05:30
P-0002770,V-08,6,19.069272,72.874747,27.9,2026-06-15T08:05:30+05:30,2026-06-15T08:05:31+05:30
P-0002771,V-08,6,19.068998,72.874645,20.8,2026-06-15T08:05:40+05:30,2026-06-15T08:05:43+05:30
P-0002772,V-08,6,19.068767,72.874679,21.1,2026-06-15T08:05:50+05:30,2026-06-15T08:05:56+05:30
P-0002773,V-08,6,19.069008,72.874257,23.3,2026-06-15T08:06:00+05:30,2026-06-15T08:06:02+05:30
P-0002774,V-08,6,19.068761,72.874383,21.2,2026-06-15T08:06:10+05:30,2026-06-15T08:06:15+05:30
P-0002775,V-08,6,19.068817,72.873942,25.2,2026-06-15T08:06:20+05:30,2026-06-15T08:06:22+05:30
P-0002776,V-08,6,19.068398,72.873958,30.8,2026-06-15T08:06:30+05:30,2026-06-15T08:06:34+05:30
P-0002777,V-08,6,19.068543,72.873746,26.6,2026-06-15T08:06:40+05:30,2026-06-15T08:06:46+05:30
P-0002778,V-08,6,19.068264,72.873491,27.7,2026-06-15T08:06:50+05:30,2026-06-15T08:06:52+05:30
P-0002779,V-08,6,19.06845,72.873359,32.8,2026-06-15T08:07:00+05:30,2026-06-15T08:07:01+05:30
P-0002780,V-08,6,19.068108,72.87326,31.3,2026-06-15T08:07:10+05:30,2026-06-15T08:07:12+05:30
P-0002781,V-08,6,19.068014,72.87309,24.2,2026-06-15T08:07:20+05:30,2026-06-15T08:07:24+05:30
P-0002782,V-08,6,19.06794,72.872792,28.0,2026-06-15T08:07:30+05:30,2026-06-15T08:07:34+05:30
P-0002783,V-08,6,19.067864,72.872642,23.3,2026-06-15T08:07:40+05:30,2026-06-15T08:07:41+05:30
P-0002784,V-08,6,19.067998,72.87262,24.1,2026-06-15T08:07:50+05:30,2026-06-15T08:07:56+05:30
P-0002785,V-08,6,19.067721,72.872231,30.8,2026-06-15T08:08:00+05:30,2026-06-15T08:08:06+05:30
P-0002786,V-08,6,19.067616,72.871966,33.8,2026-06-15T08:08:10+05:30,2026-06-15T08:08:15+05:30
P-0002787,V-08,6,19.067409,72.871742,30.2,2026-06-15T08:08:20+05:30,2026-06-15T08:08:26+05:30
P-0002788,V-08,6,19.067522,72.871574,32.1,2026-06-15T08:08:30+05:30,2026-06-15T08:08:36+05:30
P-0002789,V-08,6,19.0675,72.871435,35.1,2026-06-15T08:08:40+05:30,2026-06-15T08:08:43+05:30
P-0002790,V-08,6,19.067491,72.87146,27.7,2026-06-15T08:08:50+05:30,2026-06-15T08:08:56+05:30
P-0002791,V-08,6,19.067073,72.871119,35.4,2026-06-15T08:09:00+05:30,2026-06-15T08:09:05+05:30
P-0002792,V-08,6,19.066991,72.871113,35.5,2026-06-15T08:09:10+05:30,2026-06-15T08:09:13+05:30
P-0002793,V-08,6,19.066833,72.870768,34.0,2026-06-15T08:09:20+05:30,2026-06-15T08:09:22+05:30
P-0002794,V-08,6,19.06713,72.870495,25.7,2026-06-15T08:09:30+05:30,2026-06-15T08:09:31+05:30
P-0002795,V-08,6,19.067,72.870671,33.1,2026-06-15T08:09:40+05:30,2026-06-15T08:09:44+05:30
P-0002796,V-08,6,19.06676,72.870317,24.7,2026-06-15T08:09:50+05:30,2026-06-15T08:09:54+05:30
P-0002797,V-08,6,19.06669,72.870027,32.5,2026-06-15T08:10:00+05:30,2026-06-15T08:10:02+05:30
P-0002798,V-08,6,19.066535,72.870034,27.2,2026-06-15T08:10:10+05:30,2026-06-15T08:10:14+05:30
P-0002799,V-08,6,19.066339,72.869479,26.8,2026-06-15T08:10:20+05:30,2026-06-15T08:10:22+05:30
P-0002800,V-08,6,19.066686,72.869329,29.5,2026-06-15T08:10:30+05:30,2026-06-15T08:10:33+05:30
P-0002801,V-08,6,19.066204,72.869553,32.5,2026-06-15T08:10:40+05:30,2026-06-15T08:10:46+05:30
P-0002802,V-08,6,19.066389,72.869351,30.1,2026-06-15T08:10:50+05:30,2026-06-15T08:10:55+05:30
P-0002803,V-08,6,19.066213,72.869011,28.2,2026-06-15T08:11:00+05:30,2026-06-15T08:11:04+05:30
P-0002804,V-09,6,19.229212,72.856636,28.1,2026-06-15T08:10:00+05:30,2026-06-15T08:10:02+05:30
P-0002805,V-09,6,19.228573,72.856863,30.9,2026-06-15T08:10:10+05:30,2026-06-15T08:10:14+05:30
P-0002806,V-09,6,19.228387,72.856668,36.0,2026-06-15T08:10:20+05:30,2026-06-15T08:10:23+05:30
P-0002807,V-09,6,19.227641,72.856693,36.1,2026-06-15T08:10:30+05:30,2026-06-15T08:10:32+05:30
P-0002808,V-09,6,19.227642,72.856725,37.0,2026-06-15T08:10:40+05:30,2026-06-15T08:10:41+05:30
P-0002809,V-09,6,19.226985,72.857142,34.6,2026-06-15T08:10:50+05:30,2026-06-15T08:10:51+05:30
P-0002810,V-09,6,19.226731,72.856832,35.2,2026-06-15T08:11:00+05:30,2026-06-15T08:11:03+05:30
P-0002811,V-09,6,19.226371,72.857017,32.9,2026-06-15T08:11:10+05:30,2026-06-15T08:11:15+05:30
P-0002812,V-09,6,19.225874,72.856898,27.2,2026-06-15T08:11:20+05:30,2026-06-15T08:11:24+05:30
P-0002813,V-09,6,19.225335,72.857306,27.5,2026-06-15T08:11:30+05:30,2026-06-15T08:11:36+05:30
P-0002814,V-09,6,19.225033,72.857365,31.7,2026-06-15T08:11:40+05:30,2026-06-15T08:11:42+05:30
P-0002815,V-09,6,19.224732,72.857233,25.0,2026-06-15T08:11:50+05:30,2026-06-15T08:11:52+05:30
P-0002816,V-09,6,19.224342,72.857426,34.6,2026-06-15T08:12:00+05:30,2026-06-15T08:12:04+05:30
P-0002817,V-09,6,19.224214,72.857165,31.5,2026-06-15T08:12:10+05:30,2026-06-15T08:12:15+05:30
P-0002818,V-09,6,19.223804,72.857498,30.1,2026-06-15T08:12:20+05:30,2026-06-15T08:12:21+05:30
P-0002819,V-09,6,19.223445,72.857206,32.3,2026-06-15T08:12:30+05:30,2026-06-15T08:12:34+05:30
P-0002820,V-09,6,19.222674,72.857186,31.7,2026-06-15T08:12:40+05:30,2026-06-15T08:12:46+05:30
P-0002821,V-09,6,19.222426,72.857569,32.5,2026-06-15T08:12:50+05:30,2026-06-15T08:12:51+05:30
P-0002822,V-09,6,19.22213,72.857639,26.0,2026-06-15T08:13:00+05:30,2026-06-15T08:13:02+05:30
P-0002823,V-09,6,19.221727,72.857505,33.9,2026-06-15T08:13:10+05:30,2026-06-15T08:13:16+05:30
P-0002824,V-09,6,19.221587,72.857597,32.9,2026-06-15T08:13:20+05:30,2026-06-15T08:13:22+05:30
P-0002825,V-09,6,19.220891,72.8574,24.7,2026-06-15T08:13:30+05:30,2026-06-15T08:13:36+05:30
P-0002826,V-09,6,19.220825,72.857702,26.1,2026-06-15T08:13:40+05:30,2026-06-15T08:13:46+05:30
P-0002827,V-09,6,19.220161,72.85777,28.1,2026-06-15T08:13:50+05:30,2026-06-15T08:13:56+05:30
P-0002828,V-09,6,19.219964,72.857775,34.0,2026-06-15T08:14:00+05:30,2026-06-15T08:14:02+05:30
P-0002829,V-09,6,19.219484,72.85792,23.7,2026-06-15T08:14:10+05:30,2026-06-15T08:14:16+05:30
P-0002830,V-09,6,19.219275,72.857991,30.6,2026-06-15T08:14:20+05:30,2026-06-15T08:14:24+05:30
P-0002831,V-09,6,19.218549,72.85783,31.9,2026-06-15T08:14:30+05:30,2026-06-15T08:14:32+05:30
P-0002832,V-09,6,19.218438,72.858073,33.8,2026-06-15T08:14:40+05:30,2026-06-15T08:14:44+05:30
P-0002833,V-09,6,19.218124,72.858108,26.1,2026-06-15T08:14:50+05:30,2026-06-15T08:14:55+05:30
P-0002834,V-09,6,19.217712,72.858249,25.8,2026-06-15T08:15:00+05:30,2026-06-15T08:15:05+05:30
P-0002835,V-09,6,19.217283,72.858268,34.4,2026-06-15T08:15:10+05:30,2026-06-15T08:15:12+05:30
P-0002836,V-09,6,19.216998,72.858174,25.9,2026-06-15T08:15:20+05:30,2026-06-15T08:15:24+05:30
P-0002837,V-09,6,19.216239,72.858047,29.0,2026-06-15T08:15:30+05:30,2026-06-15T08:15:35+05:30
P-0002838,V-09,6,19.216039,72.858326,26.7,2026-06-15T08:15:40+05:30,2026-06-15T08:15:45+05:30
P-0002839,V-09,6,19.21574,72.858035,29.1,2026-06-15T08:15:50+05:30,2026-06-15T08:15:52+05:30
P-0002840,V-09,6,19.21535,72.858386,27.6,2026-06-15T08:16:00+05:30,2026-06-15T08:16:05+05:30
P-0002841,V-09,6,19.214857,72.858191,30.4,2026-06-15T08:16:10+05:30,2026-06-15T08:16:16+05:30
P-0002842,V-09,6,19.214634,72.858184,23.0,2026-06-15T08:16:20+05:30,2026-06-15T08:16:21+05:30
P-0002843,V-09,6,19.214349,72.858221,28.0,2026-06-15T08:16:30+05:30,2026-06-15T08:16:36+05:30
P-0002844,V-09,6,19.213853,72.858515,24.9,2026-06-15T08:16:40+05:30,2026-06-15T08:16:41+05:30
P-0002845,V-09,6,19.213531,72.858308,30.0,2026-06-15T08:16:50+05:30,2026-06-15T08:16:51+05:30
P-0002846,V-09,6,19.212793,72.858479,22.4,2026-06-15T08:17:00+05:30,2026-06-15T08:17:01+05:30
P-0002847,V-09,6,19.212425,72.858569,25.4,2026-06-15T08:17:10+05:30,2026-06-15T08:17:12+05:30
P-0002848,V-09,6,19.212297,72.858406,28.3,2026-06-15T08:17:20+05:30,2026-06-15T08:17:24+05:30
P-0002849,V-09,6,19.211635,72.858729,29.0,2026-06-15T08:17:30+05:30,2026-06-15T08:17:32+05:30
P-0002850,V-09,6,19.211495,72.858572,31.0,2026-06-15T08:17:40+05:30,2026-06-15T08:17:42+05:30
P-0002851,V-09,6,19.211285,72.858971,28.0,2026-06-15T08:17:50+05:30,2026-06-15T08:17:56+05:30
P-0002852,V-09,6,19.210531,72.858791,24.1,2026-06-15T08:18:00+05:30,2026-06-15T08:18:06+05:30
P-0002853,V-09,6,19.210392,72.858908,30.3,2026-06-15T08:18:10+05:30,2026-06-15T08:18:16+05:30
P-0002854,V-09,6,19.209702,72.859017,26.1,2026-06-15T08:18:20+05:30,2026-06-15T08:18:23+05:30
P-0002855,V-09,6,19.20934,72.859105,30.7,2026-06-15T08:18:30+05:30,2026-06-15T08:18:33+05:30
P-0002856,V-09,6,19.209323,72.859197,31.7,2026-06-15T08:18:40+05:30,2026-06-15T08:18:45+05:30
P-0002857,V-09,6,19.208828,72.858946,27.4,2026-06-15T08:18:50+05:30,2026-06-15T08:18:52+05:30
P-0002858,V-09,6,19.208202,72.858886,27.0,2026-06-15T08:19:00+05:30,2026-06-15T08:19:03+05:30
P-0002859,V-09,6,19.20813,72.858953,23.4,2026-06-15T08:19:10+05:30,2026-06-15T08:19:13+05:30
P-0002860,V-09,6,19.207605,72.858982,22.7,2026-06-15T08:19:20+05:30,2026-06-15T08:19:24+05:30
P-0002861,V-09,6,19.207472,72.859391,31.1,2026-06-15T08:19:30+05:30,2026-06-15T08:19:33+05:30
P-0002862,V-09,6,19.207018,72.859122,29.1,2026-06-15T08:19:40+05:30,2026-06-15T08:19:41+05:30
P-0002863,V-09,6,19.206573,72.859462,21.3,2026-06-15T08:19:50+05:30,2026-06-15T08:19:56+05:30
P-0002864,V-09,6,19.205932,72.859065,20.9,2026-06-15T08:20:00+05:30,2026-06-15T08:20:02+05:30
P-0002865,V-09,6,19.205525,72.859195,29.7,2026-06-15T08:20:10+05:30,2026-06-15T08:20:16+05:30
P-0002866,V-09,6,19.205474,72.859471,31.6,2026-06-15T08:20:20+05:30,2026-06-15T08:20:22+05:30
P-0002867,V-09,6,19.2051,72.859226,28.1,2026-06-15T08:20:30+05:30,2026-06-15T08:20:33+05:30
P-0002868,V-09,6,19.204802,72.859217,20.9,2026-06-15T08:20:40+05:30,2026-06-15T08:20:46+05:30
P-0002869,V-09,6,19.204244,72.859615,27.7,2026-06-15T08:20:50+05:30,2026-06-15T08:20:52+05:30
P-0002870,V-09,6,19.203712,72.859377,21.2,2026-06-15T08:21:00+05:30,2026-06-15T08:21:06+05:30
P-0002871,V-09,6,19.203536,72.859422,28.3,2026-06-15T08:21:10+05:30,2026-06-15T08:21:12+05:30
P-0002872,V-09,6,19.202865,72.859428,26.2,2026-06-15T08:21:20+05:30,2026-06-15T08:21:22+05:30
P-0002873,V-09,6,19.202404,72.859343,27.2,2026-06-15T08:21:30+05:30,2026-06-15T08:21:34+05:30
P-0002874,V-09,6,19.202099,72.859557,19.8,2026-06-15T08:21:40+05:30,2026-06-15T08:21:44+05:30
P-0002875,V-09,6,19.202018,72.859661,19.8,2026-06-15T08:21:50+05:30,2026-06-15T08:21:52+05:30
P-0002876,V-09,6,19.201521,72.85944,26.0,2026-06-15T08:22:00+05:30,2026-06-15T08:22:03+05:30
P-0002877,V-09,6,19.200902,72.859434,21.5,2026-06-15T08:22:10+05:30,2026-06-15T08:22:16+05:30
P-0002878,V-09,6,19.20097,72.859573,25.0,2026-06-15T08:22:20+05:30,2026-06-15T08:22:23+05:30
P-0002879,V-09,6,19.200571,72.859611,22.9,2026-06-15T08:22:30+05:30,2026-06-15T08:22:35+05:30
P-0002880,V-09,6,19.200123,72.859649,19.3,2026-06-15T08:22:40+05:30,2026-06-15T08:22:44+05:30
P-0002881,V-09,6,19.199753,72.859932,18.8,2026-06-15T08:22:50+05:30,2026-06-15T08:22:56+05:30
P-0002882,V-09,6,19.199405,72.8596,23.0,2026-06-15T08:23:00+05:30,2026-06-15T08:23:05+05:30
P-0002883,V-09,6,19.199024,72.859879,24.4,2026-06-15T08:23:10+05:30,2026-06-15T08:23:16+05:30
P-0002884,V-09,6,19.198486,72.859831,28.7,2026-06-15T08:23:20+05:30,2026-06-15T08:23:21+05:30
P-0002885,V-09,6,19.197955,72.859775,23.4,2026-06-15T08:23:30+05:30,2026-06-15T08:23:31+05:30
P-0002886,V-09,6,19.197574,72.859993,18.9,2026-06-15T08:23:40+05:30,2026-06-15T08:23:46+05:30
P-0002887,V-09,6,19.197475,72.860177,27.3,2026-06-15T08:23:50+05:30,2026-06-15T08:23:54+05:30
P-0002888,V-09,6,19.196869,72.860176,22.6,2026-06-15T08:24:00+05:30,2026-06-15T08:24:03+05:30
P-0002889,V-09,6,19.196696,72.859931,25.6,2026-06-15T08:24:10+05:30,2026-06-15T08:24:14+05:30
P-0002890,V-09,6,19.195911,72.859851,19.1,2026-06-15T08:24:20+05:30,2026-06-15T08:24:22+05:30
P-0002891,V-09,6,19.195938,72.860333,23.8,2026-06-15T08:24:30+05:30,2026-06-15T08:24:31+05:30
P-0002892,V-09,6,19.195432,72.860108,18.3,2026-06-15T08:24:40+05:30,2026-06-15T08:24:45+05:30
P-0002893,V-09,6,19.194877,72.860071,19.3,2026-06-15T08:24:50+05:30,2026-06-15T08:24:52+05:30
P-0002894,V-09,6,19.194685,72.860143,20.8,2026-06-15T08:25:00+05:30,2026-06-15T08:25:05+05:30
P-0002895,V-09,6,19.194119,72.860416,22.2,2026-06-15T08:25:10+05:30,2026-06-15T08:25:15+05:30
P-0002896,V-09,6,19.193881,72.860514,27.2,2026-06-15T08:25:20+05:30,2026-06-15T08:25:25+05:30
P-0002897,V-09,6,19.193459,72.860258,23.5,2026-06-15T08:25:30+05:30,2026-06-15T08:25:35+05:30
P-0002898,V-09,6,19.193103,72.860266,24.5,2026-06-15T08:25:40+05:30,2026-06-15T08:25:43+05:30
P-0002899,V-09,6,19.192718,72.860512,25.8,2026-06-15T08:25:50+05:30,2026-06-15T08:25:55+05:30
P-0002900,V-09,6,19.192063,72.860632,17.2,2026-06-15T08:26:00+05:30,2026-06-15T08:26:06+05:30
P-0002901,V-09,6,19.191983,72.86041,17.2,2026-06-15T08:26:10+05:30,2026-06-15T08:26:11+05:30
P-0002902,V-09,6,19.191721,72.86048,23.3,2026-06-15T08:26:20+05:30,2026-06-15T08:26:21+05:30
P-0002903,V-09,6,19.191091,72.860317,18.5,2026-06-15T08:26:30+05:30,2026-06-15T08:26:33+05:30
P-0002904,V-09,6,19.190862,72.86065,19.1,2026-06-15T08:26:40+05:30,2026-06-15T08:26:44+05:30
P-0002905,V-09,6,19.190428,72.860608,28.2,2026-06-15T08:26:50+05:30,2026-06-15T08:26:53+05:30
P-0002906,V-09,6,19.190026,72.860375,25.1,2026-06-15T08:27:00+05:30,2026-06-15T08:27:01+05:30
P-0002907,V-09,6,19.189635,72.860407,18.7,2026-06-15T08:27:10+05:30,2026-06-15T08:27:15+05:30
P-0002908,V-09,6,19.189335,72.860568,20.2,2026-06-15T08:27:20+05:30,2026-06-15T08:27:25+05:30
P-0002909,V-09,6,19.188842,72.86067,26.0,2026-06-15T08:27:30+05:30,2026-06-15T08:27:36+05:30
P-0002910,V-09,6,19.188293,72.860925,16.6,2026-06-15T08:27:40+05:30,2026-06-15T08:27:46+05:30
P-0002911,V-09,6,19.188241,72.860655,22.7,2026-06-15T08:27:50+05:30,2026-06-15T08:27:52+05:30
P-0002912,V-09,6,19.187912,72.860942,18.7,2026-06-15T08:28:00+05:30,2026-06-15T08:28:01+05:30
P-0002913,V-09,6,19.187262,72.861047,18.1,2026-06-15T08:28:10+05:30,2026-06-15T08:28:12+05:30
P-0002914,V-09,6,19.186908,72.861012,20.3,2026-06-15T08:28:20+05:30,2026-06-15T08:28:23+05:30
P-0002915,V-09,6,19.186764,72.861103,17.0,2026-06-15T08:28:30+05:30,2026-06-15T08:28:34+05:30
P-0002916,V-09,6,19.186264,72.860846,17.6,2026-06-15T08:28:40+05:30,2026-06-15T08:28:46+05:30
P-0002917,V-09,6,19.185969,72.861159,16.3,2026-06-15T08:28:50+05:30,2026-06-15T08:28:53+05:30
P-0002918,V-09,6,19.185439,72.861076,20.6,2026-06-15T08:29:00+05:30,2026-06-15T08:29:01+05:30
P-0002919,V-09,6,19.185186,72.861167,25.2,2026-06-15T08:29:10+05:30,2026-06-15T08:29:11+05:30
P-0002920,V-09,6,19.184631,72.860793,24.4,2026-06-15T08:29:20+05:30,2026-06-15T08:29:21+05:30
P-0002921,V-09,6,19.184411,72.860855,17.0,2026-06-15T08:29:30+05:30,2026-06-15T08:29:34+05:30
P-0002922,V-09,6,19.183739,72.861159,20.2,2026-06-15T08:29:40+05:30,2026-06-15T08:29:46+05:30
P-0002923,V-09,6,19.183399,72.861055,23.1,2026-06-15T08:29:50+05:30,2026-06-15T08:29:55+05:30
P-0002924,V-09,6,19.183066,72.861291,24.8,2026-06-15T08:30:00+05:30,2026-06-15T08:30:05+05:30
P-0002925,V-09,6,19.182905,72.861272,21.6,2026-06-15T08:30:10+05:30,2026-06-15T08:30:15+05:30
P-0002926,V-09,6,19.182541,72.861102,22.2,2026-06-15T08:30:20+05:30,2026-06-15T08:30:24+05:30
P-0002927,V-09,6,19.181858,72.861061,19.8,2026-06-15T08:30:30+05:30,2026-06-15T08:30:34+05:30
P-0002928,V-09,6,19.181549,72.861318,19.2,2026-06-15T08:30:40+05:30,2026-06-15T08:30:45+05:30
P-0002929,V-09,6,19.181276,72.860953,19.9,2026-06-15T08:30:50+05:30,2026-06-15T08:30:55+05:30
P-0002930,V-09,6,19.180591,72.86146,24.7,2026-06-15T08:31:00+05:30,2026-06-15T08:31:01+05:30
P-0002931,V-09,6,19.18039,72.861425,25.8,2026-06-15T08:31:10+05:30,2026-06-15T08:31:12+05:30
P-0002932,V-09,6,19.179891,72.861273,16.4,2026-06-15T08:31:20+05:30,2026-06-15T08:31:25+05:30
P-0002933,V-09,6,19.179606,72.861201,21.8,2026-06-15T08:31:30+05:30,2026-06-15T08:31:31+05:30
P-0002934,V-09,6,19.179166,72.861227,23.1,2026-06-15T08:31:40+05:30,2026-06-15T08:31:46+05:30
P-0002935,V-09,6,19.179066,72.861157,25.1,2026-06-15T08:31:50+05:30,2026-06-15T08:31:51+05:30
P-0002936,V-09,6,19.178391,72.861587,25.0,2026-06-15T08:32:00+05:30,2026-06-15T08:32:05+05:30
P-0002937,V-09,6,19.178017,72.861434,25.0,2026-06-15T08:32:10+05:30,2026-06-15T08:32:13+05:30
P-0002938,V-09,6,19.177838,72.86119,20.6,2026-06-15T08:32:20+05:30,2026-06-15T08:32:22+05:30
P-0002939,V-09,6,19.177119,72.861516,17.6,2026-06-15T08:32:30+05:30,2026-06-15T08:32:34+05:30
P-0002940,V-09,6,19.177017,72.861489,19.5,2026-06-15T08:32:40+05:30,2026-06-15T08:32:43+05:30
P-0002941,V-09,6,19.176402,72.861467,26.1,2026-06-15T08:32:50+05:30,2026-06-15T08:32:56+05:30
P-0002942,V-09,6,19.176248,72.861741,15.8,2026-06-15T08:33:00+05:30,2026-06-15T08:33:05+05:30
P-0002943,V-09,6,19.17601,72.861523,22.3,2026-06-15T08:33:10+05:30,2026-06-15T08:33:15+05:30
P-0002944,V-09,6,19.175334,72.861346,22.9,2026-06-15T08:33:20+05:30,2026-06-15T08:33:22+05:30
P-0002945,V-09,6,19.174869,72.861416,23.1,2026-06-15T08:33:30+05:30,2026-06-15T08:33:33+05:30
P-0002946,V-09,6,19.174809,72.861351,20.0,2026-06-15T08:33:40+05:30,2026-06-15T08:33:42+05:30
P-0002947,V-09,6,19.174477,72.861465,21.4,2026-06-15T08:33:50+05:30,2026-06-15T08:33:55+05:30
P-0002948,V-09,6,19.17399,72.861673,15.4,2026-06-15T08:34:00+05:30,2026-06-15T08:34:04+05:30
P-0002949,V-09,6,19.173605,72.861891,15.3,2026-06-15T08:34:10+05:30,2026-06-15T08:34:11+05:30
P-0002950,V-09,6,19.173118,72.861613,17.6,2026-06-15T08:34:20+05:30,2026-06-15T08:34:25+05:30
P-0002951,V-09,6,19.172704,72.861888,23.9,2026-06-15T08:34:30+05:30,2026-06-15T08:34:35+05:30
P-0002952,V-09,6,19.172601,72.861749,23.8,2026-06-15T08:34:40+05:30,2026-06-15T08:34:42+05:30
P-0002953,V-09,6,19.172115,72.861966,20.5,2026-06-15T08:34:50+05:30,2026-06-15T08:34:51+05:30
P-0002954,V-09,6,19.171727,72.861565,20.4,2026-06-15T08:35:00+05:30,2026-06-15T08:35:05+05:30
P-0002955,V-09,6,19.171386,72.861778,17.1,2026-06-15T08:35:10+05:30,2026-06-15T08:35:16+05:30
P-0002956,V-09,6,19.17071,72.861926,17.8,2026-06-15T08:35:20+05:30,2026-06-15T08:35:21+05:30
P-0002957,V-09,6,19.170283,72.861669,16.3,2026-06-15T08:35:30+05:30,2026-06-15T08:35:34+05:30
P-0002958,V-09,6,19.170055,72.861926,21.8,2026-06-15T08:35:40+05:30,2026-06-15T08:35:42+05:30
P-0002959,V-09,6,19.169898,72.861998,21.6,2026-06-15T08:35:50+05:30,2026-06-15T08:35:54+05:30
P-0002960,V-09,6,19.169098,72.861876,16.3,2026-06-15T08:36:00+05:30,2026-06-15T08:36:05+05:30
P-0002961,V-09,6,19.168882,72.861766,16.3,2026-06-15T08:36:10+05:30,2026-06-15T08:36:11+05:30
P-0002962,V-09,6,19.168643,72.861829,19.0,2026-06-15T08:36:20+05:30,2026-06-15T08:36:21+05:30
P-0002963,V-09,6,19.168219,72.862168,24.2,2026-06-15T08:36:30+05:30,2026-06-15T08:36:31+05:30
P-0002964,V-09,6,19.167781,72.86198,24.0,2026-06-15T08:36:40+05:30,2026-06-15T08:36:43+05:30
P-0002965,V-09,6,19.167437,72.861967,19.5,2026-06-15T08:36:50+05:30,2026-06-15T08:36:51+05:30
P-0002966,V-09,6,19.167072,72.861874,22.1,2026-06-15T08:37:00+05:30,2026-06-15T08:37:04+05:30
P-0002967,V-09,6,19.166636,72.86214,22.8,2026-06-15T08:37:10+05:30,2026-06-15T08:37:11+05:30
P-0002968,V-09,6,19.166006,72.861973,20.1,2026-06-15T08:37:20+05:30,2026-06-15T08:37:22+05:30
P-0002969,V-09,6,19.16581,72.861935,14.9,2026-06-15T08:37:30+05:30,2026-06-15T08:37:32+05:30
P-0002970,V-09,6,19.165266,72.862159,14.3,2026-06-15T08:37:40+05:30,2026-06-15T08:37:41+05:30
P-0002971,V-09,6,19.16485,72.861915,18.3,2026-06-15T08:37:50+05:30,2026-06-15T08:37:55+05:30
P-0002972,V-09,6,19.164458,72.861928,23.5,2026-06-15T08:38:00+05:30,2026-06-15T08:38:04+05:30
P-0002973,V-09,6,19.1645,72.862012,18.3,2026-06-15T08:38:10+05:30,2026-06-15T08:38:12+05:30
P-0002974,V-09,6,19.163788,72.862035,15.7,2026-06-15T08:38:20+05:30,2026-06-15T08:38:24+05:30
P-0002975,V-09,6,19.16349,72.862003,19.2,2026-06-15T08:38:30+05:30,2026-06-15T08:38:36+05:30
P-0002976,V-09,6,19.163134,72.862013,15.7,2026-06-15T08:38:40+05:30,2026-06-15T08:38:41+05:30
P-0002977,V-09,6,19.162767,72.861955,17.9,2026-06-15T08:38:50+05:30,2026-06-15T08:38:54+05:30
P-0002978,V-09,6,19.162461,72.861806,16.0,2026-06-15T08:39:00+05:30,2026-06-15T08:39:01+05:30
P-0002979,V-09,6,19.1619,72.862012,22.3,2026-06-15T08:39:10+05:30,2026-06-15T08:39:14+05:30
P-0002980,V-09,6,19.161364,72.861584,17.7,2026-06-15T08:39:20+05:30,2026-06-15T08:39:25+05:30
P-0002981,V-09,6,19.161061,72.861651,24.1,2026-06-15T08:39:30+05:30,2026-06-15T08:39:31+05:30
P-0002982,V-09,6,19.160933,72.861947,14.1,2026-06-15T08:39:40+05:30,2026-06-15T08:39:44+05:30
P-0002983,V-09,6,19.160218,72.861694,17.9,2026-06-15T08:39:50+05:30,2026-06-15T08:39:54+05:30
P-0002984,V-09,6,19.160174,72.861784,24.3,2026-06-15T08:40:00+05:30,2026-06-15T08:40:03+05:30
P-0002985,V-09,6,19.159611,72.861754,18.6,2026-06-15T08:40:10+05:30,2026-06-15T08:40:16+05:30
P-0002986,V-09,6,19.159211,72.861774,14.4,2026-06-15T08:40:20+05:30,2026-06-15T08:40:21+05:30
P-0002987,V-09,6,19.158803,72.861824,16.6,2026-06-15T08:40:30+05:30,2026-06-15T08:40:33+05:30
P-0002988,V-09,6,19.158514,72.86148,19.7,2026-06-15T08:40:40+05:30,2026-06-15T08:40:44+05:30
P-0002989,V-09,6,19.158369,72.86135,23.0,2026-06-15T08:40:50+05:30,2026-06-15T08:40:53+05:30
P-0002990,V-09,6,19.158014,72.861727,18.5,2026-06-15T08:41:00+05:30,2026-06-15T08:41:03+05:30
P-0002991,V-09,6,19.157289,72.861687,18.8,2026-06-15T08:41:10+05:30,2026-06-15T08:41:16+05:30
P-0002992,V-09,6,19.157177,72.861652,13.7,2026-06-15T08:41:20+05:30,2026-06-15T08:41:21+05:30
P-0002993,V-09,6,19.156869,72.861527,12.5,2026-06-15T08:41:30+05:30,2026-06-15T08:41:31+05:30
P-0002994,V-09,6,19.156444,72.861472,20.6,2026-06-15T08:41:40+05:30,2026-06-15T08:41:45+05:30
P-0002995,V-09,6,19.155913,72.86147,15.6,2026-06-15T08:41:50+05:30,2026-06-15T08:41:56+05:30
P-0002996,V-09,6,19.155454,72.861353,13.6,2026-06-15T08:42:00+05:30,2026-06-15T08:42:03+05:30
P-0002997,V-09,6,19.155252,72.86132,23.2,2026-06-15T08:42:10+05:30,2026-06-15T08:42:14+05:30
P-0002998,V-09,6,19.154466,72.861498,12.7,2026-06-15T08:42:20+05:30,2026-06-15T08:42:25+05:30
P-0002999,V-09,6,19.154489,72.861308,20.5,2026-06-15T08:42:30+05:30,2026-06-15T08:42:31+05:30
P-0003000,V-09,6,19.153754,72.86113,20.9,2026-06-15T08:42:40+05:30,2026-06-15T08:42:41+05:30
P-0003001,V-09,6,19.153761,72.861422,13.5,2026-06-15T08:42:50+05:30,2026-06-15T08:42:55+05:30
P-0003002,V-09,6,19.153336,72.861443,13.5,2026-06-15T08:43:00+05:30,2026-06-15T08:43:04+05:30
P-0003003,V-09,6,19.15273,72.861256,14.4,2026-06-15T08:43:10+05:30,2026-06-15T08:43:11+05:30
P-0003004,V-09,6,19.152305,72.861276,16.6,2026-06-15T08:43:20+05:30,2026-06-15T08:43:26+05:30
P-0003005,V-09,6,19.151781,72.861061,17.6,2026-06-15T08:43:30+05:30,2026-06-15T08:43:34+05:30
P-0003006,V-09,6,19.151465,72.861246,17.7,2026-06-15T08:43:40+05:30,2026-06-15T08:43:42+05:30
P-0003007,V-09,6,19.151279,72.861202,23.8,2026-06-15T08:43:50+05:30,2026-06-15T08:43:55+05:30
P-0003008,V-09,6,19.15069,72.861039,23.1,2026-06-15T08:44:00+05:30,2026-06-15T08:44:04+05:30
P-0003009,V-09,6,19.150445,72.861262,12.3,2026-06-15T08:44:10+05:30,2026-06-15T08:44:12+05:30
P-0003010,V-09,6,19.150309,72.861334,16.7,2026-06-15T08:44:20+05:30,2026-06-15T08:44:26+05:30
P-0003011,V-09,6,19.149604,72.861345,22.2,2026-06-15T08:44:30+05:30,2026-06-15T08:44:31+05:30
P-0003012,V-09,6,19.149263,72.861308,23.7,2026-06-15T08:44:40+05:30,2026-06-15T08:44:41+05:30
P-0003013,V-09,6,19.148908,72.861326,14.7,2026-06-15T08:44:50+05:30,2026-06-15T08:44:52+05:30
P-0003014,V-09,6,19.148546,72.86113,22.8,2026-06-15T08:45:00+05:30,2026-06-15T08:45:06+05:30
P-0003015,V-09,6,19.148,72.860936,19.4,2026-06-15T08:45:10+05:30,2026-06-15T08:45:11+05:30
P-0003016,V-09,6,19.147686,72.861219,22.7,2026-06-15T08:45:20+05:30,2026-06-15T08:45:25+05:30
P-0003017,V-09,6,19.147663,72.861118,23.6,2026-06-15T08:45:30+05:30,2026-06-15T08:45:33+05:30
P-0003018,V-09,6,19.146832,72.861532,12.5,2026-06-15T08:45:40+05:30,2026-06-15T08:45:44+05:30
P-0003019,V-09,6,19.146798,72.861419,12.4,2026-06-15T08:45:50+05:30,2026-06-15T08:45:56+05:30
P-0003020,V-09,6,19.146067,72.861479,13.9,2026-06-15T08:46:00+05:30,2026-06-15T08:46:05+05:30
P-0003021,V-09,6,19.145696,72.861803,16.8,2026-06-15T08:46:10+05:30,2026-06-15T08:46:12+05:30
P-0003022,V-09,6,19.145657,72.861756,21.0,2026-06-15T08:46:20+05:30,2026-06-15T08:46:23+05:30
P-0003023,V-09,6,19.145195,72.861599,19.4,2026-06-15T08:46:30+05:30,2026-06-15T08:46:32+05:30
P-0003024,V-09,6,19.145004,72.861772,16.0,2026-06-15T08:46:40+05:30,2026-06-15T08:46:42+05:30
P-0003025,V-09,6,19.144398,72.861941,12.6,2026-06-15T08:46:50+05:30,2026-06-15T08:46:52+05:30
P-0003026,V-09,6,19.144131,72.86197,16.3,2026-06-15T08:47:00+05:30,2026-06-15T08:47:06+05:30
P-0003027,V-09,6,19.143692,72.861913,18.9,2026-06-15T08:47:10+05:30,2026-06-15T08:47:11+05:30
P-0003028,V-09,6,19.143454,72.861934,19.9,2026-06-15T08:47:20+05:30,2026-06-15T08:47:24+05:30
P-0003029,V-09,6,19.143156,72.862386,12.5,2026-06-15T08:47:30+05:30,2026-06-15T08:47:31+05:30
P-0003030,V-09,6,19.14275,72.862545,12.3,2026-06-15T08:47:40+05:30,2026-06-15T08:47:41+05:30
P-0003031,V-09,6,19.142158,72.862419,20.2,2026-06-15T08:47:50+05:30,2026-06-15T08:47:54+05:30
P-0003032,V-09,6,19.142006,72.862714,20.5,2026-06-15T08:48:00+05:30,2026-06-15T08:48:06+05:30
P-0003033,V-09,6,19.141615,72.86234,23.9,2026-06-15T08:48:10+05:30,2026-06-15T08:48:14+05:30
P-0003034,V-09,6,19.140864,72.86238,21.9,2026-06-15T08:48:20+05:30,2026-06-15T08:48:23+05:30
P-0003035,V-09,6,19.140701,72.86286,16.4,2026-06-15T08:48:30+05:30,2026-06-15T08:48:34+05:30
P-0003036,V-09,6,19.140429,72.86272,23.5,2026-06-15T08:48:40+05:30,2026-06-15T08:48:45+05:30
P-0003037,V-09,6,19.13986,72.862638,23.8,2026-06-15T08:48:50+05:30,2026-06-15T08:48:53+05:30
P-0003038,V-09,6,19.139342,72.863012,18.9,2026-06-15T08:49:00+05:30,2026-06-15T08:49:04+05:30
P-0003039,V-09,6,19.139386,72.862875,21.4,2026-06-15T08:49:10+05:30,2026-06-15T08:49:15+05:30
P-0003040,V-09,6,19.13878,72.863108,21.6,2026-06-15T08:49:20+05:30,2026-06-15T08:49:21+05:30
P-0003041,V-09,6,19.138223,72.863013,16.1,2026-06-15T08:49:30+05:30,2026-06-15T08:49:33+05:30
P-0003042,V-09,6,19.137922,72.863206,22.5,2026-06-15T08:49:40+05:30,2026-06-15T08:49:43+05:30
P-0003043,V-09,6,19.137642,72.863193,21.0,2026-06-15T08:49:50+05:30,2026-06-15T08:49:53+05:30
P-0003044,V-09,6,19.137475,72.863279,14.2,2026-06-15T08:50:00+05:30,2026-06-15T08:50:01+05:30
P-0003045,V-09,6,19.136911,72.863604,13.7,2026-06-15T08:50:10+05:30,2026-06-15T08:50:12+05:30
P-0003046,V-09,6,19.136691,72.863521,21.7,2026-06-15T08:50:20+05:30,2026-06-15T08:50:26+05:30
P-0003047,V-09,6,19.136262,72.863649,12.4,2026-06-15T08:50:30+05:30,2026-06-15T08:50:32+05:30
P-0003048,V-09,6,19.135527,72.863877,16.6,2026-06-15T08:50:40+05:30,2026-06-15T08:50:46+05:30
P-0003049,V-09,6,19.135527,72.863782,14.1,2026-06-15T08:50:50+05:30,2026-06-15T08:50:55+05:30
P-0003050,V-09,6,19.135059,72.864116,21.5,2026-06-15T08:51:00+05:30,2026-06-15T08:51:04+05:30
P-0003051,V-09,6,19.134813,72.864119,19.6,2026-06-15T08:51:10+05:30,2026-06-15T08:51:13+05:30
P-0003052,V-09,6,19.134177,72.864131,13.6,2026-06-15T08:51:20+05:30,2026-06-15T08:51:22+05:30
P-0003053,V-09,6,19.133651,72.864367,23.2,2026-06-15T08:51:30+05:30,2026-06-15T08:51:35+05:30
P-0003054,V-09,6,19.133688,72.864211,24.5,2026-06-15T08:51:40+05:30,2026-06-15T08:51:42+05:30
P-0003055,V-09,6,19.132936,72.864281,22.3,2026-06-15T08:51:50+05:30,2026-06-15T08:51:51+05:30
P-0003056,V-09,6,19.132869,72.864269,23.6,2026-06-15T08:52:00+05:30,2026-06-15T08:52:05+05:30
P-0003057,V-09,6,19.132281,72.864561,17.6,2026-06-15T08:52:10+05:30,2026-06-15T08:52:12+05:30
P-0003058,V-09,6,19.132232,72.864645,21.1,2026-06-15T08:52:20+05:30,2026-06-15T08:52:26+05:30
P-0003059,V-09,6,19.131882,72.864373,15.4,2026-06-15T08:52:30+05:30,2026-06-15T08:52:36+05:30
P-0003060,V-09,6,19.131488,72.864847,23.0,2026-06-15T08:52:40+05:30,2026-06-15T08:52:44+05:30
P-0003061,V-09,6,19.131128,72.864641,13.0,2026-06-15T08:52:50+05:30,2026-06-15T08:52:55+05:30
P-0003062,V-09,6,19.130375,72.864959,20.9,2026-06-15T08:53:00+05:30,2026-06-15T08:53:03+05:30
P-0003063,V-09,6,19.130312,72.864743,21.3,2026-06-15T08:53:10+05:30,2026-06-15T08:53:14+05:30
P-0003064,V-09,6,19.129565,72.865074,14.9,2026-06-15T08:53:20+05:30,2026-06-15T08:53:25+05:30
P-0003065,V-09,6,19.129433,72.864853,13.1,2026-06-15T08:53:30+05:30,2026-06-15T08:53:36+05:30
P-0003066,V-09,6,19.129252,72.865033,15.2,2026-06-15T08:53:40+05:30,2026-06-15T08:53:46+05:30
P-0003067,V-09,6,19.128414,72.864985,20.0,2026-06-15T08:53:50+05:30,2026-06-15T08:53:53+05:30
P-0003068,V-09,6,19.128147,72.865213,23.6,2026-06-15T08:54:00+05:30,2026-06-15T08:54:02+05:30
P-0003069,V-09,6,19.127787,72.865292,22.6,2026-06-15T08:54:10+05:30,2026-06-15T08:54:13+05:30
P-0003070,V-09,6,19.1273,72.865358,16.7,2026-06-15T08:54:20+05:30,2026-06-15T08:54:26+05:30
P-0003071,V-09,6,19.127116,72.865336,16.8,2026-06-15T08:54:30+05:30,2026-06-15T08:54:33+05:30
P-0003072,V-09,6,19.12684,72.865621,23.8,2026-06-15T08:54:40+05:30,2026-06-15T08:54:42+05:30
P-0003073,V-09,6,19.126243,72.865484,17.5,2026-06-15T08:54:50+05:30,2026-06-15T08:54:52+05:30
P-0003074,V-09,6,19.126194,72.865881,25.1,2026-06-15T08:55:00+05:30,2026-06-15T08:55:01+05:30
P-0003075,V-09,6,19.125618,72.86583,20.8,2026-06-15T08:55:10+05:30,2026-06-15T08:55:12+05:30
P-0003076,V-09,6,19.125345,72.865701,19.7,2026-06-15T08:55:20+05:30,2026-06-15T08:55:23+05:30
P-0003077,V-09,6,19.124682,72.865685,21.5,2026-06-15T08:55:30+05:30,2026-06-15T08:55:32+05:30
P-0003078,V-09,6,19.124559,72.865741,21.4,2026-06-15T08:55:40+05:30,2026-06-15T08:55:43+05:30
P-0003079,V-09,6,19.124123,72.865726,14.5,2026-06-15T08:55:50+05:30,2026-06-15T08:55:51+05:30
P-0003080,V-09,6,19.123578,72.865627,15.4,2026-06-15T08:56:00+05:30,2026-06-15T08:56:05+05:30
P-0003081,V-09,6,19.123133,72.866138,22.6,2026-06-15T08:56:10+05:30,2026-06-15T08:56:11+05:30
P-0003082,V-09,6,19.122858,72.865965,18.4,2026-06-15T08:56:20+05:30,2026-06-15T08:56:25+05:30
P-0003083,V-09,6,19.122549,72.865892,15.9,2026-06-15T08:56:30+05:30,2026-06-15T08:56:34+05:30
P-0003084,V-09,6,19.122328,72.866197,20.1,2026-06-15T08:56:40+05:30,2026-06-15T08:56:44+05:30
P-0003085,V-09,6,19.122008,72.866082,22.9,2026-06-15T08:56:50+05:30,2026-06-15T08:56:55+05:30
P-0003086,V-09,6,19.121622,72.86624,14.0,2026-06-15T08:57:00+05:30,2026-06-15T08:57:05+05:30
P-0003087,V-09,6,19.120847,72.865906,17.5,2026-06-15T08:57:10+05:30,2026-06-15T08:57:14+05:30
P-0003088,V-09,6,19.120794,72.866024,19.0,2026-06-15T08:57:20+05:30,2026-06-15T08:57:23+05:30
P-0003089,V-09,6,19.120117,72.866033,14.6,2026-06-15T08:57:30+05:30,2026-06-15T08:57:36+05:30
P-0003090,V-09,6,19.11962,72.866251,20.9,2026-06-15T08:57:40+05:30,2026-06-15T08:57:45+05:30
P-0003091,V-09,6,19.119295,72.866347,21.4,2026-06-15T08:57:50+05:30,2026-06-15T08:57:53+05:30
P-0003092,V-09,6,19.119013,72.866216,16.2,2026-06-15T08:58:00+05:30,2026-06-15T08:58:03+05:30
P-0003093,V-09,6,19.118534,72.866335,22.5,2026-06-15T08:58:10+05:30,2026-06-15T08:58:15+05:30
P-0003094,V-09,6,19.118271,72.866367,22.1,2026-06-15T08:58:20+05:30,2026-06-15T08:58:21+05:30
P-0003095,V-09,6,19.118109,72.866163,20.0,2026-06-15T08:58:30+05:30,2026-06-15T08:58:36+05:30
P-0003096,V-09,6,19.117643,72.866217,21.0,2026-06-15T08:58:40+05:30,2026-06-15T08:58:45+05:30
P-0003097,V-09,6,19.117275,72.866122,17.8,2026-06-15T08:58:50+05:30,2026-06-15T08:58:51+05:30
P-0003098,V-09,6,19.116957,72.86625,22.0,2026-06-15T08:59:00+05:30,2026-06-15T08:59:03+05:30
P-0003099,V-09,6,19.116488,72.866635,26.0,2026-06-15T08:59:10+05:30,2026-06-15T08:59:16+05:30
P-0003100,V-09,6,19.115821,72.866372,18.9,2026-06-15T08:59:20+05:30,2026-06-15T08:59:22+05:30
P-0003101,V-09,6,19.115874,72.86641,23.4,2026-06-15T08:59:30+05:30,2026-06-15T08:59:33+05:30
P-0003102,V-09,6,19.115408,72.86657,19.8,2026-06-15T08:59:40+05:30,2026-06-15T08:59:46+05:30
P-0003103,V-09,6,19.114934,72.866478,23.9,2026-06-15T08:59:50+05:30,2026-06-15T08:59:55+05:30
P-0003104,V-09,6,19.114625,72.866653,22.8,2026-06-15T09:00:00+05:30,2026-06-15T09:00:01+05:30
P-0003105,V-09,6,19.113936,72.86676,20.0,2026-06-15T09:00:10+05:30,2026-06-15T09:00:14+05:30
P-0003106,V-09,6,19.113742,72.866476,24.7,2026-06-15T09:00:20+05:30,2026-06-15T09:00:24+05:30
P-0003107,V-09,6,19.113187,72.86679,18.0,2026-06-15T09:00:30+05:30,2026-06-15T09:00:34+05:30
P-0003108,V-09,6,19.112727,72.866659,22.6,2026-06-15T09:00:40+05:30,2026-06-15T09:00:43+05:30
P-0003109,V-09,6,19.112577,72.866608,23.5,2026-06-15T09:00:50+05:30,2026-06-15T09:00:55+05:30
P-0003110,V-09,6,19.11214,72.866537,20.7,2026-06-15T09:01:00+05:30,2026-06-15T09:01:06+05:30
P-0003111,V-09,6,19.111699,72.866605,26.8,2026-06-15T09:01:10+05:30,2026-06-15T09:01:13+05:30
P-0003112,V-09,6,19.111312,72.866614,17.0,2026-06-15T09:01:20+05:30,2026-06-15T09:01:25+05:30
P-0003113,V-09,6,19.111235,72.866922,18.1,2026-06-15T09:01:30+05:30,2026-06-15T09:01:32+05:30
P-0003114,V-09,6,19.110638,72.866989,17.0,2026-06-15T09:01:40+05:30,2026-06-15T09:01:44+05:30
P-0003115,V-09,6,19.110421,72.866928,26.5,2026-06-15T09:01:50+05:30,2026-06-15T09:01:55+05:30
P-0003116,V-09,6,19.11009,72.866624,21.2,2026-06-15T09:02:00+05:30,2026-06-15T09:02:03+05:30
P-0003117,V-09,6,19.109705,72.866794,23.9,2026-06-15T09:02:10+05:30,2026-06-15T09:02:15+05:30
P-0003118,V-09,6,19.108957,72.86672,20.8,2026-06-15T09:02:20+05:30,2026-06-15T09:02:26+05:30
P-0003119,V-09,6,19.108757,72.867155,21.3,2026-06-15T09:02:30+05:30,2026-06-15T09:02:32+05:30
P-0003120,V-09,6,19.108382,72.867161,17.6,2026-06-15T09:02:40+05:30,2026-06-15T09:02:44+05:30
P-0003121,V-09,6,19.107918,72.866988,22.0,2026-06-15T09:02:50+05:30,2026-06-15T09:02:55+05:30
P-0003122,V-09,6,19.107628,72.866968,19.3,2026-06-15T09:03:00+05:30,2026-06-15T09:03:03+05:30
P-0003123,V-09,6,19.107153,72.867184,18.1,2026-06-15T09:03:10+05:30,2026-06-15T09:03:13+05:30
P-0003124,V-09,6,19.106898,72.866915,17.3,2026-06-15T09:03:20+05:30,2026-06-15T09:03:21+05:30
P-0003125,V-09,6,19.106506,72.867324,24.0,2026-06-15T09:03:30+05:30,2026-06-15T09:03:34+05:30
P-0003126,V-09,6,19.10601,72.867205,17.1,2026-06-15T09:03:40+05:30,2026-06-15T09:03:43+05:30
P-0003127,V-09,6,19.105446,72.867217,27.6,2026-06-15T09:03:50+05:30,2026-06-15T09:03:55+05:30
P-0003128,V-09,6,19.105363,72.867329,22.1,2026-06-15T09:04:00+05:30,2026-06-15T09:04:04+05:30
P-0003129,V-09,6,19.104932,72.867411,21.1,2026-06-15T09:04:10+05:30,2026-06-15T09:04:12+05:30
P-0003130,V-09,6,19.104626,72.866967,27.1,2026-06-15T09:04:20+05:30,2026-06-15T09:04:23+05:30
P-0003131,V-09,6,19.104063,72.86736,25.6,2026-06-15T09:04:30+05:30,2026-06-15T09:04:35+05:30
P-0003132,V-09,6,19.103868,72.867013,22.5,2026-06-15T09:04:40+05:30,2026-06-15T09:04:45+05:30
P-0003133,V-09,6,19.103421,72.867141,24.6,2026-06-15T09:04:50+05:30,2026-06-15T09:04:51+05:30
P-0003134,V-09,6,19.102936,72.867185,21.5,2026-06-15T09:05:00+05:30,2026-06-15T09:05:05+05:30
P-0003135,V-09,6,19.102831,72.867359,27.2,2026-06-15T09:05:10+05:30,2026-06-15T09:05:11+05:30
P-0003136,V-09,6,19.102033,72.867158,23.4,2026-06-15T09:05:20+05:30,2026-06-15T09:05:23+05:30
P-0003137,V-09,6,19.101995,72.867127,20.2,2026-06-15T09:05:30+05:30,2026-06-15T09:05:33+05:30
P-0003138,V-09,6,19.101531,72.867043,20.8,2026-06-15T09:05:40+05:30,2026-06-15T09:05:44+05:30
P-0003139,V-09,6,19.100992,72.867075,27.5,2026-06-15T09:05:50+05:30,2026-06-15T09:05:53+05:30
P-0003140,V-09,6,19.100823,72.867094,22.1,2026-06-15T09:06:00+05:30,2026-06-15T09:06:04+05:30
P-0003141,V-09,6,19.100514,72.867082,24.9,2026-06-15T09:06:10+05:30,2026-06-15T09:06:13+05:30
P-0003142,V-09,6,19.099789,72.867204,28.9,2026-06-15T09:06:20+05:30,2026-06-15T09:06:26+05:30
P-0003143,V-09,6,19.099626,72.867362,29.0,2026-06-15T09:06:30+05:30,2026-06-15T09:06:32+05:30
P-0003144,V-09,6,19.099291,72.86722,22.2,2026-06-15T09:06:40+05:30,2026-06-15T09:06:41+05:30
P-0003145,V-09,6,19.098763,72.867198,26.2,2026-06-15T09:06:50+05:30,2026-06-15T09:06:52+05:30
P-0003146,V-09,6,19.098356,72.867215,28.4,2026-06-15T09:07:00+05:30,2026-06-15T09:07:01+05:30
P-0003147,V-09,6,19.097895,72.867262,24.2,2026-06-15T09:07:10+05:30,2026-06-15T09:07:12+05:30
P-0003148,V-09,6,19.097537,72.867111,26.0,2026-06-15T09:07:20+05:30,2026-06-15T09:07:24+05:30
P-0003149,V-09,6,19.097031,72.867242,27.2,2026-06-15T09:07:30+05:30,2026-06-15T09:07:32+05:30
P-0003150,V-09,6,19.096857,72.866998,24.7,2026-06-15T09:07:40+05:30,2026-06-15T09:07:45+05:30
P-0003151,V-09,6,19.096412,72.867061,22.0,2026-06-15T09:07:50+05:30,2026-06-15T09:07:54+05:30
P-0003152,V-09,6,19.096233,72.867147,27.3,2026-06-15T09:08:00+05:30,2026-06-15T09:08:02+05:30
P-0003153,V-09,6,19.095727,72.867148,28.1,2026-06-15T09:08:10+05:30,2026-06-15T09:08:11+05:30
P-0003154,V-09,6,19.09505,72.867259,28.8,2026-06-15T09:08:20+05:30,2026-06-15T09:08:22+05:30
P-0003155,V-09,6,19.094928,72.867163,29.4,2026-06-15T09:08:30+05:30,2026-06-15T09:08:36+05:30
P-0003156,V-09,6,19.094468,72.867241,20.7,2026-06-15T09:08:40+05:30,2026-06-15T09:08:43+05:30
P-0003157,V-09,6,19.093979,72.867131,23.8,2026-06-15T09:08:50+05:30,2026-06-15T09:08:53+05:30
P-0003158,V-09,6,19.093593,72.867194,19.4,2026-06-15T09:09:00+05:30,2026-06-15T09:09:06+05:30
P-0003159,V-09,6,19.093184,72.867142,27.5,2026-06-15T09:09:10+05:30,2026-06-15T09:09:15+05:30
P-0003160,V-09,6,19.092746,72.866898,23.5,2026-06-15T09:09:20+05:30,2026-06-15T09:09:21+05:30
P-0003161,V-09,6,19.092793,72.867158,20.1,2026-06-15T09:09:30+05:30,2026-06-15T09:09:34+05:30
P-0003162,V-09,6,19.092223,72.866935,21.1,2026-06-15T09:09:40+05:30,2026-06-15T09:09:45+05:30
P-0003163,V-09,6,19.091762,72.866895,20.4,2026-06-15T09:09:50+05:30,2026-06-15T09:09:55+05:30
P-0003164,V-09,6,19.091695,72.867165,31.3,2026-06-15T09:10:00+05:30,2026-06-15T09:10:02+05:30
P-0003165,V-09,6,19.090969,72.86702,31.1,2026-06-15T09:10:10+05:30,2026-06-15T09:10:14+05:30
P-0003166,V-09,6,19.090928,72.867193,28.9,2026-06-15T09:10:20+05:30,2026-06-15T09:10:22+05:30
P-0003167,V-09,6,19.090461,72.866857,24.8,2026-06-15T09:10:30+05:30,2026-06-15T09:10:33+05:30
P-0003168,V-09,6,19.089864,72.867094,27.7,2026-06-15T09:10:40+05:30,2026-06-15T09:10:42+05:30
P-0003169,V-09,6,19.089702,72.866901,28.4,2026-06-15T09:10:50+05:30,2026-06-15T09:10:52+05:30
P-0003170,V-09,6,19.089205,72.866839,28.2,2026-06-15T09:11:00+05:30,2026-06-15T09:11:04+05:30
P-0003171,V-09,6,19.088693,72.86721,24.0,2026-06-15T09:11:10+05:30,2026-06-15T09:11:16+05:30
P-0003172,V-09,6,19.088159,72.86729,23.2,2026-06-15T09:11:20+05:30,2026-06-15T09:11:23+05:30
P-0003173,V-09,6,19.087988,72.867282,30.0,2026-06-15T09:11:30+05:30,2026-06-15T09:11:35+05:30
P-0003174,V-09,6,19.087811,72.86714,20.6,2026-06-15T09:11:40+05:30,2026-06-15T09:11:46+05:30
P-0003175,V-09,6,19.087224,72.867188,25.5,2026-06-15T09:11:50+05:30,2026-06-15T09:11:54+05:30
P-0003176,V-09,6,19.086642,72.86705,24.3,2026-06-15T09:12:00+05:30,2026-06-15T09:12:04+05:30
P-0003177,V-09,6,19.086516,72.867233,32.6,2026-06-15T09:12:10+05:30,2026-06-15T09:12:14+05:30
P-0003178,V-09,6,19.086141,72.867192,29.8,2026-06-15T09:12:20+05:30,2026-06-15T09:12:22+05:30
P-0003179,V-09,6,19.08562,72.867242,32.2,2026-06-15T09:12:30+05:30,2026-06-15T09:12:33+05:30
P-0003180,V-09,6,19.085293,72.866805,23.4,2026-06-15T09:12:40+05:30,2026-06-15T09:12:41+05:30
P-0003181,V-09,6,19.085164,72.867084,28.3,2026-06-15T09:12:50+05:30,2026-06-15T09:12:55+05:30
P-0003182,V-09,6,19.084703,72.866895,31.6,2026-06-15T09:13:00+05:30,2026-06-15T09:13:06+05:30
P-0003183,V-09,6,19.084375,72.867236,22.9,2026-06-15T09:13:10+05:30,2026-06-15T09:13:12+05:30
P-0003184,V-09,6,19.08395,72.86721,27.0,2026-06-15T09:13:20+05:30,2026-06-15T09:13:23+05:30
P-0003185,V-09,6,19.083365,72.866849,25.1,2026-06-15T09:13:30+05:30,2026-06-15T09:13:36+05:30
P-0003186,V-09,6,19.083158,72.867086,25.0,2026-06-15T09:13:40+05:30,2026-06-15T09:13:46+05:30
P-0003187,V-09,6,19.082654,72.866902,29.0,2026-06-15T09:13:50+05:30,2026-06-15T09:13:54+05:30
P-0003188,V-09,6,19.082174,72.867218,27.9,2026-06-15T09:14:00+05:30,2026-06-15T09:14:05+05:30
P-0003189,V-09,6,19.081717,72.86739,27.9,2026-06-15T09:14:10+05:30,2026-06-15T09:14:15+05:30
P-0003190,V-09,6,19.081492,72.86732,25.5,2026-06-15T09:14:20+05:30,2026-06-15T09:14:23+05:30
P-0003191,V-09,6,19.080848,72.867396,32.0,2026-06-15T09:14:30+05:30,2026-06-15T09:14:35+05:30
P-0003192,V-09,6,19.080722,72.867235,24.3,2026-06-15T09:14:40+05:30,2026-06-15T09:14:45+05:30
P-0003193,V-09,6,19.080092,72.867114,27.9,2026-06-15T09:14:50+05:30,2026-06-15T09:14:53+05:30
P-0003194,V-09,6,19.080156,72.867189,26.5,2026-06-15T09:15:00+05:30,2026-06-15T09:15:06+05:30
P-0003195,V-09,6,19.079515,72.867321,24.6,2026-06-15T09:15:10+05:30,2026-06-15T09:15:12+05:30
P-0003196,V-09,6,19.079257,72.867352,29.3,2026-06-15T09:15:20+05:30,2026-06-15T09:15:26+05:30
P-0003197,V-09,6,19.078893,72.867607,23.7,2026-06-15T09:15:30+05:30,2026-06-15T09:15:34+05:30
P-0003198,V-09,6,19.078418,72.867349,29.4,2026-06-15T09:15:40+05:30,2026-06-15T09:15:41+05:30
P-0003199,V-09,6,19.077893,72.867526,26.2,2026-06-15T09:15:50+05:30,2026-06-15T09:15:55+05:30
P-0003200,V-09,6,19.077736,72.867792,34.5,2026-06-15T09:16:00+05:30,2026-06-15T09:16:05+05:30
P-0003201,V-09,6,19.077372,72.867723,23.6,2026-06-15T09:16:10+05:30,2026-06-15T09:16:14+05:30
P-0003202,V-09,6,19.077106,72.867532,30.5,2026-06-15T09:16:20+05:30,2026-06-15T09:16:22+05:30
P-0003203,V-09,6,19.076512,72.867976,34.6,2026-06-15T09:16:30+05:30,2026-06-15T09:16:34+05:30
P-0003204,V-09,6,19.075893,72.867676,34.3,2026-06-15T09:16:40+05:30,2026-06-15T09:16:46+05:30
P-0003205,V-09,6,19.07566,72.867938,27.6,2026-06-15T09:16:50+05:30,2026-06-15T09:16:55+05:30
P-0003206,V-09,6,19.075456,72.868006,28.6,2026-06-15T09:17:00+05:30,2026-06-15T09:17:05+05:30
P-0003207,V-09,6,19.074768,72.86816,23.6,2026-06-15T09:17:10+05:30,2026-06-15T09:17:14+05:30
P-0003208,V-09,6,19.074447,72.868002,29.5,2026-06-15T09:17:20+05:30,2026-06-15T09:17:21+05:30
P-0003209,V-09,6,19.074457,72.868063,32.8,2026-06-15T09:17:30+05:30,2026-06-15T09:17:31+05:30
P-0003210,V-09,6,19.073897,72.868321,35.5,2026-06-15T09:17:40+05:30,2026-06-15T09:17:45+05:30
P-0003211,V-09,6,19.073249,72.867912,33.0,2026-06-15T09:17:50+05:30,2026-06-15T09:17:54+05:30
P-0003212,V-09,6,19.07284,72.868399,30.1,2026-06-15T09:18:00+05:30,2026-06-15T09:18:06+05:30
P-0003213,V-09,6,19.072939,72.868185,24.9,2026-06-15T09:18:10+05:30,2026-06-15T09:18:14+05:30
P-0003214,V-09,6,19.072395,72.868299,35.6,2026-06-15T09:18:20+05:30,2026-06-15T09:18:25+05:30
P-0003215,V-09,6,19.072173,72.868477,36.4,2026-06-15T09:18:30+05:30,2026-06-15T09:18:34+05:30
P-0003216,V-09,6,19.071575,72.868586,24.7,2026-06-15T09:18:40+05:30,2026-06-15T09:18:42+05:30
P-0003217,V-09,6,19.071118,72.86825,27.2,2026-06-15T09:18:50+05:30,2026-06-15T09:18:55+05:30
P-0003218,V-09,6,19.07055,72.868432,31.1,2026-06-15T09:19:00+05:30,2026-06-15T09:19:02+05:30
P-0003219,V-09,6,19.070548,72.86862,35.4,2026-06-15T09:19:10+05:30,2026-06-15T09:19:12+05:30
P-0003220,V-09,6,19.07008,72.868635,36.6,2026-06-15T09:19:20+05:30,2026-06-15T09:19:21+05:30
P-0003221,V-09,6,19.06982,72.868626,32.8,2026-06-15T09:19:30+05:30,2026-06-15T09:19:36+05:30
P-0003222,V-09,6,19.069243,72.868543,29.2,2026-06-15T09:19:40+05:30,2026-06-15T09:19:46+05:30
P-0003223,V-09,6,19.068636,72.868617,31.6,2026-06-15T09:19:50+05:30,2026-06-15T09:19:53+05:30
P-0003224,V-09,6,19.06841,72.86864,32.0,2026-06-15T09:20:00+05:30,2026-06-15T09:20:03+05:30
P-0003225,V-09,6,19.068137,72.868593,32.2,2026-06-15T09:20:10+05:30,2026-06-15T09:20:15+05:30
P-0003226,V-09,6,19.06796,72.868936,37.4,2026-06-15T09:20:20+05:30,2026-06-15T09:20:21+05:30
P-0003227,V-09,6,19.067112,72.868879,30.1,2026-06-15T09:20:30+05:30,2026-06-15T09:20:35+05:30
P-0003228,V-09,6,19.066939,72.869152,35.4,2026-06-15T09:20:40+05:30,2026-06-15T09:20:45+05:30
P-0003229,V-09,6,19.066398,72.869146,30.4,2026-06-15T09:20:50+05:30,2026-06-15T09:20:54+05:30
P-0003230,V-09,6,19.066001,72.868975,31.5,2026-06-15T09:21:00+05:30,2026-06-15T09:21:04+05:30
P-0003231,V-11,7,19.076092,73.000741,30.6,2026-06-15T08:30:00+05:30,2026-06-15T08:30:05+05:30
P-0003232,V-11,7,19.075979,73.000416,29.1,2026-06-15T08:30:10+05:30,2026-06-15T08:30:11+05:30
P-0003233,V-11,7,19.075588,72.999794,29.3,2026-06-15T08:30:20+05:30,2026-06-15T08:30:24+05:30
P-0003234,V-11,7,19.075463,72.999275,28.6,2026-06-15T08:30:30+05:30,2026-06-15T08:30:31+05:30
P-0003235,V-11,7,19.075596,72.998699,26.6,2026-06-15T08:30:40+05:30,2026-06-15T08:30:45+05:30
P-0003236,V-11,7,19.075473,72.998401,28.9,2026-06-15T08:30:50+05:30,2026-06-15T08:30:56+05:30
P-0003237,V-11,7,19.07521,72.997926,25.6,2026-06-15T08:31:00+05:30,2026-06-15T08:31:01+05:30
P-0003238,V-11,7,19.074988,72.997288,36.8,2026-06-15T08:31:10+05:30,2026-06-15T08:31:15+05:30
P-0003239,V-11,7,19.074987,72.996801,36.9,2026-06-15T08:31:20+05:30,2026-06-15T08:31:23+05:30
P-0003240,V-11,7,19.074775,72.99649,32.1,2026-06-15T08:31:30+05:30,2026-06-15T08:31:32+05:30
P-0003241,V-11,7,19.074825,72.995862,31.9,2026-06-15T08:31:40+05:30,2026-06-15T08:31:45+05:30
P-0003242,V-11,7,19.074471,72.995397,27.3,2026-06-15T08:31:50+05:30,2026-06-15T08:31:55+05:30
P-0003243,V-11,7,19.074484,72.994966,32.4,2026-06-15T08:32:00+05:30,2026-06-15T08:32:03+05:30
P-0003244,V-11,7,19.074199,72.994043,35.6,2026-06-15T08:32:10+05:30,2026-06-15T08:32:13+05:30
P-0003245,V-11,7,19.074303,72.993737,30.9,2026-06-15T08:32:20+05:30,2026-06-15T08:32:21+05:30
P-0003246,V-11,7,19.074036,72.993078,24.4,2026-06-15T08:32:30+05:30,2026-06-15T08:32:33+05:30
P-0003247,V-11,7,19.073878,72.992561,24.9,2026-06-15T08:32:40+05:30,2026-06-15T08:32:46+05:30
P-0003248,V-11,7,19.073992,72.992531,26.7,2026-06-15T08:32:50+05:30,2026-06-15T08:32:54+05:30
P-0003249,V-11,7,19.073593,72.991988,27.5,2026-06-15T08:33:00+05:30,2026-06-15T08:33:02+05:30
P-0003250,V-11,7,19.073747,72.991417,29.2,2026-06-15T08:33:10+05:30,2026-06-15T08:33:12+05:30
P-0003251,V-11,7,19.07345,72.990778,29.4,2026-06-15T08:33:20+05:30,2026-06-15T08:33:26+05:30
P-0003252,V-11,7,19.073214,72.990466,28.0,2026-06-15T08:33:30+05:30,2026-06-15T08:33:34+05:30
P-0003253,V-11,7,19.073472,72.989979,32.3,2026-06-15T08:33:40+05:30,2026-06-15T08:33:45+05:30
P-0003254,V-11,7,19.072926,72.989326,30.8,2026-06-15T08:33:50+05:30,2026-06-15T08:33:51+05:30
P-0003255,V-11,7,19.072875,72.988581,26.3,2026-06-15T08:34:00+05:30,2026-06-15T08:34:02+05:30
P-0003256,V-11,7,19.072974,72.988493,29.0,2026-06-15T08:34:10+05:30,2026-06-15T08:34:13+05:30
P-0003257,V-11,7,19.072655,72.987874,24.3,2026-06-15T08:34:20+05:30,2026-06-15T08:34:25+05:30
P-0003258,V-11,7,19.07268,72.987291,24.1,2026-06-15T08:34:30+05:30,2026-06-15T08:34:35+05:30
P-0003259,V-11,7,19.072564,72.986617,24.3,2026-06-15T08:34:40+05:30,2026-06-15T08:34:46+05:30
P-0003260,V-11,7,19.072482,72.986158,27.9,2026-06-15T08:34:50+05:30,2026-06-15T08:34:54+05:30
P-0003261,V-11,7,19.072423,72.985809,24.2,2026-06-15T08:35:00+05:30,2026-06-15T08:35:05+05:30
P-0003262,V-11,7,19.072065,72.985138,27.9,2026-06-15T08:35:10+05:30,2026-06-15T08:35:15+05:30
P-0003263,V-11,7,19.072231,72.984931,32.5,2026-06-15T08:35:20+05:30,2026-06-15T08:35:23+05:30
P-0003264,V-11,7,19.072073,72.984094,28.8,2026-06-15T08:35:30+05:30,2026-06-15T08:35:35+05:30
P-0003265,V-11,7,19.071578,72.983941,27.6,2026-06-15T08:35:40+05:30,2026-06-15T08:35:41+05:30
P-0003266,V-11,7,19.071441,72.983372,33.2,2026-06-15T08:35:50+05:30,2026-06-15T08:35:55+05:30
P-0003267,V-11,7,19.071661,72.982679,33.1,2026-06-15T08:36:00+05:30,2026-06-15T08:36:05+05:30
P-0003268,V-11,7,19.071626,72.982252,27.3,2026-06-15T08:36:10+05:30,2026-06-15T08:36:15+05:30
P-0003269,V-11,7,19.071219,72.981915,26.5,2026-06-15T08:36:20+05:30,2026-06-15T08:36:26+05:30
P-0003270,V-11,7,19.071276,72.981219,23.8,2026-06-15T08:36:30+05:30,2026-06-15T08:36:35+05:30
P-0003271,V-11,7,19.070844,72.980632,27.7,2026-06-15T08:36:40+05:30,2026-06-15T08:36:44+05:30
P-0003272,V-11,7,19.070971,72.980334,25.2,2026-06-15T08:36:50+05:30,2026-06-15T08:36:54+05:30
P-0003273,V-11,7,19.070685,72.979575,26.2,2026-06-15T08:37:00+05:30,2026-06-15T08:37:02+05:30
P-0003274,V-11,7,19.070855,72.97945,30.4,2026-06-15T08:37:10+05:30,2026-06-15T08:37:12+05:30
P-0003275,V-11,7,19.070734,72.978962,30.2,2026-06-15T08:37:20+05:30,2026-06-15T08:37:25+05:30
P-0003276,V-11,7,19.070387,72.978213,21.0,2026-06-15T08:37:30+05:30,2026-06-15T08:37:36+05:30
P-0003277,V-11,7,19.07004,72.977985,32.0,2026-06-15T08:37:40+05:30,2026-06-15T08:37:41+05:30
P-0003278,V-11,7,19.07032,72.977485,28.7,2026-06-15T08:37:50+05:30,2026-06-15T08:37:55+05:30
P-0003279,V-11,7,19.069912,72.976757,27.0,2026-06-15T08:38:00+05:30,2026-06-15T08:38:03+05:30
P-0003280,V-11,7,19.069585,72.976352,28.1,2026-06-15T08:38:10+05:30,2026-06-15T08:38:13+05:30
P-0003281,V-11,7,19.069789,72.975945,23.1,2026-06-15T08:38:20+05:30,2026-06-15T08:38:26+05:30
P-0003282,V-11,7,19.069694,72.975438,30.2,2026-06-15T08:38:30+05:30,2026-06-15T08:38:35+05:30
P-0003283,V-11,7,19.069314,72.974758,21.5,2026-06-15T08:38:40+05:30,2026-06-15T08:38:42+05:30
P-0003284,V-11,7,19.068912,72.974195,30.1,2026-06-15T08:38:50+05:30,2026-06-15T08:38:55+05:30
P-0003285,V-11,7,19.069116,72.973711,30.3,2026-06-15T08:39:00+05:30,2026-06-15T08:39:03+05:30
P-0003286,V-11,7,19.068819,72.973337,23.7,2026-06-15T08:39:10+05:30,2026-06-15T08:39:16+05:30
P-0003287,V-11,7,19.068415,72.973095,23.4,2026-06-15T08:39:20+05:30,2026-06-15T08:39:24+05:30
P-0003288,V-11,7,19.068389,72.972447,28.4,2026-06-15T08:39:30+05:30,2026-06-15T08:39:35+05:30
P-0003289,V-11,7,19.06806,72.972127,23.3,2026-06-15T08:39:40+05:30,2026-06-15T08:39:45+05:30
P-0003290,V-11,7,19.068249,72.971155,25.6,2026-06-15T08:39:50+05:30,2026-06-15T08:39:54+05:30
P-0003291,V-11,7,19.067996,72.970939,20.1,2026-06-15T08:40:00+05:30,2026-06-15T08:40:05+05:30
P-0003292,V-11,7,19.067877,72.970509,30.9,2026-06-15T08:40:10+05:30,2026-06-15T08:40:11+05:30
P-0003293,V-11,7,19.06782,72.970159,23.2,2026-06-15T08:40:20+05:30,2026-06-15T08:40:21+05:30
P-0003294,V-11,7,19.067635,72.969278,22.1,2026-06-15T08:40:30+05:30,2026-06-15T08:40:34+05:30
P-0003295,V-11,7,19.067441,72.968988,19.8,2026-06-15T08:40:40+05:30,2026-06-15T08:40:44+05:30
P-0003296,V-11,7,19.067331,72.96852,30.8,2026-06-15T08:40:50+05:30,2026-06-15T08:40:52+05:30
P-0003297,V-11,7,19.067217,72.967839,29.4,2026-06-15T08:41:00+05:30,2026-06-15T08:41:01+05:30
P-0003298,V-11,7,19.066925,72.967611,24.9,2026-06-15T08:41:10+05:30,2026-06-15T08:41:13+05:30
P-0003299,V-11,7,19.066752,72.966826,26.5,2026-06-15T08:41:20+05:30,2026-06-15T08:41:21+05:30
P-0003300,V-11,7,19.066586,72.96649,24.0,2026-06-15T08:41:30+05:30,2026-06-15T08:41:36+05:30
P-0003301,V-11,7,19.066122,72.966153,28.6,2026-06-15T08:41:40+05:30,2026-06-15T08:41:43+05:30
P-0003302,V-11,7,19.06609,72.965402,28.1,2026-06-15T08:41:50+05:30,2026-06-15T08:41:56+05:30
P-0003303,V-11,7,19.066029,72.965258,21.8,2026-06-15T08:42:00+05:30,2026-06-15T08:42:06+05:30
P-0003304,V-11,7,19.065669,72.964543,26.2,2026-06-15T08:42:10+05:30,2026-06-15T08:42:13+05:30
P-0003305,V-11,7,19.065465,72.964145,25.1,2026-06-15T08:42:20+05:30,2026-06-15T08:42:21+05:30
P-0003306,V-11,7,19.065249,72.963561,20.4,2026-06-15T08:42:30+05:30,2026-06-15T08:42:36+05:30
P-0003307,V-11,7,19.065283,72.963214,20.5,2026-06-15T08:42:40+05:30,2026-06-15T08:42:43+05:30
P-0003308,V-11,7,19.065294,72.962815,26.8,2026-06-15T08:42:50+05:30,2026-06-15T08:42:54+05:30
P-0003309,V-11,7,19.064947,72.962095,25.8,2026-06-15T08:43:00+05:30,2026-06-15T08:43:03+05:30
P-0003310,V-11,7,19.064891,72.961747,28.2,2026-06-15T08:43:10+05:30,2026-06-15T08:43:14+05:30
P-0003311,V-11,7,19.06448,72.961068,26.3,2026-06-15T08:43:20+05:30,2026-06-15T08:43:22+05:30
P-0003312,V-11,7,19.06433,72.960556,23.2,2026-06-15T08:43:30+05:30,2026-06-15T08:43:31+05:30
P-0003313,V-11,7,19.064223,72.960276,24.7,2026-06-15T08:43:40+05:30,2026-06-15T08:43:44+05:30
P-0003314,V-11,7,19.064308,72.959507,27.0,2026-06-15T08:43:50+05:30,2026-06-15T08:43:51+05:30
P-0003315,V-11,7,19.064138,72.959293,22.1,2026-06-15T08:44:00+05:30,2026-06-15T08:44:04+05:30
P-0003316,V-11,7,19.063816,72.958906,22.3,2026-06-15T08:44:10+05:30,2026-06-15T08:44:14+05:30
P-0003317,V-11,7,19.063752,72.95843,17.8,2026-06-15T08:44:20+05:30,2026-06-15T08:44:26+05:30
P-0003318,V-11,7,19.06354,72.957866,25.9,2026-06-15T08:44:30+05:30,2026-06-15T08:44:33+05:30
P-0003319,V-11,7,19.063407,72.957258,19.2,2026-06-15T08:44:40+05:30,2026-06-15T08:44:46+05:30
P-0003320,V-11,7,19.063251,72.95681,20.9,2026-06-15T08:44:50+05:30,2026-06-15T08:44:55+05:30
P-0003321,V-11,7,19.063141,72.956263,20.9,2026-06-15T08:45:00+05:30,2026-06-15T08:45:06+05:30
P-0003322,V-11,7,19.062978,72.955981,24.5,2026-06-15T08:45:10+05:30,2026-06-15T08:45:15+05:30
P-0003323,V-11,7,19.06283,72.955188,17.7,2026-06-15T08:45:20+05:30,2026-06-15T08:45:21+05:30
P-0003324,V-11,7,19.062356,72.954692,28.1,2026-06-15T08:45:30+05:30,2026-06-15T08:45:34+05:30
P-0003325,V-11,7,19.062315,72.95438,22.4,2026-06-15T08:45:40+05:30,2026-06-15T08:45:45+05:30
P-0003326,V-11,7,19.062268,72.953788,23.5,2026-06-15T08:45:50+05:30,2026-06-15T08:45:54+05:30
P-0003327,V-11,7,19.061804,72.953529,23.9,2026-06-15T08:46:00+05:30,2026-06-15T08:46:06+05:30
P-0003328,V-11,7,19.061851,72.952693,17.8,2026-06-15T08:46:10+05:30,2026-06-15T08:46:16+05:30
P-0003329,V-11,7,19.061657,72.952439,24.2,2026-06-15T08:46:20+05:30,2026-06-15T08:46:26+05:30
P-0003330,V-11,7,19.061561,72.951941,19.1,2026-06-15T08:46:30+05:30,2026-06-15T08:46:33+05:30
P-0003331,V-11,7,19.06121,72.951523,20.1,2026-06-15T08:46:40+05:30,2026-06-15T08:46:43+05:30
P-0003332,V-11,7,19.060978,72.950687,17.3,2026-06-15T08:46:50+05:30,2026-06-15T08:46:55+05:30
P-0003333,V-11,7,19.06118,72.950183,22.9,2026-06-15T08:47:00+05:30,2026-06-15T08:47:01+05:30
P-0003334,V-11,7,19.060767,72.949742,26.5,2026-06-15T08:47:10+05:30,2026-06-15T08:47:14+05:30
P-0003335,V-11,7,19.060888,72.94931,27.0,2026-06-15T08:47:20+05:30,2026-06-15T08:47:23+05:30
P-0003336,V-11,7,19.060368,72.949148,26.2,2026-06-15T08:47:30+05:30,2026-06-15T08:47:35+05:30
P-0003337,V-11,7,19.060476,72.948537,17.7,2026-06-15T08:47:40+05:30,2026-06-15T08:47:43+05:30
P-0003338,V-11,7,19.059945,72.947807,22.5,2026-06-15T08:47:50+05:30,2026-06-15T08:47:55+05:30
P-0003339,V-11,7,19.060215,72.947566,18.1,2026-06-15T08:48:00+05:30,2026-06-15T08:48:02+05:30
P-0003340,V-11,7,19.059881,72.946796,23.9,2026-06-15T08:48:10+05:30,2026-06-15T08:48:15+05:30
P-0003341,V-11,7,19.059598,72.946207,15.4,2026-06-15T08:48:20+05:30,2026-06-15T08:48:25+05:30
P-0003342,V-11,7,19.059604,72.946134,15.6,2026-06-15T08:48:30+05:30,2026-06-15T08:48:35+05:30
P-0003343,V-11,7,19.059274,72.945397,19.7,2026-06-15T08:48:40+05:30,2026-06-15T08:48:41+05:30
P-0003344,V-11,7,19.059127,72.944793,18.7,2026-06-15T08:48:50+05:30,2026-06-15T08:48:51+05:30
P-0003345,V-11,7,19.059362,72.944564,20.7,2026-06-15T08:49:00+05:30,2026-06-15T08:49:06+05:30
P-0003346,V-11,7,19.059086,72.943993,18.3,2026-06-15T08:49:10+05:30,2026-06-15T08:49:12+05:30
P-0003347,V-11,7,19.058955,72.94322,18.4,2026-06-15T08:49:20+05:30,2026-06-15T08:49:26+05:30
P-0003348,V-11,7,19.058544,72.942767,26.3,2026-06-15T08:49:30+05:30,2026-06-15T08:49:35+05:30
P-0003349,V-11,7,19.058532,72.942578,23.8,2026-06-15T08:49:40+05:30,2026-06-15T08:49:43+05:30
P-0003350,V-11,7,19.058527,72.941933,21.3,2026-06-15T08:49:50+05:30,2026-06-15T08:49:53+05:30
P-0003351,V-11,7,19.058282,72.941377,14.8,2026-06-15T08:50:00+05:30,2026-06-15T08:50:05+05:30
P-0003352,V-11,7,19.058355,72.940781,22.8,2026-06-15T08:50:10+05:30,2026-06-15T08:50:16+05:30
P-0003353,V-11,7,19.058099,72.940344,19.8,2026-06-15T08:50:20+05:30,2026-06-15T08:50:24+05:30
P-0003354,V-11,7,19.05806,72.940067,21.4,2026-06-15T08:50:30+05:30,2026-06-15T08:50:31+05:30
P-0003355,V-11,7,19.057834,72.939315,24.0,2026-06-15T08:50:40+05:30,2026-06-15T08:50:44+05:30
P-0003356,V-11,7,19.057542,72.939053,24.8,2026-06-15T08:50:50+05:30,2026-06-15T08:50:52+05:30
P-0003357,V-11,7,19.057598,72.938555,17.9,2026-06-15T08:51:00+05:30,2026-06-15T08:51:02+05:30
P-0003358,V-11,7,19.057461,72.93796,22.7,2026-06-15T08:51:10+05:30,2026-06-15T08:51:15+05:30
P-0003359,V-11,7,19.057225,72.937505,24.0,2026-06-15T08:51:20+05:30,2026-06-15T08:51:25+05:30
P-0003360,V-11,7,19.057317,72.93704,20.9,2026-06-15T08:51:30+05:30,2026-06-15T08:51:36+05:30
P-0003361,V-11,7,19.056858,72.936606,21.9,2026-06-15T08:51:40+05:30,2026-06-15T08:51:43+05:30
P-0003362,V-11,7,19.057108,72.935817,20.9,2026-06-15T08:51:50+05:30,2026-06-15T08:51:52+05:30
P-0003363,V-11,7,19.056903,72.93571,15.1,2026-06-15T08:52:00+05:30,2026-06-15T08:52:05+05:30
P-0003364,V-11,7,19.056667,72.934996,19.1,2026-06-15T08:52:10+05:30,2026-06-15T08:52:13+05:30
P-0003365,V-11,7,19.056676,72.934637,16.1,2026-06-15T08:52:20+05:30,2026-06-15T08:52:26+05:30
P-0003366,V-11,7,19.056206,72.934202,18.8,2026-06-15T08:52:30+05:30,2026-06-15T08:52:34+05:30
P-0003367,V-11,7,19.056084,72.933507,15.4,2026-06-15T08:52:40+05:30,2026-06-15T08:52:41+05:30
P-0003368,V-11,7,19.056298,72.933156,22.7,2026-06-15T08:52:50+05:30,2026-06-15T08:52:53+05:30
P-0003369,V-11,7,19.05619,72.932606,18.8,2026-06-15T08:53:00+05:30,2026-06-15T08:53:05+05:30
P-0003370,V-11,7,19.055785,72.932084,22.9,2026-06-15T08:53:10+05:30,2026-06-15T08:53:16+05:30
P-0003371,V-11,7,19.055835,72.93161,15.9,2026-06-15T08:53:20+05:30,2026-06-15T08:53:25+05:30
P-0003372,V-11,7,19.055504,72.930786,14.7,2026-06-15T08:53:30+05:30,2026-06-15T08:53:33+05:30
P-0003373,V-11,7,19.055291,72.930503,17.7,2026-06-15T08:53:40+05:30,2026-06-15T08:53:46+05:30
P-0003374,V-11,7,19.055423,72.92976,22.4,2026-06-15T08:53:50+05:30,2026-06-15T08:53:52+05:30
P-0003375,V-11,7,19.055426,72.9293,13.4,2026-06-15T08:54:00+05:30,2026-06-15T08:54:04+05:30
P-0003376,V-11,7,19.055118,72.928954,23.4,2026-06-15T08:54:10+05:30,2026-06-15T08:54:11+05:30
P-0003377,V-11,7,19.054973,72.928325,18.0,2026-06-15T08:54:20+05:30,2026-06-15T08:54:21+05:30
P-0003378,V-11,7,19.054709,72.927791,18.7,2026-06-15T08:54:30+05:30,2026-06-15T08:54:32+05:30
P-0003379,V-11,7,19.054413,72.927701,13.6,2026-06-15T08:54:40+05:30,2026-06-15T08:54:41+05:30
P-0003380,V-11,7,19.054401,72.926933,22.7,2026-06-15T08:54:50+05:30,2026-06-15T08:54:52+05:30
P-0003381,V-11,7,19.054471,72.926479,21.2,2026-06-15T08:55:00+05:30,2026-06-15T08:55:02+05:30
P-0003382,V-11,7,19.054498,72.925886,18.1,2026-06-15T08:55:10+05:30,2026-06-15T08:55:11+05:30
P-0003383,V-11,7,19.054269,72.925283,14.2,2026-06-15T08:55:20+05:30,2026-06-15T08:55:26+05:30
P-0003384,V-11,7,19.053775,72.924897,24.1,2026-06-15T08:55:30+05:30,2026-06-15T08:55:34+05:30
P-0003385,V-11,7,19.053952,72.924749,24.3,2026-06-15T08:55:40+05:30,2026-06-15T08:55:41+05:30
P-0003386,V-11,7,19.053484,72.923809,16.2,2026-06-15T08:55:50+05:30,2026-06-15T08:55:56+05:30
P-0003387,V-11,7,19.053619,72.923448,21.2,2026-06-15T08:56:00+05:30,2026-06-15T08:56:06+05:30
P-0003388,V-11,7,19.05363,72.922891,18.4,2026-06-15T08:56:10+05:30,2026-06-15T08:56:11+05:30
P-0003389,V-11,7,19.053313,72.922377,12.7,2026-06-15T08:56:20+05:30,2026-06-15T08:56:21+05:30
P-0003390,V-11,7,19.05335,72.922117,22.4,2026-06-15T08:56:30+05:30,2026-06-15T08:56:32+05:30
P-0003391,V-11,7,19.05284,72.921621,12.8,2026-06-15T08:56:40+05:30,2026-06-15T08:56:43+05:30
P-0003392,V-11,7,19.052682,72.921217,15.6,2026-06-15T08:56:50+05:30,2026-06-15T08:56:51+05:30
P-0003393,V-11,7,19.052646,72.920787,17.4,2026-06-15T08:57:00+05:30,2026-06-15T08:57:05+05:30
P-0003394,V-11,7,19.052647,72.919897,16.2,2026-06-15T08:57:10+05:30,2026-06-15T08:57:14+05:30
P-0003395,V-11,7,19.05224,72.919325,19.2,2026-06-15T08:57:20+05:30,2026-06-15T08:57:25+05:30
P-0003396,V-11,7,19.052397,72.9191,16.2,2026-06-15T08:57:30+05:30,2026-06-15T08:57:34+05:30
P-0003397,V-11,7,19.052136,72.91874,19.9,2026-06-15T08:57:40+05:30,2026-06-15T08:57:42+05:30
P-0003398,V-11,7,19.052068,72.918314,22.0,2026-06-15T08:57:50+05:30,2026-06-15T08:57:55+05:30
P-0003399,V-11,7,19.05177,72.917434,17.2,2026-06-15T08:58:00+05:30,2026-06-15T08:58:05+05:30
P-0003400,V-11,7,19.051752,72.917054,14.1,2026-06-15T08:58:10+05:30,2026-06-15T08:58:13+05:30
P-0003401,V-11,7,19.051376,72.916525,14.3,2026-06-15T08:58:20+05:30,2026-06-15T08:58:26+05:30
P-0003402,V-11,7,19.051387,72.916004,20.7,2026-06-15T08:58:30+05:30,2026-06-15T08:58:36+05:30
P-0003403,V-11,7,19.051018,72.91576,16.1,2026-06-15T08:58:40+05:30,2026-06-15T08:58:43+05:30
P-0003404,V-11,7,19.050841,72.915061,14.6,2026-06-15T08:58:50+05:30,2026-06-15T08:58:53+05:30
P-0003405,V-11,7,19.050621,72.914742,14.4,2026-06-15T08:59:00+05:30,2026-06-15T08:59:03+05:30
P-0003406,V-11,7,19.050405,72.914035,17.8,2026-06-15T08:59:10+05:30,2026-06-15T08:59:14+05:30
P-0003407,V-11,7,19.050213,72.913868,15.7,2026-06-15T08:59:20+05:30,2026-06-15T08:59:22+05:30
P-0003408,V-11,7,19.050161,72.913204,22.7,2026-06-15T08:59:30+05:30,2026-06-15T08:59:31+05:30
P-0003409,V-11,7,19.05014,72.91283,21.9,2026-06-15T08:59:40+05:30,2026-06-15T08:59:43+05:30
P-0003410,V-11,7,19.049818,72.912459,12.6,2026-06-15T08:59:50+05:30,2026-06-15T08:59:52+05:30
P-0003411,V-11,7,19.049826,72.9119,13.6,2026-06-15T09:00:00+05:30,2026-06-15T09:00:01+05:30
P-0003412,V-11,7,19.049507,72.911494,21.4,2026-06-15T09:00:10+05:30,2026-06-15T09:00:11+05:30
P-0003413,V-11,7,19.049146,72.910545,21.5,2026-06-15T09:00:20+05:30,2026-06-15T09:00:23+05:30
P-0003414,V-11,7,19.04931,72.910276,15.6,2026-06-15T09:00:30+05:30,2026-06-15T09:00:33+05:30
P-0003415,V-11,7,19.04886,72.909747,14.8,2026-06-15T09:00:40+05:30,2026-06-15T09:00:45+05:30
P-0003416,V-11,7,19.048949,72.90937,16.9,2026-06-15T09:00:50+05:30,2026-06-15T09:00:54+05:30
P-0003417,V-11,7,19.048606,72.908643,18.0,2026-06-15T09:01:00+05:30,2026-06-15T09:01:02+05:30
P-0003418,V-11,7,19.048553,72.908352,19.7,2026-06-15T09:01:10+05:30,2026-06-15T09:01:11+05:30
P-0003419,V-11,7,19.048334,72.907949,22.6,2026-06-15T09:01:20+05:30,2026-06-15T09:01:26+05:30
P-0003420,V-11,7,19.048101,72.907171,16.2,2026-06-15T09:01:30+05:30,2026-06-15T09:01:35+05:30
P-0003421,V-11,7,19.048174,72.906788,19.5,2026-06-15T09:01:40+05:30,2026-06-15T09:01:42+05:30
P-0003422,V-11,7,19.047798,72.906475,12.2,2026-06-15T09:01:50+05:30,2026-06-15T09:01:55+05:30
P-0003423,V-11,7,19.047484,72.906047,19.3,2026-06-15T09:02:00+05:30,2026-06-15T09:02:02+05:30
P-0003424,V-11,7,19.047528,72.905437,23.5,2026-06-15T09:02:10+05:30,2026-06-15T09:02:15+05:30
P-0003425,V-11,7,19.047327,72.905131,21.4,2026-06-15T09:02:20+05:30,2026-06-15T09:02:25+05:30
P-0003426,V-11,7,19.047304,72.904231,15.0,2026-06-15T09:02:30+05:30,2026-06-15T09:02:32+05:30
P-0003427,V-11,7,19.047079,72.90408,13.3,2026-06-15T09:02:40+05:30,2026-06-15T09:02:42+05:30
P-0003428,V-11,7,19.046655,72.903206,17.1,2026-06-15T09:02:50+05:30,2026-06-15T09:02:56+05:30
P-0003429,V-11,7,19.046949,72.9028,19.8,2026-06-15T09:03:00+05:30,2026-06-15T09:03:02+05:30
P-0003430,V-11,7,19.046555,72.902536,17.1,2026-06-15T09:03:10+05:30,2026-06-15T09:03:15+05:30
P-0003431,V-11,7,19.046489,72.901846,12.7,2026-06-15T09:03:20+05:30,2026-06-15T09:03:23+05:30
P-0003432,V-11,7,19.046267,72.901444,12.3,2026-06-15T09:03:30+05:30,2026-06-15T09:03:36+05:30
P-0003433,V-11,7,19.046081,72.901202,18.0,2026-06-15T09:03:40+05:30,2026-06-15T09:03:46+05:30
P-0003434,V-11,7,19.045658,72.900288,22.0,2026-06-15T09:03:50+05:30,2026-06-15T09:03:53+05:30
P-0003435,V-11,7,19.045882,72.899864,15.7,2026-06-15T09:04:00+05:30,2026-06-15T09:04:03+05:30
P-0003436,V-11,7,19.045407,72.899443,23.2,2026-06-15T09:04:10+05:30,2026-06-15T09:04:16+05:30
P-0003437,V-11,7,19.045502,72.899269,12.2,2026-06-15T09:04:20+05:30,2026-06-15T09:04:24+05:30
P-0003438,V-11,7,19.045365,72.898647,17.9,2026-06-15T09:04:30+05:30,2026-06-15T09:04:34+05:30
P-0003439,V-11,7,19.04514,72.897828,19.2,2026-06-15T09:04:40+05:30,2026-06-15T09:04:46+05:30
P-0003440,V-11,7,19.044982,72.897443,17.5,2026-06-15T09:04:50+05:30,2026-06-15T09:04:53+05:30
P-0003441,V-11,7,19.044597,72.897245,21.9,2026-06-15T09:05:00+05:30,2026-06-15T09:05:01+05:30
P-0003442,V-11,7,19.044625,72.896682,13.7,2026-06-15T09:05:10+05:30,2026-06-15T09:05:11+05:30
P-0003443,V-11,7,19.044596,72.896246,14.6,2026-06-15T09:05:20+05:30,2026-06-15T09:05:22+05:30
P-0003444,V-11,7,19.044019,72.895422,16.6,2026-06-15T09:05:30+05:30,2026-06-15T09:05:31+05:30
P-0003445,V-11,7,19.043956,72.895101,22.6,2026-06-15T09:05:40+05:30,2026-06-15T09:05:44+05:30
P-0003446,V-11,7,19.043883,72.894554,23.6,2026-06-15T09:05:50+05:30,2026-06-15T09:05:56+05:30
P-0003447,V-11,7,19.043785,72.893898,19.8,2026-06-15T09:06:00+05:30,2026-06-15T09:06:05+05:30
P-0003448,V-11,7,19.043493,72.893679,12.5,2026-06-15T09:06:10+05:30,2026-06-15T09:06:11+05:30
P-0003449,V-11,7,19.043643,72.893372,16.3,2026-06-15T09:06:20+05:30,2026-06-15T09:06:24+05:30
P-0003450,V-11,7,19.043554,72.89273,14.7,2026-06-15T09:06:30+05:30,2026-06-15T09:06:35+05:30
P-0003451,V-11,7,19.04298,72.891949,18.0,2026-06-15T09:06:40+05:30,2026-06-15T09:06:43+05:30
P-0003452,V-11,7,19.042838,72.891637,20.4,2026-06-15T09:06:50+05:30,2026-06-15T09:06:51+05:30
P-0003453,V-11,7,19.043074,72.891382,16.5,2026-06-15T09:07:00+05:30,2026-06-15T09:07:05+05:30
P-0003454,V-11,7,19.042807,72.890708,22.5,2026-06-15T09:07:10+05:30,2026-06-15T09:07:15+05:30
P-0003455,V-11,7,19.04262,72.890126,16.1,2026-06-15T09:07:20+05:30,2026-06-15T09:07:26+05:30
P-0003456,V-11,7,19.042588,72.889522,19.4,2026-06-15T09:07:30+05:30,2026-06-15T09:07:34+05:30
P-0003457,V-11,7,19.042363,72.889059,19.7,2026-06-15T09:07:40+05:30,2026-06-15T09:07:41+05:30
P-0003458,V-11,7,19.042159,72.888472,21.3,2026-06-15T09:07:50+05:30,2026-06-15T09:07:54+05:30
P-0003459,V-11,7,19.042152,72.887981,15.3,2026-06-15T09:08:00+05:30,2026-06-15T09:08:05+05:30
P-0003460,V-11,7,19.041764,72.887835,22.1,2026-06-15T09:08:10+05:30,2026-06-15T09:08:13+05:30
P-0003461,V-11,7,19.041493,72.887075,20.5,2026-06-15T09:08:20+05:30,2026-06-15T09:08:23+05:30
P-0003462,V-11,7,19.041511,72.886766,17.5,2026-06-15T09:08:30+05:30,2026-06-15T09:08:35+05:30
P-0003463,V-11,7,19.041353,72.886216,19.8,2026-06-15T09:08:40+05:30,2026-06-15T09:08:41+05:30
P-0003464,V-11,7,19.040937,72.88558,14.8,2026-06-15T09:08:50+05:30,2026-06-15T09:08:56+05:30
P-0003465,V-11,7,19.041162,72.885161,18.3,2026-06-15T09:09:00+05:30,2026-06-15T09:09:06+05:30
P-0003466,V-11,7,19.040827,72.884605,14.9,2026-06-15T09:09:10+05:30,2026-06-15T09:09:12+05:30
P-0003467,V-11,7,19.040511,72.884428,16.0,2026-06-15T09:09:20+05:30,2026-06-15T09:09:24+05:30
P-0003468,V-11,7,19.04051,72.883606,13.5,2026-06-15T09:09:30+05:30,2026-06-15T09:09:36+05:30
P-0003469,V-11,7,19.040373,72.883301,19.5,2026-06-15T09:09:40+05:30,2026-06-15T09:09:41+05:30
P-0003470,V-11,7,19.040201,72.883013,17.2,2026-06-15T09:09:50+05:30,2026-06-15T09:09:54+05:30
P-0003471,V-11,7,19.04021,72.882093,19.5,2026-06-15T09:10:00+05:30,2026-06-15T09:10:01+05:30
P-0003472,V-11,7,19.039996,72.881731,22.5,2026-06-15T09:10:10+05:30,2026-06-15T09:10:15+05:30
P-0003473,V-11,7,19.039807,72.881266,23.9,2026-06-15T09:10:20+05:30,2026-06-15T09:10:21+05:30
P-0003474,V-11,7,19.039452,72.880793,15.0,2026-06-15T09:10:30+05:30,2026-06-15T09:10:34+05:30
P-0003475,V-11,7,19.039705,72.880378,18.4,2026-06-15T09:10:40+05:30,2026-06-15T09:10:42+05:30
P-0003476,V-11,7,19.039505,72.879628,21.0,2026-06-15T09:10:50+05:30,2026-06-15T09:10:53+05:30
P-0003477,V-11,7,19.039362,72.879317,19.7,2026-06-15T09:11:00+05:30,2026-06-15T09:11:06+05:30
P-0003478,V-11,7,19.039268,72.879058,16.6,2026-06-15T09:11:10+05:30,2026-06-15T09:11:15+05:30
P-0003479,V-11,7,19.038706,72.878105,14.2,2026-06-15T09:11:20+05:30,2026-06-15T09:11:23+05:30
P-0003480,V-11,7,19.038736,72.877923,23.0,2026-06-15T09:11:30+05:30,2026-06-15T09:11:31+05:30
P-0003481,V-11,7,19.038534,72.877307,16.1,2026-06-15T09:11:40+05:30,2026-06-15T09:11:41+05:30
P-0003482,V-11,7,19.038243,72.877051,14.7,2026-06-15T09:11:50+05:30,2026-06-15T09:11:55+05:30
P-0003483,V-11,7,19.038264,72.876227,16.1,2026-06-15T09:12:00+05:30,2026-06-15T09:12:02+05:30
P-0003484,V-11,7,19.038275,72.875711,14.9,2026-06-15T09:12:10+05:30,2026-06-15T09:12:16+05:30
P-0003485,V-11,7,19.03792,72.875528,20.8,2026-06-15T09:12:20+05:30,2026-06-15T09:12:23+05:30
P-0003486,V-11,7,19.037826,72.875105,20.0,2026-06-15T09:12:30+05:30,2026-06-15T09:12:34+05:30
P-0003487,V-11,7,19.037729,72.874221,23.1,2026-06-15T09:12:40+05:30,2026-06-15T09:12:43+05:30
P-0003488,V-11,7,19.037534,72.873985,19.0,2026-06-15T09:12:50+05:30,2026-06-15T09:12:56+05:30
P-0003489,V-11,7,19.037367,72.873439,19.4,2026-06-15T09:13:00+05:30,2026-06-15T09:13:04+05:30
P-0003490,V-11,7,19.037052,72.873045,19.1,2026-06-15T09:13:10+05:30,2026-06-15T09:13:12+05:30
P-0003491,V-11,7,19.037018,72.872468,17.0,2026-06-15T09:13:20+05:30,2026-06-15T09:13:22+05:30
P-0003492,V-11,7,19.036917,72.872174,23.0,2026-06-15T09:13:30+05:30,2026-06-15T09:13:35+05:30
P-0003493,V-11,7,19.036993,72.87165,15.4,2026-06-15T09:13:40+05:30,2026-06-15T09:13:42+05:30
P-0003494,V-11,7,19.036516,72.870997,17.5,2026-06-15T09:13:50+05:30,2026-06-15T09:13:51+05:30
P-0003495,V-11,7,19.03663,72.870565,26.0,2026-06-15T09:14:00+05:30,2026-06-15T09:14:04+05:30
P-0003496,V-11,7,19.036124,72.869759,19.0,2026-06-15T09:14:10+05:30,2026-06-15T09:14:12+05:30
P-0003497,V-11,7,19.035962,72.86942,26.5,2026-06-15T09:14:20+05:30,2026-06-15T09:14:21+05:30
P-0003498,V-11,7,19.035881,72.868915,20.7,2026-06-15T09:14:30+05:30,2026-06-15T09:14:36+05:30
P-0003499,V-11,7,19.035685,72.868767,17.6,2026-06-15T09:14:40+05:30,2026-06-15T09:14:45+05:30
P-0003500,V-11,7,19.03551,72.867825,20.1,2026-06-15T09:14:50+05:30,2026-06-15T09:14:53+05:30
P-0003501,V-11,7,19.034987,72.867447,16.8,2026-06-15T09:15:00+05:30,2026-06-15T09:15:01+05:30
P-0003502,V-11,7,19.034913,72.867402,18.8,2026-06-15T09:15:10+05:30,2026-06-15T09:15:13+05:30
P-0003503,V-11,7,19.03472,72.866595,16.2,2026-06-15T09:15:20+05:30,2026-06-15T09:15:22+05:30
P-0003504,V-11,7,19.034576,72.866208,16.3,2026-06-15T09:15:30+05:30,2026-06-15T09:15:33+05:30
P-0003505,V-11,7,19.034092,72.865686,27.3,2026-06-15T09:15:40+05:30,2026-06-15T09:15:43+05:30
P-0003506,V-11,7,19.033776,72.865614,25.4,2026-06-15T09:15:50+05:30,2026-06-15T09:15:53+05:30
P-0003507,V-11,7,19.033501,72.864938,24.2,2026-06-15T09:16:00+05:30,2026-06-15T09:16:02+05:30
P-0003508,V-11,7,19.033461,72.864273,19.1,2026-06-15T09:16:10+05:30,2026-06-15T09:16:11+05:30
P-0003509,V-11,7,19.033261,72.864018,25.4,2026-06-15T09:16:20+05:30,2026-06-15T09:16:25+05:30
P-0003510,V-11,7,19.033193,72.863616,27.4,2026-06-15T09:16:30+05:30,2026-06-15T09:16:36+05:30
P-0003511,V-11,7,19.032497,72.863071,19.8,2026-06-15T09:16:40+05:30,2026-06-15T09:16:43+05:30
P-0003512,V-11,7,19.032297,72.862767,18.0,2026-06-15T09:16:50+05:30,2026-06-15T09:16:55+05:30
P-0003513,V-11,7,19.032427,72.86243,17.6,2026-06-15T09:17:00+05:30,2026-06-15T09:17:06+05:30
P-0003514,V-11,7,19.031807,72.861889,21.5,2026-06-15T09:17:10+05:30,2026-06-15T09:17:16+05:30
P-0003515,V-11,7,19.031877,72.861103,24.2,2026-06-15T09:17:20+05:30,2026-06-15T09:17:21+05:30
P-0003516,V-11,7,19.031228,72.860994,17.3,2026-06-15T09:17:30+05:30,2026-06-15T09:17:32+05:30
P-0003517,V-11,7,19.031259,72.860324,16.6,2026-06-15T09:17:40+05:30,2026-06-15T09:17:43+05:30
P-0003518,V-11,7,19.030849,72.859947,20.9,2026-06-15T09:17:50+05:30,2026-06-15T09:17:56+05:30
P-0003519,V-11,7,19.030648,72.859307,21.9,2026-06-15T09:18:00+05:30,2026-06-15T09:18:04+05:30
P-0003520,V-11,7,19.030229,72.859046,19.0,2026-06-15T09:18:10+05:30,2026-06-15T09:18:13+05:30
P-0003521,V-11,7,19.030206,72.858538,27.5,2026-06-15T09:18:20+05:30,2026-06-15T09:18:24+05:30
P-0003522,V-11,7,19.029721,72.858354,23.5,2026-06-15T09:18:30+05:30,2026-06-15T09:18:34+05:30
P-0003523,V-11,7,19.029856,72.857735,18.4,2026-06-15T09:18:40+05:30,2026-06-15T09:18:45+05:30
P-0003524,V-11,7,19.02942,72.857372,28.1,2026-06-15T09:18:50+05:30,2026-06-15T09:18:55+05:30
P-0003525,V-11,7,19.029215,72.85693,23.1,2026-06-15T09:19:00+05:30,2026-06-15T09:19:05+05:30
P-0003526,V-11,7,19.028952,72.856494,26.1,2026-06-15T09:19:10+05:30,2026-06-15T09:19:16+05:30
P-0003527,V-11,7,19.028726,72.855943,17.7,2026-06-15T09:19:20+05:30,2026-06-15T09:19:23+05:30
P-0003528,V-11,7,19.028399,72.85557,17.3,2026-06-15T09:19:30+05:30,2026-06-15T09:19:35+05:30
P-0003529,V-11,7,19.028022,72.855275,27.3,2026-06-15T09:19:40+05:30,2026-06-15T09:19:42+05:30
P-0003530,V-11,7,19.028049,72.854605,25.0,2026-06-15T09:19:50+05:30,2026-06-15T09:19:51+05:30
P-0003531,V-11,7,19.027777,72.854245,20.2,2026-06-15T09:20:00+05:30,2026-06-15T09:20:03+05:30
P-0003532,V-11,7,19.027348,72.853452,22.2,2026-06-15T09:20:10+05:30,2026-06-15T09:20:12+05:30
P-0003533,V-11,7,19.027004,72.853428,19.0,2026-06-15T09:20:20+05:30,2026-06-15T09:20:21+05:30
P-0003534,V-11,7,19.026645,72.852757,28.7,2026-06-15T09:20:30+05:30,2026-06-15T09:20:33+05:30
P-0003535,V-11,7,19.026676,72.852578,24.3,2026-06-15T09:20:40+05:30,2026-06-15T09:20:41+05:30
P-0003536,V-11,7,19.026381,72.851995,29.1,2026-06-15T09:20:50+05:30,2026-06-15T09:20:56+05:30
P-0003537,V-11,7,19.025882,72.851561,27.7,2026-06-15T09:21:00+05:30,2026-06-15T09:21:02+05:30
P-0003538,V-11,7,19.02588,72.851206,29.9,2026-06-15T09:21:10+05:30,2026-06-15T09:21:13+05:30
P-0003539,V-11,7,19.025802,72.850411,24.1,2026-06-15T09:21:20+05:30,2026-06-15T09:21:26+05:30
P-0003540,V-11,7,19.025514,72.850105,22.8,2026-06-15T09:21:30+05:30,2026-06-15T09:21:34+05:30
P-0003541,V-11,7,19.025144,72.849551,24.0,2026-06-15T09:21:40+05:30,2026-06-15T09:21:41+05:30
P-0003542,V-11,7,19.024839,72.849076,21.5,2026-06-15T09:21:50+05:30,2026-06-15T09:21:56+05:30
P-0003543,V-11,7,19.024412,72.848588,26.4,2026-06-15T09:22:00+05:30,2026-06-15T09:22:04+05:30
P-0003544,V-11,7,19.024327,72.848145,21.0,2026-06-15T09:22:10+05:30,2026-06-15T09:22:15+05:30
P-0003545,V-11,7,19.024143,72.847676,25.1,2026-06-15T09:22:20+05:30,2026-06-15T09:22:26+05:30
P-0003546,V-11,7,19.023716,72.847655,24.0,2026-06-15T09:22:30+05:30,2026-06-15T09:22:33+05:30
P-0003547,V-11,7,19.023584,72.846922,28.6,2026-06-15T09:22:40+05:30,2026-06-15T09:22:42+05:30
P-0003548,V-11,7,19.023042,72.846304,27.7,2026-06-15T09:22:50+05:30,2026-06-15T09:22:52+05:30
P-0003549,V-11,7,19.023083,72.846243,23.4,2026-06-15T09:23:00+05:30,2026-06-15T09:23:01+05:30
P-0003550,V-11,7,19.022965,72.845587,24.3,2026-06-15T09:23:10+05:30,2026-06-15T09:23:16+05:30
P-0003551,V-11,7,19.0226,72.84493,28.2,2026-06-15T09:23:20+05:30,2026-06-15T09:23:22+05:30
P-0003552,V-11,7,19.022706,72.844568,25.5,2026-06-15T09:23:30+05:30,2026-06-15T09:23:33+05:30
P-0003553,V-11,7,19.022728,72.844038,30.6,2026-06-15T09:23:40+05:30,2026-06-15T09:23:46+05:30
P-0003554,V-11,7,19.022235,72.843683,22.9,2026-06-15T09:23:50+05:30,2026-06-15T09:23:56+05:30
P-0003555,V-11,7,19.022455,72.842968,24.0,2026-06-15T09:24:00+05:30,2026-06-15T09:24:05+05:30
P-0003556,V-11,7,19.022002,72.842395,27.1,2026-06-15T09:24:10+05:30,2026-06-15T09:24:11+05:30
P-0003557,V-11,7,19.022316,72.842042,31.8,2026-06-15T09:24:20+05:30,2026-06-15T09:24:21+05:30
P-0003558,V-11,7,19.021961,72.841784,31.4,2026-06-15T09:24:30+05:30,2026-06-15T09:24:36+05:30
P-0003559,V-11,7,19.021862,72.841281,23.5,2026-06-15T09:24:40+05:30,2026-06-15T09:24:42+05:30
P-0003560,V-11,7,19.021652,72.840474,23.0,2026-06-15T09:24:50+05:30,2026-06-15T09:24:53+05:30
P-0003561,V-11,7,19.021655,72.840155,21.8,2026-06-15T09:25:00+05:30,2026-06-15T09:25:03+05:30
P-0003562,V-11,7,19.021734,72.839765,29.6,2026-06-15T09:25:10+05:30,2026-06-15T09:25:15+05:30
P-0003563,V-11,7,19.021407,72.83925,28.8,2026-06-15T09:25:20+05:30,2026-06-15T09:25:24+05:30
P-0003564,V-11,7,19.021651,72.838463,31.7,2026-06-15T09:25:30+05:30,2026-06-15T09:25:33+05:30
P-0003565,V-11,7,19.021452,72.837919,22.9,2026-06-15T09:25:40+05:30,2026-06-15T09:25:43+05:30
P-0003566,V-11,7,19.021209,72.837276,27.3,2026-06-15T09:25:50+05:30,2026-06-15T09:25:51+05:30
P-0003567,V-11,7,19.021315,72.83716,28.6,2026-06-15T09:26:00+05:30,2026-06-15T09:26:05+05:30
P-0003568,V-11,7,19.021221,72.836464,22.4,2026-06-15T09:26:10+05:30,2026-06-15T09:26:14+05:30
P-0003569,V-11,7,19.021144,72.836012,32.4,2026-06-15T09:26:20+05:30,2026-06-15T09:26:21+05:30
P-0003570,V-11,7,19.021234,72.835586,24.3,2026-06-15T09:26:30+05:30,2026-06-15T09:26:35+05:30
P-0003571,V-11,7,19.021155,72.834703,33.6,2026-06-15T09:26:40+05:30,2026-06-15T09:26:41+05:30
P-0003572,V-11,7,19.021039,72.834398,28.2,2026-06-15T09:26:50+05:30,2026-06-15T09:26:52+05:30
P-0003573,V-11,7,19.020904,72.833699,25.9,2026-06-15T09:27:00+05:30,2026-06-15T09:27:04+05:30
P-0003574,V-11,7,19.020835,72.833338,31.7,2026-06-15T09:27:10+05:30,2026-06-15T09:27:13+05:30
P-0003575,V-11,7,19.020613,72.832986,24.1,2026-06-15T09:27:20+05:30,2026-06-15T09:27:23+05:30
P-0003576,V-11,7,19.020255,72.832287,31.4,2026-06-15T09:27:30+05:30,2026-06-15T09:27:35+05:30
P-0003577,V-11,7,19.020193,72.831684,22.4,2026-06-15T09:27:40+05:30,2026-06-15T09:27:43+05:30
P-0003578,V-11,7,19.02039,72.831264,29.7,2026-06-15T09:27:50+05:30,2026-06-15T09:27:53+05:30
P-0003579,V-11,7,19.020068,72.831002,32.8,2026-06-15T09:28:00+05:30,2026-06-15T09:28:04+05:30
P-0003580,V-11,7,19.020103,72.830577,27.4,2026-06-15T09:28:10+05:30,2026-06-15T09:28:14+05:30
P-0003581,V-11,7,19.019968,72.829781,24.1,2026-06-15T09:28:20+05:30,2026-06-15T09:28:24+05:30
P-0003582,V-11,7,19.020149,72.829252,27.3,2026-06-15T09:28:30+05:30,2026-06-15T09:28:36+05:30
P-0003583,V-11,7,19.019811,72.828969,27.3,2026-06-15T09:28:40+05:30,2026-06-15T09:28:42+05:30
P-0003584,V-11,7,19.019717,72.828377,28.7,2026-06-15T09:28:50+05:30,2026-06-15T09:28:56+05:30
P-0003585,V-11,7,19.019794,72.827786,24.3,2026-06-15T09:29:00+05:30,2026-06-15T09:29:05+05:30
P-0003586,V-11,7,19.019742,72.827211,27.4,2026-06-15T09:29:10+05:30,2026-06-15T09:29:12+05:30
P-0003587,V-11,7,19.019762,72.826572,31.9,2026-06-15T09:29:20+05:30,2026-06-15T09:29:22+05:30
P-0003588,V-11,7,19.019475,72.826346,31.3,2026-06-15T09:29:30+05:30,2026-06-15T09:29:33+05:30
P-0003589,V-11,7,19.019514,72.825759,33.6,2026-06-15T09:29:40+05:30,2026-06-15T09:29:44+05:30
P-0003590,V-11,7,19.019226,72.825328,29.0,2026-06-15T09:29:50+05:30,2026-06-15T09:29:51+05:30
P-0003591,V-11,7,19.018927,72.824772,31.8,2026-06-15T09:30:00+05:30,2026-06-15T09:30:02+05:30
P-0003592,V-11,7,19.018898,72.824403,33.5,2026-06-15T09:30:10+05:30,2026-06-15T09:30:16+05:30
P-0003593,V-11,7,19.019046,72.823515,30.0,2026-06-15T09:30:20+05:30,2026-06-15T09:30:21+05:30
P-0003594,V-11,7,19.019116,72.823308,27.2,2026-06-15T09:30:30+05:30,2026-06-15T09:30:36+05:30
P-0003595,V-11,7,19.018804,72.822927,28.0,2026-06-15T09:30:40+05:30,2026-06-15T09:30:43+05:30
P-0003596,V-11,7,19.018967,72.822029,30.5,2026-06-15T09:30:50+05:30,2026-06-15T09:30:51+05:30
P-0003597,V-11,7,19.018539,72.821728,29.0,2026-06-15T09:31:00+05:30,2026-06-15T09:31:06+05:30
P-0003598,V-11,7,19.018438,72.821127,31.2,2026-06-15T09:31:10+05:30,2026-06-15T09:31:14+05:30
P-0003599,V-11,7,19.018527,72.820674,27.7,2026-06-15T09:31:20+05:30,2026-06-15T09:31:21+05:30
P-0003600,V-11,7,19.01838,72.820303,36.2,2026-06-15T09:31:30+05:30,2026-06-15T09:31:31+05:30
P-0003601,V-11,7,19.018485,72.819862,37.0,2026-06-15T09:31:40+05:30,2026-06-15T09:31:42+05:30
P-0003602,V-11,7,19.018124,72.819086,25.7,2026-06-15T09:31:50+05:30,2026-06-15T09:31:56+05:30
P-0003603,V-11,7,19.018222,72.818639,33.7,2026-06-15T09:32:00+05:30,2026-06-15T09:32:03+05:30
P-0003604,V-11,7,19.017909,72.818192,26.2,2026-06-15T09:32:10+05:30,2026-06-15T09:32:13+05:30
P-0003605,V-11,7,19.017717,72.817576,26.4,2026-06-15T09:32:20+05:30,2026-06-15T09:32:24+05:30
P-0003606,V-11,7,19.017683,72.816989,30.2,2026-06-15T09:32:30+05:30,2026-06-15T09:32:33+05:30
P-0003607,V-11,7,19.017573,72.816416,28.9,2026-06-15T09:32:40+05:30,2026-06-15T09:32:43+05:30
P-0003608,V-11,7,19.017729,72.81598,32.2,2026-06-15T09:32:50+05:30,2026-06-15T09:32:52+05:30
P-0003609,V-11,7,19.017456,72.815593,27.4,2026-06-15T09:33:00+05:30,2026-06-15T09:33:04+05:30
P-0003610,V-12,7,19.086117,72.908957,30.4,2026-06-15T08:45:00+05:30,2026-06-15T08:45:02+05:30
P-0003611,V-12,7,19.085768,72.908598,33.8,2026-06-15T08:45:10+05:30,2026-06-15T08:45:12+05:30
P-0003612,V-12,7,19.086129,72.908509,35.1,2026-06-15T08:45:20+05:30,2026-06-15T08:45:26+05:30
P-0003613,V-12,7,19.086037,72.908146,36.8,2026-06-15T08:45:30+05:30,2026-06-15T08:45:32+05:30
P-0003614,V-12,7,19.085887,72.90827,30.4,2026-06-15T08:45:40+05:30,2026-06-15T08:45:45+05:30
P-0003615,V-12,7,19.085747,72.908133,27.0,2026-06-15T08:45:50+05:30,2026-06-15T08:45:55+05:30
P-0003616,V-12,7,19.085725,72.908012,36.5,2026-06-15T08:46:00+05:30,2026-06-15T08:46:04+05:30
P-0003617,V-12,7,19.085985,72.90773,30.9,2026-06-15T08:46:10+05:30,2026-06-15T08:46:12+05:30
P-0003618,V-12,7,19.085956,72.907661,28.0,2026-06-15T08:46:20+05:30,2026-06-15T08:46:24+05:30
P-0003619,V-12,7,19.085994,72.90708,33.8,2026-06-15T08:46:30+05:30,2026-06-15T08:46:34+05:30
P-0003620,V-12,7,19.085972,72.907061,30.1,2026-06-15T08:46:40+05:30,2026-06-15T08:46:46+05:30
P-0003621,V-12,7,19.085856,72.907114,32.0,2026-06-15T08:46:50+05:30,2026-06-15T08:46:54+05:30
P-0003622,V-12,7,19.085778,72.906733,33.4,2026-06-15T08:47:00+05:30,2026-06-15T08:47:01+05:30
P-0003623,V-12,7,19.08568,72.906509,31.2,2026-06-15T08:47:10+05:30,2026-06-15T08:47:12+05:30
P-0003624,V-12,7,19.0855,72.906198,28.9,2026-06-15T08:47:20+05:30,2026-06-15T08:47:23+05:30
P-0003625,V-12,7,19.085416,72.906084,32.4,2026-06-15T08:47:30+05:30,2026-06-15T08:47:36+05:30
P-0003626,V-12,7,19.085456,72.905949,25.7,2026-06-15T08:47:40+05:30,2026-06-15T08:47:43+05:30
P-0003627,V-12,7,19.085745,72.905853,25.6,2026-06-15T08:47:50+05:30,2026-06-15T08:47:56+05:30
P-0003628,V-12,7,19.085631,72.905682,31.0,2026-06-15T08:48:00+05:30,2026-06-15T08:48:04+05:30
P-0003629,V-12,7,19.085793,72.905453,34.6,2026-06-15T08:48:10+05:30,2026-06-15T08:48:13+05:30
P-0003630,V-12,7,19.085663,72.905121,31.6,2026-06-15T08:48:20+05:30,2026-06-15T08:48:21+05:30
P-0003631,V-12,7,19.085471,72.904959,27.6,2026-06-15T08:48:30+05:30,2026-06-15T08:48:32+05:30
P-0003632,V-12,7,19.085439,72.904696,29.6,2026-06-15T08:48:40+05:30,2026-06-15T08:48:46+05:30
P-0003633,V-12,7,19.08567,72.904775,25.1,2026-06-15T08:48:50+05:30,2026-06-15T08:48:53+05:30
P-0003634,V-12,7,19.085666,72.904717,33.3,2026-06-15T08:49:00+05:30,2026-06-15T08:49:06+05:30
P-0003635,V-12,7,19.085345,72.904207,22.7,2026-06-15T08:49:10+05:30,2026-06-15T08:49:12+05:30
P-0003636,V-12,7,19.08558,72.904041,27.5,2026-06-15T08:49:20+05:30,2026-06-15T08:49:26+05:30
P-0003637,V-12,7,19.085268,72.904091,24.1,2026-06-15T08:49:30+05:30,2026-06-15T08:49:35+05:30
P-0003638,V-12,7,19.085208,72.903584,26.4,2026-06-15T08:49:40+05:30,2026-06-15T08:49:45+05:30
P-0003639,V-12,7,19.085452,72.903398,27.6,2026-06-15T08:49:50+05:30,2026-06-15T08:49:54+05:30
P-0003640,V-12,7,19.085115,72.903384,30.5,2026-06-15T08:50:00+05:30,2026-06-15T08:50:01+05:30
P-0003641,V-12,7,19.085409,72.90322,31.1,2026-06-15T08:50:10+05:30,2026-06-15T08:50:11+05:30
P-0003642,V-12,7,19.085296,72.903274,24.0,2026-06-15T08:50:20+05:30,2026-06-15T08:50:23+05:30
P-0003643,V-12,7,19.085139,72.902728,26.6,2026-06-15T08:50:30+05:30,2026-06-15T08:50:36+05:30
P-0003644,V-12,7,19.085313,72.902426,28.1,2026-06-15T08:50:40+05:30,2026-06-15T08:50:45+05:30
P-0003645,V-12,7,19.085273,72.902635,29.5,2026-06-15T08:50:50+05:30,2026-06-15T08:50:55+05:30
P-0003646,V-12,7,19.085044,72.902414,24.6,2026-06-15T08:51:00+05:30,2026-06-15T08:51:02+05:30
P-0003647,V-12,7,19.085094,72.901892,30.4,2026-06-15T08:51:10+05:30,2026-06-15T08:51:13+05:30
P-0003648,V-12,7,19.084904,72.902022,22.7,2026-06-15T08:51:20+05:30,2026-06-15T08:51:26+05:30
P-0003649,V-12,7,19.08492,72.901597,27.7,2026-06-15T08:51:30+05:30,2026-06-15T08:51:34+05:30
P-0003650,V-12,7,19.084822,72.90134,26.7,2026-06-15T08:51:40+05:30,2026-06-15T08:51:46+05:30
P-0003651,V-12,7,19.084926,72.901616,23.9,2026-06-15T08:51:50+05:30,2026-06-15T08:51:56+05:30
P-0003652,V-12,7,19.084791,72.901388,22.2,2026-06-15T08:52:00+05:30,2026-06-15T08:52:01+05:30
P-0003653,V-12,7,19.084912,72.901227,29.6,2026-06-15T08:52:10+05:30,2026-06-15T08:52:15+05:30
P-0003654,V-12,7,19.085177,72.901056,21.4,2026-06-15T08:52:20+05:30,2026-06-15T08:52:26+05:30
P-0003655,V-12,7,19.085092,72.900825,20.8,2026-06-15T08:52:30+05:30,2026-06-15T08:52:33+05:30
P-0003656,V-12,7,19.084967,72.900706,26.7,2026-06-15T08:52:40+05:30,2026-06-15T08:52:42+05:30
P-0003657,V-12,7,19.084908,72.900282,27.4,2026-06-15T08:52:50+05:30,2026-06-15T08:52:52+05:30
P-0003658,V-12,7,19.084988,72.899963,18.9,2026-06-15T08:53:00+05:30,2026-06-15T08:53:01+05:30
P-0003659,V-12,7,19.084983,72.899878,21.5,2026-06-15T08:53:10+05:30,2026-06-15T08:53:12+05:30
P-0003660,V-12,7,19.08493,72.899572,27.8,2026-06-15T08:53:20+05:30,2026-06-15T08:53:26+05:30
P-0003661,V-12,7,19.084626,72.899625,21.6,2026-06-15T08:53:30+05:30,2026-06-15T08:53:36+05:30
P-0003662,V-12,7,19.084821,72.899618,28.9,2026-06-15T08:53:40+05:30,2026-06-15T08:53:46+05:30
P-0003663,V-12,7,19.084815,72.8993,19.2,2026-06-15T08:53:50+05:30,2026-06-15T08:53:54+05:30
P-0003664,V-12,7,19.0845,72.89912,17.9,2026-06-15T08:54:00+05:30,2026-06-15T08:54:05+05:30
P-0003665,V-12,7,19.084447,72.898739,18.9,2026-06-15T08:54:10+05:30,2026-06-15T08:54:11+05:30
P-0003666,V-12,7,19.084413,72.898884,19.4,2026-06-15T08:54:20+05:30,2026-06-15T08:54:23+05:30
P-0003667,V-12,7,19.084317,72.898794,28.7,2026-06-15T08:54:30+05:30,2026-06-15T08:54:31+05:30
P-0003668,V-12,7,19.083929,72.898619,21.8,2026-06-15T08:54:40+05:30,2026-06-15T08:54:42+05:30
P-0003669,V-12,7,19.084116,72.89837,25.9,2026-06-15T08:54:50+05:30,2026-06-15T08:54:51+05:30
P-0003670,V-12,7,19.083808,72.898404,23.4,2026-06-15T08:55:00+05:30,2026-06-15T08:55:06+05:30
P-0003671,V-12,7,19.083742,72.897919,16.3,2026-06-15T08:55:10+05:30,2026-06-15T08:55:16+05:30
P-0003672,V-12,7,19.083878,72.898016,22.6,2026-06-15T08:55:20+05:30,2026-06-15T08:55:22+05:30
P-0003673,V-12,7,19.083657,72.897737,23.7,2026-06-15T08:55:30+05:30,2026-06-15T08:55:31+05:30
P-0003674,V-12,7,19.083423,72.897488,17.9,2026-06-15T08:55:40+05:30,2026-06-15T08:55:46+05:30
P-0003675,V-12,7,19.08316,72.897534,25.5,2026-06-15T08:55:50+05:30,2026-06-15T08:55:51+05:30
P-0003676,V-12,7,19.083356,72.897151,26.1,2026-06-15T08:56:00+05:30,2026-06-15T08:56:02+05:30
P-0003677,V-12,7,19.083156,72.897393,27.1,2026-06-15T08:56:10+05:30,2026-06-15T08:56:16+05:30
P-0003678,V-12,7,19.082791,72.897,17.9,2026-06-15T08:56:20+05:30,2026-06-15T08:56:23+05:30
P-0003679,V-12,7,19.082845,72.896734,17.0,2026-06-15T08:56:30+05:30,2026-06-15T08:56:31+05:30
P-0003680,V-12,7,19.082823,72.896802,26.8,2026-06-15T08:56:40+05:30,2026-06-15T08:56:44+05:30
P-0003681,V-12,7,19.082742,72.896829,18.8,2026-06-15T08:56:50+05:30,2026-06-15T08:56:54+05:30
P-0003682,V-12,7,19.082298,72.896393,19.0,2026-06-15T08:57:00+05:30,2026-06-15T08:57:05+05:30
P-0003683,V-12,7,19.082205,72.896239,19.8,2026-06-15T08:57:10+05:30,2026-06-15T08:57:12+05:30
P-0003684,V-12,7,19.082243,72.896427,25.6,2026-06-15T08:57:20+05:30,2026-06-15T08:57:25+05:30
P-0003685,V-12,7,19.082133,72.895956,25.1,2026-06-15T08:57:30+05:30,2026-06-15T08:57:31+05:30
P-0003686,V-12,7,19.082038,72.896001,24.4,2026-06-15T08:57:40+05:30,2026-06-15T08:57:43+05:30
P-0003687,V-12,7,19.082018,72.895893,19.9,2026-06-15T08:57:50+05:30,2026-06-15T08:57:51+05:30
P-0003688,V-12,7,19.081925,72.895643,22.0,2026-06-15T08:58:00+05:30,2026-06-15T08:58:03+05:30
P-0003689,V-12,7,19.081472,72.895549,14.9,2026-06-15T08:58:10+05:30,2026-06-15T08:58:12+05:30
P-0003690,V-12,7,19.081549,72.895296,19.2,2026-06-15T08:58:20+05:30,2026-06-15T08:58:22+05:30
P-0003691,V-12,7,19.081243,72.895275,21.7,2026-06-15T08:58:30+05:30,2026-06-15T08:58:35+05:30
P-0003692,V-12,7,19.081445,72.894964,23.9,2026-06-15T08:58:40+05:30,2026-06-15T08:58:41+05:30
P-0003693,V-12,7,19.081239,72.895044,19.1,2026-06-15T08:58:50+05:30,2026-06-15T08:58:56+05:30
P-0003694,V-12,7,19.08129,72.894731,15.7,2026-06-15T08:59:00+05:30,2026-06-15T08:59:02+05:30
P-0003695,V-12,7,19.081088,72.894848,14.6,2026-06-15T08:59:10+05:30,2026-06-15T08:59:14+05:30
P-0003696,V-12,7,19.080753,72.894516,24.9,2026-06-15T08:59:20+05:30,2026-06-15T08:59:22+05:30
P-0003697,V-12,7,19.080497,72.894183,19.6,2026-06-15T08:59:30+05:30,2026-06-15T08:59:31+05:30
P-0003698,V-12,7,19.080469,72.894145,21.5,2026-06-15T08:59:40+05:30,2026-06-15T08:59:44+05:30
P-0003699,V-12,7,19.080563,72.89392,21.6,2026-06-15T08:59:50+05:30,2026-06-15T08:59:56+05:30
P-0003700,V-12,7,19.08043,72.894017,15.4,2026-06-15T09:00:00+05:30,2026-06-15T09:00:06+05:30
P-0003701,V-12,7,19.08029,72.893727,18.5,2026-06-15T09:00:10+05:30,2026-06-15T09:00:11+05:30
P-0003702,V-12,7,19.079919,72.893664,17.3,2026-06-15T09:00:20+05:30,2026-06-15T09:00:22+05:30
P-0003703,V-12,7,19.079884,72.893332,24.4,2026-06-15T09:00:30+05:30,2026-06-15T09:00:35+05:30
P-0003704,V-12,7,19.079987,72.89316,17.8,2026-06-15T09:00:40+05:30,2026-06-15T09:00:43+05:30
P-0003705,V-12,7,19.079959,72.893044,21.9,2026-06-15T09:00:50+05:30,2026-06-15T09:00:52+05:30
P-0003706,V-12,7,19.079687,72.892899,24.0,2026-06-15T09:01:00+05:30,2026-06-15T09:01:06+05:30
P-0003707,V-12,7,19.07937,72.893005,16.5,2026-06-15T09:01:10+05:30,2026-06-15T09:01:13+05:30
P-0003708,V-12,7,19.079578,72.892834,18.2,2026-06-15T09:01:20+05:30,2026-06-15T09:01:26+05:30
P-0003709,V-12,7,19.079256,72.89275,22.6,2026-06-15T09:01:30+05:30,2026-06-15T09:01:31+05:30
P-0003710,V-12,7,19.079045,72.892668,23.8,2026-06-15T09:01:40+05:30,2026-06-15T09:01:43+05:30
P-0003711,V-12,7,19.079064,72.892244,16.2,2026-06-15T09:01:50+05:30,2026-06-15T09:01:53+05:30
P-0003712,V-12,7,19.07889,72.892385,21.3,2026-06-15T09:02:00+05:30,2026-06-15T09:02:01+05:30
P-0003713,V-12,7,19.078654,72.89217,16.3,2026-06-15T09:02:10+05:30,2026-06-15T09:02:16+05:30
P-0003714,V-12,7,19.078467,72.891841,20.0,2026-06-15T09:02:20+05:30,2026-06-15T09:02:21+05:30
P-0003715,V-12,7,19.078665,72.891802,18.2,2026-06-15T09:02:30+05:30,2026-06-15T09:02:33+05:30
P-0003716,V-12,7,19.078316,72.891488,21.2,2026-06-15T09:02:40+05:30,2026-06-15T09:02:41+05:30
P-0003717,V-12,7,19.078531,72.891439,20.6,2026-06-15T09:02:50+05:30,2026-06-15T09:02:52+05:30
P-0003718,V-12,7,19.077969,72.891528,23.6,2026-06-15T09:03:00+05:30,2026-06-15T09:03:05+05:30
P-0003719,V-12,7,19.078253,72.891456,20.1,2026-06-15T09:03:10+05:30,2026-06-15T09:03:12+05:30
P-0003720,V-12,7,19.077745,72.891115,18.8,2026-06-15T09:03:20+05:30,2026-06-15T09:03:25+05:30
P-0003721,V-12,7,19.077931,72.891042,17.9,2026-06-15T09:03:30+05:30,2026-06-15T09:03:33+05:30
P-0003722,V-12,7,19.078035,72.890602,14.9,2026-06-15T09:03:40+05:30,2026-06-15T09:03:46+05:30
P-0003723,V-12,7,19.077574,72.890858,21.9,2026-06-15T09:03:50+05:30,2026-06-15T09:03:53+05:30
P-0003724,V-12,7,19.07763,72.890666,17.4,2026-06-15T09:04:00+05:30,2026-06-15T09:04:04+05:30
P-0003725,V-12,7,19.077589,72.890073,16.0,2026-06-15T09:04:10+05:30,2026-06-15T09:04:14+05:30
P-0003726,V-12,7,19.077304,72.889979,23.0,2026-06-15T09:04:20+05:30,2026-06-15T09:04:25+05:30
P-0003727,V-12,7,19.07747,72.889849,13.4,2026-06-15T09:04:30+05:30,2026-06-15T09:04:35+05:30
P-0003728,V-12,7,19.077212,72.889844,21.2,2026-06-15T09:04:40+05:30,2026-06-15T09:04:42+05:30
P-0003729,V-12,7,19.077198,72.88987,13.0,2026-06-15T09:04:50+05:30,2026-06-15T09:04:52+05:30
P-0003730,V-12,7,19.077074,72.88949,22.6,2026-06-15T09:05:00+05:30,2026-06-15T09:05:05+05:30
P-0003731,V-12,7,19.077082,72.889345,18.3,2026-06-15T09:05:10+05:30,2026-06-15T09:05:11+05:30
P-0003732,V-12,7,19.076967,72.889148,20.3,2026-06-15T09:05:20+05:30,2026-06-15T09:05:22+05:30
P-0003733,V-12,7,19.076802,72.889082,13.9,2026-06-15T09:05:30+05:30,2026-06-15T09:05:34+05:30
P-0003734,V-12,7,19.076674,72.889006,23.1,2026-06-15T09:05:40+05:30,2026-06-15T09:05:42+05:30
P-0003735,V-12,7,19.076632,72.888406,23.3,2026-06-15T09:05:50+05:30,2026-06-15T09:05:55+05:30
P-0003736,V-12,7,19.076808,72.888577,16.1,2026-06-15T09:06:00+05:30,2026-06-15T09:06:02+05:30
P-0003737,V-12,7,19.076781,72.888354,21.2,2026-06-15T09:06:10+05:30,2026-06-15T09:06:12+05:30
P-0003738,V-12,7,19.076637,72.88821,16.1,2026-06-15T09:06:20+05:30,2026-06-15T09:06:22+05:30
P-0003739,V-12,7,19.076616,72.887752,13.9,2026-06-15T09:06:30+05:30,2026-06-15T09:06:32+05:30
P-0003740,V-12,7,19.076143,72.887817,16.8,2026-06-15T09:06:40+05:30,2026-06-15T09:06:46+05:30
P-0003741,V-12,7,19.07608,72.887663,16.6,2026-06-15T09:06:50+05:30,2026-06-15T09:06:53+05:30
P-0003742,V-12,7,19.076283,72.887385,18.5,2026-06-15T09:07:00+05:30,2026-06-15T09:07:01+05:30
P-0003743,V-12,7,19.076327,72.887422,15.6,2026-06-15T09:07:10+05:30,2026-06-15T09:07:15+05:30
P-0003744,V-12,7,19.075828,72.886941,15.3,2026-06-15T09:07:20+05:30,2026-06-15T09:07:23+05:30
P-0003745,V-12,7,19.076016,72.88701,21.7,2026-06-15T09:07:30+05:30,2026-06-15T09:07:36+05:30
P-0003746,V-12,7,19.075865,72.886892,13.6,2026-06-15T09:07:40+05:30,2026-06-15T09:07:44+05:30
P-0003747,V-12,7,19.076021,72.886588,16.3,2026-06-15T09:07:50+05:30,2026-06-15T09:07:53+05:30
P-0003748,V-12,7,19.075791,72.886405,21.0,2026-06-15T09:08:00+05:30,2026-06-15T09:08:06+05:30
P-0003749,V-12,7,19.075708,72.886242,17.0,2026-06-15T09:08:10+05:30,2026-06-15T09:08:11+05:30
P-0003750,V-12,7,19.075401,72.886018,12.9,2026-06-15T09:08:20+05:30,2026-06-15T09:08:24+05:30
P-0003751,V-12,7,19.075634,72.886092,22.2,2026-06-15T09:08:30+05:30,2026-06-15T09:08:33+05:30
P-0003752,V-12,7,19.075291,72.885717,21.3,2026-06-15T09:08:40+05:30,2026-06-15T09:08:43+05:30
P-0003753,V-12,7,19.075354,72.885711,21.4,2026-06-15T09:08:50+05:30,2026-06-15T09:08:54+05:30
P-0003754,V-12,7,19.075038,72.885663,13.3,2026-06-15T09:09:00+05:30,2026-06-15T09:09:04+05:30
P-0003755,V-12,7,19.074852,72.885201,15.9,2026-06-15T09:09:10+05:30,2026-06-15T09:09:13+05:30
P-0003756,V-12,7,19.074984,72.885396,14.8,2026-06-15T09:09:20+05:30,2026-06-15T09:09:25+05:30
P-0003757,V-12,7,19.075032,72.88522,15.6,2026-06-15T09:09:30+05:30,2026-06-15T09:09:33+05:30
P-0003758,V-12,7,19.07467,72.884676,14.3,2026-06-15T09:09:40+05:30,2026-06-15T09:09:46+05:30
P-0003759,V-12,7,19.074446,72.884871,21.9,2026-06-15T09:09:50+05:30,2026-06-15T09:09:52+05:30
P-0003760,V-12,7,19.074446,72.884837,15.4,2026-06-15T09:10:00+05:30,2026-06-15T09:10:06+05:30
P-0003761,V-12,7,19.074499,72.884668,22.0,2026-06-15T09:10:10+05:30,2026-06-15T09:10:16+05:30
P-0003762,V-12,7,19.074294,72.884182,14.1,2026-06-15T09:10:20+05:30,2026-06-15T09:10:21+05:30
P-0003763,V-12,7,19.074255,72.88393,22.5,2026-06-15T09:10:30+05:30,2026-06-15T09:10:35+05:30
P-0003764,V-12,7,19.074044,72.884011,16.7,2026-06-15T09:10:40+05:30,2026-06-15T09:10:46+05:30
P-0003765,V-12,7,19.074162,72.883985,23.6,2026-06-15T09:10:50+05:30,2026-06-15T09:10:53+05:30
P-0003766,V-12,7,19.074113,72.883718,14.5,2026-06-15T09:11:00+05:30,2026-06-15T09:11:03+05:30
P-0003767,V-12,7,19.074127,72.88369,13.7,2026-06-15T09:11:10+05:30,2026-06-15T09:11:16+05:30
P-0003768,V-12,7,19.073913,72.883135,24.4,2026-06-15T09:11:20+05:30,2026-06-15T09:11:21+05:30
P-0003769,V-12,7,19.073699,72.883173,24.2,2026-06-15T09:11:30+05:30,2026-06-15T09:11:36+05:30
P-0003770,V-12,7,19.073456,72.882942,18.2,2026-06-15T09:11:40+05:30,2026-06-15T09:11:46+05:30
P-0003771,V-12,7,19.073367,72.882757,17.1,2026-06-15T09:11:50+05:30,2026-06-15T09:11:51+05:30
P-0003772,V-12,7,19.073657,72.882585,15.2,2026-06-15T09:12:00+05:30,2026-06-15T09:12:06+05:30
P-0003773,V-12,7,19.073517,72.882509,14.6,2026-06-15T09:12:10+05:30,2026-06-15T09:12:12+05:30
P-0003774,V-12,7,19.073099,72.8826,19.0,2026-06-15T09:12:20+05:30,2026-06-15T09:12:21+05:30
P-0003775,V-12,7,19.07291,72.881985,18.7,2026-06-15T09:12:30+05:30,2026-06-15T09:12:35+05:30
P-0003776,V-12,7,19.072905,72.88216,21.4,2026-06-15T09:12:40+05:30,2026-06-15T09:12:42+05:30
P-0003777,V-12,7,19.072801,72.882033,25.4,2026-06-15T09:12:50+05:30,2026-06-15T09:12:56+05:30
P-0003778,V-12,7,19.072933,72.881568,24.9,2026-06-15T09:13:00+05:30,2026-06-15T09:13:04+05:30
P-0003779,V-12,7,19.072799,72.881735,15.1,2026-06-15T09:13:10+05:30,2026-06-15T09:13:14+05:30
P-0003780,V-12,7,19.072717,72.881428,17.8,2026-06-15T09:13:20+05:30,2026-06-15T09:13:25+05:30
P-0003781,V-12,7,19.072636,72.88119,25.7,2026-06-15T09:13:30+05:30,2026-06-15T09:13:33+05:30
P-0003782,V-12,7,19.072509,72.88132,18.2,2026-06-15T09:13:40+05:30,2026-06-15T09:13:46+05:30
P-0003783,V-12,7,19.072284,72.880958,16.9,2026-06-15T09:13:50+05:30,2026-06-15T09:13:53+05:30
P-0003784,V-12,7,19.072401,72.880652,22.3,2026-06-15T09:14:00+05:30,2026-06-15T09:14:01+05:30
P-0003785,V-12,7,19.072024,72.880857,20.0,2026-06-15T09:14:10+05:30,2026-06-15T09:14:13+05:30
P-0003786,V-12,7,19.072288,72.880706,24.3,2026-06-15T09:14:20+05:30,2026-06-15T09:14:24+05:30
P-0003787,V-12,7,19.072026,72.88059,17.9,2026-06-15T09:14:30+05:30,2026-06-15T09:14:32+05:30
P-0003788,V-12,7,19.071722,72.880353,21.3,2026-06-15T09:14:40+05:30,2026-06-15T09:14:43+05:30
P-0003789,V-12,7,19.071997,72.880151,15.8,2026-06-15T09:14:50+05:30,2026-06-15T09:14:52+05:30
P-0003790,V-12,7,19.071543,72.879963,24.3,2026-06-15T09:15:00+05:30,2026-06-15T09:15:05+05:30
P-0003791,V-12,7,19.071667,72.87987,17.0,2026-06-15T09:15:10+05:30,2026-06-15T09:15:11+05:30
P-0003792,V-12,7,19.071681,72.879541,26.0,2026-06-15T09:15:20+05:30,2026-06-15T09:15:26+05:30
P-0003793,V-12,7,19.071361,72.879518,26.3,2026-06-15T09:15:30+05:30,2026-06-15T09:15:33+05:30
P-0003794,V-12,7,19.071389,72.879359,25.6,2026-06-15T09:15:40+05:30,2026-06-15T09:15:44+05:30
P-0003795,V-12,7,19.07112,72.879156,16.4,2026-06-15T09:15:50+05:30,2026-06-15T09:15:56+05:30
P-0003796,V-12,7,19.071187,72.878828,21.6,2026-06-15T09:16:00+05:30,2026-06-15T09:16:02+05:30
P-0003797,V-12,7,19.070946,72.878766,19.8,2026-06-15T09:16:10+05:30,2026-06-15T09:16:13+05:30
P-0003798,V-12,7,19.070819,72.878614,18.1,2026-06-15T09:16:20+05:30,2026-06-15T09:16:23+05:30
P-0003799,V-12,7,19.070883,72.878217,23.8,2026-06-15T09:16:30+05:30,2026-06-15T09:16:33+05:30
P-0003800,V-12,7,19.070902,72.878253,22.6,2026-06-15T09:16:40+05:30,2026-06-15T09:16:43+05:30
P-0003801,V-12,7,19.070404,72.878267,24.4,2026-06-15T09:16:50+05:30,2026-06-15T09:16:51+05:30
P-0003802,V-12,7,19.070371,72.878036,17.6,2026-06-15T09:17:00+05:30,2026-06-15T09:17:01+05:30
P-0003803,V-12,7,19.070362,72.877791,17.2,2026-06-15T09:17:10+05:30,2026-06-15T09:17:14+05:30
P-0003804,V-12,7,19.070243,72.877581,20.5,2026-06-15T09:17:20+05:30,2026-06-15T09:17:22+05:30
P-0003805,V-12,7,19.070312,72.877485,19.6,2026-06-15T09:17:30+05:30,2026-06-15T09:17:35+05:30
P-0003806,V-12,7,19.07026,72.877075,24.4,2026-06-15T09:17:40+05:30,2026-06-15T09:17:42+05:30
P-0003807,V-12,7,19.06993,72.876995,21.3,2026-06-15T09:17:50+05:30,2026-06-15T09:17:54+05:30
P-0003808,V-12,7,19.07013,72.876964,21.8,2026-06-15T09:18:00+05:30,2026-06-15T09:18:02+05:30
P-0003809,V-12,7,19.06987,72.877027,25.2,2026-06-15T09:18:10+05:30,2026-06-15T09:18:16+05:30
P-0003810,V-12,7,19.069691,72.876654,23.2,2026-06-15T09:18:20+05:30,2026-06-15T09:18:25+05:30
P-0003811,V-12,7,19.069941,72.876352,26.5,2026-06-15T09:18:30+05:30,2026-06-15T09:18:32+05:30
P-0003812,V-12,7,19.069673,72.876248,29.0,2026-06-15T09:18:40+05:30,2026-06-15T09:18:41+05:30
P-0003813,V-12,7,19.069564,72.876234,26.3,2026-06-15T09:18:50+05:30,2026-06-15T09:18:54+05:30
P-0003814,V-12,7,19.069419,72.875761,23.3,2026-06-15T09:19:00+05:30,2026-06-15T09:19:06+05:30
P-0003815,V-12,7,19.069314,72.875798,21.6,2026-06-15T09:19:10+05:30,2026-06-15T09:19:13+05:30
P-0003816,V-12,7,19.069444,72.875584,22.7,2026-06-15T09:19:20+05:30,2026-06-15T09:19:22+05:30
P-0003817,V-12,7,19.069288,72.875431,26.7,2026-06-15T09:19:30+05:30,2026-06-15T09:19:31+05:30
P-0003818,V-12,7,19.069062,72.875473,28.5,2026-06-15T09:19:40+05:30,2026-06-15T09:19:45+05:30
P-0003819,V-12,7,19.06894,72.875152,28.8,2026-06-15T09:19:50+05:30,2026-06-15T09:19:54+05:30
P-0003820,V-12,7,19.068924,72.874812,23.8,2026-06-15T09:20:00+05:30,2026-06-15T09:20:06+05:30
P-0003821,V-12,7,19.069164,72.87464,21.3,2026-06-15T09:20:10+05:30,2026-06-15T09:20:11+05:30
P-0003822,V-12,7,19.068773,72.874584,23.0,2026-06-15T09:20:20+05:30,2026-06-15T09:20:26+05:30
P-0003823,V-12,7,19.068986,72.874392,20.9,2026-06-15T09:20:30+05:30,2026-06-15T09:20:32+05:30
P-0003824,V-12,7,19.068738,72.874465,31.8,2026-06-15T09:20:40+05:30,2026-06-15T09:20:46+05:30
P-0003825,V-12,7,19.06868,72.874312,26.1,2026-06-15T09:20:50+05:30,2026-06-15T09:20:54+05:30
P-0003826,V-12,7,19.068366,72.873874,31.5,2026-06-15T09:21:00+05:30,2026-06-15T09:21:06+05:30
P-0003827,V-12,7,19.068651,72.873797,21.2,2026-06-15T09:21:10+05:30,2026-06-15T09:21:11+05:30
P-0003828,V-12,7,19.068203,72.873758,32.0,2026-06-15T09:21:20+05:30,2026-06-15T09:21:25+05:30
P-0003829,V-12,7,19.068171,72.873531,26.1,2026-06-15T09:21:30+05:30,2026-06-15T09:21:34+05:30
P-0003830,V-12,7,19.068306,72.873156,24.0,2026-06-15T09:21:40+05:30,2026-06-15T09:21:45+05:30
P-0003831,V-12,7,19.06843,72.873067,26.4,2026-06-15T09:21:50+05:30,2026-06-15T09:21:52+05:30
P-0003832,V-12,7,19.068015,72.872779,31.6,2026-06-15T09:22:00+05:30,2026-06-15T09:22:03+05:30
P-0003833,V-12,7,19.068094,72.872858,33.9,2026-06-15T09:22:10+05:30,2026-06-15T09:22:13+05:30
P-0003834,V-12,7,19.067883,72.872519,27.8,2026-06-15T09:22:20+05:30,2026-06-15T09:22:21+05:30
P-0003835,V-12,7,19.067644,72.872494,26.7,2026-06-15T09:22:30+05:30,2026-06-15T09:22:32+05:30
P-0003836,V-12,7,19.06789,72.872215,33.8,2026-06-15T09:22:40+05:30,2026-06-15T09:22:44+05:30
P-0003837,V-12,7,19.067544,72.872273,27.2,2026-06-15T09:22:50+05:30,2026-06-15T09:22:55+05:30
P-0003838,V-12,7,19.067624,72.871961,32.9,2026-06-15T09:23:00+05:30,2026-06-15T09:23:04+05:30
P-0003839,V-12,7,19.06757,72.872006,29.0,2026-06-15T09:23:10+05:30,2026-06-15T09:23:15+05:30
P-0003840,V-12,7,19.067299,72.871441,30.7,2026-06-15T09:23:20+05:30,2026-06-15T09:23:26+05:30
P-0003841,V-12,7,19.067516,72.87173,30.6,2026-06-15T09:23:30+05:30,2026-06-15T09:23:34+05:30
P-0003842,V-12,7,19.067545,72.871509,26.3,2026-06-15T09:23:40+05:30,2026-06-15T09:23:43+05:30
P-0003843,V-12,7,19.067055,72.870965,32.8,2026-06-15T09:23:50+05:30,2026-06-15T09:23:56+05:30
P-0003844,V-12,7,19.067309,72.871061,32.4,2026-06-15T09:24:00+05:30,2026-06-15T09:24:01+05:30
P-0003845,V-12,7,19.067185,72.870599,35.7,2026-06-15T09:24:10+05:30,2026-06-15T09:24:15+05:30
P-0003846,V-12,7,19.067195,72.870898,32.5,2026-06-15T09:24:20+05:30,2026-06-15T09:24:24+05:30
P-0003847,V-12,7,19.066918,72.870489,31.8,2026-06-15T09:24:30+05:30,2026-06-15T09:24:34+05:30
P-0003848,V-12,7,19.067049,72.870278,25.7,2026-06-15T09:24:40+05:30,2026-06-15T09:24:45+05:30
P-0003849,V-12,7,19.066544,72.87013,35.9,2026-06-15T09:24:50+05:30,2026-06-15T09:24:51+05:30
P-0003850,V-12,7,19.066585,72.869833,35.9,2026-06-15T09:25:00+05:30,2026-06-15T09:25:01+05:30
P-0003851,V-12,7,19.066677,72.869722,32.1,2026-06-15T09:25:10+05:30,2026-06-15T09:25:13+05:30
P-0003852,V-12,7,19.066517,72.869783,26.1,2026-06-15T09:25:20+05:30,2026-06-15T09:25:25+05:30
P-0003853,V-12,7,19.066209,72.869692,31.7,2026-06-15T09:25:30+05:30,2026-06-15T09:25:35+05:30
P-0003854,V-12,7,19.066169,72.869098,34.3,2026-06-15T09:25:40+05:30,2026-06-15T09:25:44+05:30
P-0003855,V-12,7,19.066299,72.868997,37.8,2026-06-15T09:25:50+05:30,2026-06-15T09:25:54+05:30
P-0003856,V-12,7,19.066199,72.86909,33.0,2026-06-15T09:26:00+05:30,2026-06-15T09:26:06+05:30
P-0003857,V-06,5,19.228893,72.85646,36.7,2026-06-15T08:00:00+05:30,2026-06-15T08:00:05+05:30
P-0003858,V-06,5,19.228653,72.856814,37.8,2026-06-15T08:00:10+05:30,2026-06-15T08:00:14+05:30
P-0003859,V-06,5,19.228301,72.856653,29.7,2026-06-15T08:00:20+05:30,2026-06-15T08:00:24+05:30
P-0003860,V-06,5,19.228184,72.856786,25.9,2026-06-15T08:00:30+05:30,2026-06-15T08:00:33+05:30
P-0003861,V-06,5,19.227472,72.856806,33.1,2026-06-15T08:00:40+05:30,2026-06-15T08:00:41+05:30
P-0003862,V-06,5,19.227242,72.856787,34.3,2026-06-15T08:00:50+05:30,2026-06-15T08:00:52+05:30
P-0003863,V-06,5,19.227289,72.856932,29.1,2026-06-15T08:01:00+05:30,2026-06-15T08:01:05+05:30
P-0003864,V-06,5,19.2267,72.856956,33.1,2026-06-15T08:01:10+05:30,2026-06-15T08:01:14+05:30
P-0003865,V-06,5,19.226282,72.856988,34.4,2026-06-15T08:01:20+05:30,2026-06-15T08:01:26+05:30
P-0003866,V-06,5,19.225963,72.857107,28.1,2026-06-15T08:01:30+05:30,2026-06-15T08:01:34+05:30
P-0003867,V-06,5,19.225783,72.856885,35.3,2026-06-15T08:01:40+05:30,2026-06-15T08:01:45+05:30
P-0003868,V-06,5,19.225462,72.857032,33.0,2026-06-15T08:01:50+05:30,2026-06-15T08:01:52+05:30
P-0003869,V-06,5,19.225058,72.857383,26.5,2026-06-15T08:02:00+05:30,2026-06-15T08:02:04+05:30
P-0003870,V-06,5,19.224588,72.856957,26.0,2026-06-15T08:02:10+05:30,2026-06-15T08:02:13+05:30
P-0003871,V-06,5,19.224538,72.857267,34.0,2026-06-15T08:02:20+05:30,2026-06-15T08:02:23+05:30
P-0003872,V-06,5,19.224252,72.857461,29.7,2026-06-15T08:02:30+05:30,2026-06-15T08:02:34+05:30
P-0003873,V-06,5,19.223841,72.857307,33.5,2026-06-15T08:02:40+05:30,2026-06-15T08:02:41+05:30
P-0003874,V-06,5,19.223565,72.85745,26.9,2026-06-15T08:02:50+05:30,2026-06-15T08:02:56+05:30
P-0003875,V-06,5,19.22339,72.857439,24.7,2026-06-15T08:03:00+05:30,2026-06-15T08:03:05+05:30
P-0003876,V-06,5,19.222694,72.85733,27.8,2026-06-15T08:03:10+05:30,2026-06-15T08:03:14+05:30
P-0003877,V-06,5,19.222503,72.857347,30.9,2026-06-15T08:03:20+05:30,2026-06-15T08:03:23+05:30
P-0003878,V-06,5,19.222143,72.857506,35.9,2026-06-15T08:03:30+05:30,2026-06-15T08:03:34+05:30
P-0003879,V-06,5,19.222087,72.857564,33.3,2026-06-15T08:03:40+05:30,2026-06-15T08:03:45+05:30
P-0003880,V-06,5,19.221541,72.857399,27.9,2026-06-15T08:03:50+05:30,2026-06-15T08:03:54+05:30
P-0003881,V-06,5,19.221166,72.857656,25.3,2026-06-15T08:04:00+05:30,2026-06-15T08:04:06+05:30
P-0003882,V-06,5,19.221043,72.857527,30.7,2026-06-15T08:04:10+05:30,2026-06-15T08:04:11+05:30
P-0003883,V-06,5,19.220426,72.857615,27.3,2026-06-15T08:04:20+05:30,2026-06-15T08:04:25+05:30
P-0003884,V-06,5,19.22049,72.857541,30.5,2026-06-15T08:04:30+05:30,2026-06-15T08:04:34+05:30
P-0003885,V-06,5,19.219754,72.857585,27.9,2026-06-15T08:04:40+05:30,2026-06-15T08:04:43+05:30
P-0003886,V-06,5,19.219682,72.857979,27.6,2026-06-15T08:04:50+05:30,2026-06-15T08:04:55+05:30
P-0003887,V-06,5,19.219209,72.857999,28.0,2026-06-15T08:05:00+05:30,2026-06-15T08:05:04+05:30
P-0003888,V-06,5,19.218788,72.857947,34.7,2026-06-15T08:05:10+05:30,2026-06-15T08:05:11+05:30
P-0003889,V-06,5,19.218574,72.85797,29.9,2026-06-15T08:05:20+05:30,2026-06-15T08:05:23+05:30
P-0003890,V-06,5,19.218252,72.85806,24.8,2026-06-15T08:05:30+05:30,2026-06-15T08:05:33+05:30
P-0003891,V-06,5,19.217997,72.857808,32.5,2026-06-15T08:05:40+05:30,2026-06-15T08:05:45+05:30
P-0003892,V-06,5,19.217783,72.858189,28.1,2026-06-15T08:05:50+05:30,2026-06-15T08:05:55+05:30
P-0003893,V-06,5,19.217567,72.857789,23.6,2026-06-15T08:06:00+05:30,2026-06-15T08:06:04+05:30
P-0003894,V-06,5,19.217099,72.857862,29.1,2026-06-15T08:06:10+05:30,2026-06-15T08:06:16+05:30
P-0003895,V-06,5,19.216898,72.857917,28.6,2026-06-15T08:06:20+05:30,2026-06-15T08:06:26+05:30
P-0003896,V-06,5,19.216455,72.857952,31.3,2026-06-15T08:06:30+05:30,2026-06-15T08:06:32+05:30
P-0003897,V-06,5,19.216267,72.858402,29.3,2026-06-15T08:06:40+05:30,2026-06-15T08:06:42+05:30
P-0003898,V-06,5,19.215954,72.858021,32.2,2026-06-15T08:06:50+05:30,2026-06-15T08:06:55+05:30
P-0003899,V-06,5,19.215593,72.858381,26.2,2026-06-15T08:07:00+05:30,2026-06-15T08:07:01+05:30
P-0003900,V-06,5,19.214932,72.858378,30.3,2026-06-15T08:07:10+05:30,2026-06-15T08:07:14+05:30
P-0003901,V-06,5,19.214802,72.858528,23.4,2026-06-15T08:07:20+05:30,2026-06-15T08:07:22+05:30
P-0003902,V-06,5,19.214332,72.858454,23.6,2026-06-15T08:07:30+05:30,2026-06-15T08:07:34+05:30
P-0003903,V-06,5,19.214005,72.858593,30.6,2026-06-15T08:07:40+05:30,2026-06-15T08:07:41+05:30
P-0003904,V-06,5,19.213739,72.858574,33.9,2026-06-15T08:07:50+05:30,2026-06-15T08:07:53+05:30
P-0003905,V-06,5,19.213649,72.858482,31.7,2026-06-15T08:08:00+05:30,2026-06-15T08:08:06+05:30
P-0003906,V-06,5,19.212944,72.858634,33.1,2026-06-15T08:08:10+05:30,2026-06-15T08:08:11+05:30
P-0003907,V-06,5,19.212785,72.858358,27.5,2026-06-15T08:08:20+05:30,2026-06-15T08:08:21+05:30
P-0003908,V-06,5,19.212331,72.85884,26.6,2026-06-15T08:08:30+05:30,2026-06-15T08:08:31+05:30
P-0003909,V-06,5,19.212347,72.858608,25.1,2026-06-15T08:08:40+05:30,2026-06-15T08:08:42+05:30
P-0003910,V-06,5,19.211704,72.858823,21.8,2026-06-15T08:08:50+05:30,2026-06-15T08:08:55+05:30
P-0003911,V-06,5,19.211478,72.858479,30.9,2026-06-15T08:09:00+05:30,2026-06-15T08:09:01+05:30
P-0003912,V-06,5,19.211294,72.858758,26.1,2026-06-15T08:09:10+05:30,2026-06-15T08:09:16+05:30
P-0003913,V-06,5,19.210988,72.85883,27.0,2026-06-15T08:09:20+05:30,2026-06-15T08:09:21+05:30
P-0003914,V-06,5,19.210453,72.858575,32.6,2026-06-15T08:09:30+05:30,2026-06-15T08:09:33+05:30
P-0003915,V-06,5,19.210528,72.858682,21.7,2026-06-15T08:09:40+05:30,2026-06-15T08:09:43+05:30
P-0003916,V-06,5,19.209983,72.85876,22.4,2026-06-15T08:09:50+05:30,2026-06-15T08:09:56+05:30
P-0003917,V-06,5,19.209645,72.85903,21.7,2026-06-15T08:10:00+05:30,2026-06-15T08:10:01+05:30
P-0003918,V-06,5,19.2093,72.859038,32.4,2026-06-15T08:10:10+05:30,2026-06-15T08:10:11+05:30
P-0003919,V-06,5,19.209035,72.858893,25.5,2026-06-15T08:10:20+05:30,2026-06-15T08:10:21+05:30
P-0003920,V-06,5,19.208748,72.85896,29.4,2026-06-15T08:10:30+05:30,2026-06-15T08:10:34+05:30
P-0003921,V-06,5,19.208179,72.858984,22.5,2026-06-15T08:10:40+05:30,2026-06-15T08:10:41+05:30
P-0003922,V-06,5,19.207881,72.858878,25.0,2026-06-15T08:10:50+05:30,2026-06-15T08:10:55+05:30
P-0003923,V-06,5,19.207628,72.85928,23.0,2026-06-15T08:11:00+05:30,2026-06-15T08:11:04+05:30
P-0003924,V-06,5,19.207334,72.859338,26.5,2026-06-15T08:11:10+05:30,2026-06-15T08:11:16+05:30
P-0003925,V-06,5,19.207272,72.859163,27.0,2026-06-15T08:11:20+05:30,2026-06-15T08:11:24+05:30
P-0003926,V-06,5,19.206586,72.859173,22.6,2026-06-15T08:11:30+05:30,2026-06-15T08:11:33+05:30
P-0003927,V-06,5,19.206588,72.859117,20.6,2026-06-15T08:11:40+05:30,2026-06-15T08:11:44+05:30
P-0003928,V-06,5,19.206329,72.859191,27.8,2026-06-15T08:11:50+05:30,2026-06-15T08:11:53+05:30
P-0003929,V-06,5,19.205988,72.859503,20.6,2026-06-15T08:12:00+05:30,2026-06-15T08:12:04+05:30
P-0003930,V-06,5,19.205485,72.85921,30.2,2026-06-15T08:12:10+05:30,2026-06-15T08:12:13+05:30
P-0003931,V-06,5,19.205214,72.859179,27.4,2026-06-15T08:12:20+05:30,2026-06-15T08:12:24+05:30
P-0003932,V-06,5,19.204539,72.859208,26.9,2026-06-15T08:12:30+05:30,2026-06-15T08:12:33+05:30
P-0003933,V-06,5,19.204378,72.85931,30.6,2026-06-15T08:12:40+05:30,2026-06-15T08:12:44+05:30
P-0003934,V-06,5,19.204241,72.859268,24.2,2026-06-15T08:12:50+05:30,2026-06-15T08:12:55+05:30
P-0003935,V-06,5,19.203797,72.859681,23.1,2026-06-15T08:13:00+05:30,2026-06-15T08:13:04+05:30
P-0003936,V-06,5,19.203685,72.859704,20.5,2026-06-15T08:13:10+05:30,2026-06-15T08:13:15+05:30
P-0003937,V-06,5,19.203058,72.85951,27.3,2026-06-15T08:13:20+05:30,2026-06-15T08:13:26+05:30
P-0003938,V-06,5,19.202906,72.859305,24.4,2026-06-15T08:13:30+05:30,2026-06-15T08:13:33+05:30
P-0003939,V-06,5,19.202464,72.859313,22.2,2026-06-15T08:13:40+05:30,2026-06-15T08:13:43+05:30
P-0003940,V-06,5,19.201964,72.859449,25.4,2026-06-15T08:13:50+05:30,2026-06-15T08:13:56+05:30
P-0003941,V-06,5,19.202015,72.859471,26.0,2026-06-15T08:14:00+05:30,2026-06-15T08:14:06+05:30
P-0003942,V-06,5,19.20161,72.85954,29.9,2026-06-15T08:14:10+05:30,2026-06-15T08:14:14+05:30
P-0003943,V-06,5,19.201461,72.859466,24.7,2026-06-15T08:14:20+05:30,2026-06-15T08:14:24+05:30
P-0003944,V-06,5,19.20112,72.859658,28.9,2026-06-15T08:14:30+05:30,2026-06-15T08:14:36+05:30
P-0003945,V-06,5,19.200379,72.859573,24.2,2026-06-15T08:14:40+05:30,2026-06-15T08:14:44+05:30
P-0003946,V-06,5,19.200219,72.859725,26.6,2026-06-15T08:14:50+05:30,2026-06-15T08:14:52+05:30
P-0003947,V-06,5,19.200174,72.859989,30.0,2026-06-15T08:15:00+05:30,2026-06-15T08:15:03+05:30
P-0003948,V-06,5,19.199722,72.859967,28.8,2026-06-15T08:15:10+05:30,2026-06-15T08:15:14+05:30
P-0003949,V-06,5,19.19946,72.859772,23.9,2026-06-15T08:15:20+05:30,2026-06-15T08:15:24+05:30
P-0003950,V-06,5,19.199198,72.859651,27.9,2026-06-15T08:15:30+05:30,2026-06-15T08:15:35+05:30
P-0003951,V-06,5,19.198595,72.859754,21.2,2026-06-15T08:15:40+05:30,2026-06-15T08:15:41+05:30
P-0003952,V-06,5,19.198183,72.859796,30.0,2026-06-15T08:15:50+05:30,2026-06-15T08:15:51+05:30
P-0003953,V-06,5,19.198121,72.859876,23.9,2026-06-15T08:16:00+05:30,2026-06-15T08:16:01+05:30
P-0003954,V-06,5,19.1977,72.860164,19.5,2026-06-15T08:16:10+05:30,2026-06-15T08:16:12+05:30
P-0003955,V-06,5,19.19753,72.860012,29.4,2026-06-15T08:16:20+05:30,2026-06-15T08:16:23+05:30
P-0003956,V-06,5,19.197073,72.860087,20.3,2026-06-15T08:16:30+05:30,2026-06-15T08:16:34+05:30
P-0003957,V-06,5,19.196826,72.86005,28.8,2026-06-15T08:16:40+05:30,2026-06-15T08:16:45+05:30
P-0003958,V-06,5,19.196373,72.860255,22.9,2026-06-15T08:16:50+05:30,2026-06-15T08:16:51+05:30
P-0003959,V-06,5,19.195874,72.859922,25.9,2026-06-15T08:17:00+05:30,2026-06-15T08:17:04+05:30
P-0003960,V-06,5,19.195805,72.860345,20.4,2026-06-15T08:17:10+05:30,2026-06-15T08:17:16+05:30
P-0003961,V-06,5,19.195458,72.859932,28.0,2026-06-15T08:17:20+05:30,2026-06-15T08:17:26+05:30
P-0003962,V-06,5,19.194916,72.860401,18.0,2026-06-15T08:17:30+05:30,2026-06-15T08:17:36+05:30
P-0003963,V-06,5,19.194544,72.860091,25.0,2026-06-15T08:17:40+05:30,2026-06-15T08:17:44+05:30
P-0003964,V-06,5,19.194454,72.860204,17.6,2026-06-15T08:17:50+05:30,2026-06-15T08:17:52+05:30
P-0003965,V-06,5,19.193894,72.860135,18.1,2026-06-15T08:18:00+05:30,2026-06-15T08:18:04+05:30
P-0003966,V-06,5,19.193562,72.860214,20.5,2026-06-15T08:18:10+05:30,2026-06-15T08:18:16+05:30
P-0003967,V-06,5,19.193263,72.860397,22.1,2026-06-15T08:18:20+05:30,2026-06-15T08:18:22+05:30
P-0003968,V-06,5,19.192922,72.860306,26.7,2026-06-15T08:18:30+05:30,2026-06-15T08:18:33+05:30
P-0003969,V-06,5,19.1927,72.860414,23.0,2026-06-15T08:18:40+05:30,2026-06-15T08:18:41+05:30
P-0003970,V-06,5,19.192697,72.860525,17.9,2026-06-15T08:18:50+05:30,2026-06-15T08:18:54+05:30
P-0003971,V-06,5,19.191971,72.860182,22.9,2026-06-15T08:19:00+05:30,2026-06-15T08:19:06+05:30
P-0003972,V-06,5,19.191898,72.860204,21.6,2026-06-15T08:19:10+05:30,2026-06-15T08:19:15+05:30
P-0003973,V-06,5,19.191497,72.860646,21.1,2026-06-15T08:19:20+05:30,2026-06-15T08:19:26+05:30
P-0003974,V-06,5,19.191048,72.860363,24.6,2026-06-15T08:19:30+05:30,2026-06-15T08:19:33+05:30
P-0003975,V-06,5,19.19101,72.860353,28.2,2026-06-15T08:19:40+05:30,2026-06-15T08:19:42+05:30
P-0003976,V-06,5,19.190295,72.860441,17.4,2026-06-15T08:19:50+05:30,2026-06-15T08:19:55+05:30
P-0003977,V-06,5,19.190114,72.86053,19.5,2026-06-15T08:20:00+05:30,2026-06-15T08:20:03+05:30
P-0003978,V-06,5,19.189827,72.860425,16.5,2026-06-15T08:20:10+05:30,2026-06-15T08:20:11+05:30
P-0003979,V-06,5,19.189621,72.860722,16.9,2026-06-15T08:20:20+05:30,2026-06-15T08:20:26+05:30
P-0003980,V-06,5,19.189004,72.860529,26.3,2026-06-15T08:20:30+05:30,2026-06-15T08:20:32+05:30
P-0003981,V-06,5,19.189039,72.860836,17.3,2026-06-15T08:20:40+05:30,2026-06-15T08:20:45+05:30
P-0003982,V-06,5,19.188541,72.860719,25.1,2026-06-15T08:20:50+05:30,2026-06-15T08:20:56+05:30
P-0003983,V-06,5,19.188285,72.860852,20.4,2026-06-15T08:21:00+05:30,2026-06-15T08:21:05+05:30
P-0003984,V-06,5,19.187947,72.860704,26.7,2026-06-15T08:21:10+05:30,2026-06-15T08:21:11+05:30
P-0003985,V-06,5,19.187545,72.860914,22.1,2026-06-15T08:21:20+05:30,2026-06-15T08:21:24+05:30
P-0003986,V-06,5,19.187478,72.860645,20.9,2026-06-15T08:21:30+05:30,2026-06-15T08:21:36+05:30
P-0003987,V-06,5,19.18718,72.860884,25.8,2026-06-15T08:21:40+05:30,2026-06-15T08:21:45+05:30
P-0003988,V-06,5,19.186502,72.86086,26.8,2026-06-15T08:21:50+05:30,2026-06-15T08:21:54+05:30
P-0003989,V-06,5,19.186556,72.86066,25.6,2026-06-15T08:22:00+05:30,2026-06-15T08:22:06+05:30
P-0003990,V-06,5,19.186216,72.860941,22.1,2026-06-15T08:22:10+05:30,2026-06-15T08:22:11+05:30
P-0003991,V-06,5,19.185846,72.860852,25.0,2026-06-15T08:22:20+05:30,2026-06-15T08:22:25+05:30
P-0003992,V-06,5,19.18514,72.860775,26.2,2026-06-15T08:22:30+05:30,2026-06-15T08:22:35+05:30
P-0003993,V-06,5,19.184789,72.860904,22.7,2026-06-15T08:22:40+05:30,2026-06-15T08:22:42+05:30
P-0003994,V-06,5,19.184826,72.861123,19.5,2026-06-15T08:22:50+05:30,2026-06-15T08:22:53+05:30
P-0003995,V-06,5,19.184259,72.861207,26.6,2026-06-15T08:23:00+05:30,2026-06-15T08:23:05+05:30
P-0003996,V-06,5,19.183938,72.861074,25.4,2026-06-15T08:23:10+05:30,2026-06-15T08:23:13+05:30
P-0003997,V-06,5,19.183799,72.861208,25.3,2026-06-15T08:23:20+05:30,2026-06-15T08:23:24+05:30
P-0003998,V-06,5,19.183526,72.861205,22.0,2026-06-15T08:23:30+05:30,2026-06-15T08:23:36+05:30
P-0003999,V-06,5,19.1829,72.86085,15.7,2026-06-15T08:23:40+05:30,2026-06-15T08:23:41+05:30
P-0004000,V-06,5,19.182712,72.861281,15.9,2026-06-15T08:23:50+05:30,2026-06-15T08:23:52+05:30
P-0004001,V-06,5,19.182378,72.861121,19.8,2026-06-15T08:24:00+05:30,2026-06-15T08:24:02+05:30
P-0004002,V-06,5,19.182184,72.861171,18.9,2026-06-15T08:24:10+05:30,2026-06-15T08:24:13+05:30
P-0004003,V-06,5,19.18189,72.861259,20.0,2026-06-15T08:24:20+05:30,2026-06-15T08:24:21+05:30
P-0004004,V-06,5,19.181306,72.861127,16.1,2026-06-15T08:24:30+05:30,2026-06-15T08:24:32+05:30
P-0004005,V-06,5,19.1809,72.861237,15.0,2026-06-15T08:24:40+05:30,2026-06-15T08:24:45+05:30
P-0004006,V-06,5,19.180846,72.861122,15.0,2026-06-15T08:24:50+05:30,2026-06-15T08:24:55+05:30
P-0004007,V-06,5,19.180367,72.861414,17.7,2026-06-15T08:25:00+05:30,2026-06-15T08:25:03+05:30
P-0004008,V-06,5,19.180064,72.861231,18.2,2026-06-15T08:25:10+05:30,2026-06-15T08:25:16+05:30
P-0004009,V-06,5,19.179976,72.861261,26.6,2026-06-15T08:25:20+05:30,2026-06-15T08:25:22+05:30
P-0004010,V-06,5,19.17945,72.861538,22.0,2026-06-15T08:25:30+05:30,2026-06-15T08:25:34+05:30
P-0004011,V-06,5,19.178976,72.861211,14.8,2026-06-15T08:25:40+05:30,2026-06-15T08:25:43+05:30
P-0004012,V-06,5,19.179105,72.861193,19.2,2026-06-15T08:25:50+05:30,2026-06-15T08:25:52+05:30
P-0004013,V-06,5,19.178485,72.861505,22.6,2026-06-15T08:26:00+05:30,2026-06-15T08:26:05+05:30
P-0004014,V-06,5,19.178268,72.861445,24.4,2026-06-15T08:26:10+05:30,2026-06-15T08:26:13+05:30
P-0004015,V-06,5,19.177896,72.861334,21.5,2026-06-15T08:26:20+05:30,2026-06-15T08:26:22+05:30
P-0004016,V-06,5,19.177435,72.861244,15.5,2026-06-15T08:26:30+05:30,2026-06-15T08:26:31+05:30
P-0004017,V-06,5,19.177302,72.86138,16.2,2026-06-15T08:26:40+05:30,2026-06-15T08:26:44+05:30
P-0004018,V-06,5,19.176822,72.861578,16.6,2026-06-15T08:26:50+05:30,2026-06-15T08:26:51+05:30
P-0004019,V-06,5,19.176477,72.86127,23.9,2026-06-15T08:27:00+05:30,2026-06-15T08:27:06+05:30
P-0004020,V-06,5,19.176135,72.861656,17.7,2026-06-15T08:27:10+05:30,2026-06-15T08:27:14+05:30
P-0004021,V-06,5,19.17612,72.861349,18.8,2026-06-15T08:27:20+05:30,2026-06-15T08:27:25+05:30
P-0004022,V-06,5,19.175594,72.86149,21.7,2026-06-15T08:27:30+05:30,2026-06-15T08:27:35+05:30
P-0004023,V-06,5,19.175105,72.861306,23.1,2026-06-15T08:27:40+05:30,2026-06-15T08:27:42+05:30
P-0004024,V-06,5,19.175085,72.861505,23.0,2026-06-15T08:27:50+05:30,2026-06-15T08:27:53+05:30
P-0004025,V-06,5,19.174856,72.861444,17.3,2026-06-15T08:28:00+05:30,2026-06-15T08:28:01+05:30
P-0004026,V-06,5,19.17422,72.861523,22.2,2026-06-15T08:28:10+05:30,2026-06-15T08:28:15+05:30
P-0004027,V-06,5,19.173907,72.861834,17.2,2026-06-15T08:28:20+05:30,2026-06-15T08:28:23+05:30
P-0004028,V-06,5,19.173803,72.86152,14.7,2026-06-15T08:28:30+05:30,2026-06-15T08:28:34+05:30
P-0004029,V-06,5,19.173433,72.86152,20.7,2026-06-15T08:28:40+05:30,2026-06-15T08:28:42+05:30
P-0004030,V-06,5,19.172964,72.86144,16.9,2026-06-15T08:28:50+05:30,2026-06-15T08:28:51+05:30
P-0004031,V-06,5,19.172735,72.86155,15.5,2026-06-15T08:29:00+05:30,2026-06-15T08:29:02+05:30
P-0004032,V-06,5,19.172381,72.861522,14.3,2026-06-15T08:29:10+05:30,2026-06-15T08:29:16+05:30
P-0004033,V-06,5,19.171883,72.861881,18.4,2026-06-15T08:29:20+05:30,2026-06-15T08:29:22+05:30
P-0004034,V-06,5,19.171607,72.86192,20.6,2026-06-15T08:29:30+05:30,2026-06-15T08:29:33+05:30
P-0004035,V-06,5,19.171218,72.861563,15.4,2026-06-15T08:29:40+05:30,2026-06-15T08:29:41+05:30
P-0004036,V-06,5,19.171209,72.861985,23.9,2026-06-15T08:29:50+05:30,2026-06-15T08:29:52+05:30
P-0004037,V-06,5,19.170869,72.861666,18.2,2026-06-15T08:30:00+05:30,2026-06-15T08:30:03+05:30
P-0004038,V-06,5,19.170597,72.861716,18.6,2026-06-15T08:30:10+05:30,2026-06-15T08:30:13+05:30
P-0004039,V-06,5,19.169944,72.861949,20.8,2026-06-15T08:30:20+05:30,2026-06-15T08:30:24+05:30
P-0004040,V-06,5,19.16989,72.861845,16.0,2026-06-15T08:30:30+05:30,2026-06-15T08:30:32+05:30
P-0004041,V-06,5,19.169678,72.86164,15.7,2026-06-15T08:30:40+05:30,2026-06-15T08:30:42+05:30
P-0004042,V-06,5,19.169281,72.86187,15.6,2026-06-15T08:30:50+05:30,2026-06-15T08:30:55+05:30
P-0004043,V-06,5,19.168866,72.862164,15.0,2026-06-15T08:31:00+05:30,2026-06-15T08:31:06+05:30
P-0004044,V-06,5,19.168679,72.861731,23.7,2026-06-15T08:31:10+05:30,2026-06-15T08:31:12+05:30
P-0004045,V-06,5,19.168079,72.861839,14.3,2026-06-15T08:31:20+05:30,2026-06-15T08:31:24+05:30
P-0004046,V-06,5,19.167801,72.861812,19.2,2026-06-15T08:31:30+05:30,2026-06-15T08:31:32+05:30
P-0004047,V-06,5,19.167288,72.861772,20.2,2026-06-15T08:31:40+05:30,2026-06-15T08:31:46+05:30
P-0004048,V-06,5,19.167165,72.862021,17.4,2026-06-15T08:31:50+05:30,2026-06-15T08:31:52+05:30
P-0004049,V-06,5,19.166668,72.862015,24.2,2026-06-15T08:32:00+05:30,2026-06-15T08:32:04+05:30
P-0004050,V-06,5,19.166773,72.861898,13.0,2026-06-15T08:32:10+05:30,2026-06-15T08:32:13+05:30
P-0004051,V-06,5,19.166175,72.86215,22.5,2026-06-15T08:32:20+05:30,2026-06-15T08:32:21+05:30
P-0004052,V-06,5,19.166071,72.861871,18.3,2026-06-15T08:32:30+05:30,2026-06-15T08:32:33+05:30
P-0004053,V-06,5,19.165551,72.861899,15.7,2026-06-15T08:32:40+05:30,2026-06-15T08:32:42+05:30
P-0004054,V-06,5,19.165473,72.861741,17.2,2026-06-15T08:32:50+05:30,2026-06-15T08:32:53+05:30
P-0004055,V-06,5,19.16478,72.862067,20.3,2026-06-15T08:33:00+05:30,2026-06-15T08:33:04+05:30
P-0004056,V-06,5,19.164402,72.861904,19.2,2026-06-15T08:33:10+05:30,2026-06-15T08:33:16+05:30
P-0004057,V-06,5,19.164449,72.861687,20.8,2026-06-15T08:33:20+05:30,2026-06-15T08:33:25+05:30
P-0004058,V-06,5,19.164141,72.862007,20.5,2026-06-15T08:33:30+05:30,2026-06-15T08:33:31+05:30
P-0004059,V-06,5,19.163854,72.861852,19.3,2026-06-15T08:33:40+05:30,2026-06-15T08:33:41+05:30
P-0004060,V-06,5,19.163426,72.862079,16.1,2026-06-15T08:33:50+05:30,2026-06-15T08:33:55+05:30
P-0004061,V-06,5,19.163226,72.861759,17.1,2026-06-15T08:34:00+05:30,2026-06-15T08:34:04+05:30
P-0004062,V-06,5,19.162644,72.86161,23.5,2026-06-15T08:34:10+05:30,2026-06-15T08:34:14+05:30
P-0004063,V-06,5,19.162096,72.862013,19.1,2026-06-15T08:34:20+05:30,2026-06-15T08:34:23+05:30
P-0004064,V-06,5,19.162173,72.86171,19.5,2026-06-15T08:34:30+05:30,2026-06-15T08:34:32+05:30
P-0004065,V-06,5,19.161644,72.861987,17.9,2026-06-15T08:34:40+05:30,2026-06-15T08:34:44+05:30
P-0004066,V-06,5,19.16149,72.861745,15.1,2026-06-15T08:34:50+05:30,2026-06-15T08:34:53+05:30
P-0004067,V-06,5,19.161155,72.861507,16.3,2026-06-15T08:35:00+05:30,2026-06-15T08:35:03+05:30
P-0004068,V-06,5,19.160778,72.861495,24.1,2026-06-15T08:35:10+05:30,2026-06-15T08:35:16+05:30
P-0004069,V-06,5,19.160296,72.861641,18.1,2026-06-15T08:35:20+05:30,2026-06-15T08:35:21+05:30
P-0004070,V-06,5,19.159871,72.86147,20.6,2026-06-15T08:35:30+05:30,2026-06-15T08:35:33+05:30
P-0004071,V-06,5,19.159506,72.86168,12.4,2026-06-15T08:35:40+05:30,2026-06-15T08:35:43+05:30
P-0004072,V-06,5,19.159331,72.861796,19.1,2026-06-15T08:35:50+05:30,2026-06-15T08:35:53+05:30
P-0004073,V-06,5,19.158998,72.861714,15.6,2026-06-15T08:36:00+05:30,2026-06-15T08:36:01+05:30
P-0004074,V-06,5,19.158839,72.861555,20.3,2026-06-15T08:36:10+05:30,2026-06-15T08:36:14+05:30
P-0004075,V-06,5,19.158517,72.86148,23.7,2026-06-15T08:36:20+05:30,2026-06-15T08:36:25+05:30
P-0004076,V-06,5,19.158342,72.861372,20.1,2026-06-15T08:36:30+05:30,2026-06-15T08:36:36+05:30
P-0004077,V-06,5,19.157959,72.861673,20.7,2026-06-15T08:36:40+05:30,2026-06-15T08:36:45+05:30
P-0004078,V-06,5,19.157527,72.861437,14.6,2026-06-15T08:36:50+05:30,2026-06-15T08:36:55+05:30
P-0004079,V-06,5,19.157283,72.861638,18.2,2026-06-15T08:37:00+05:30,2026-06-15T08:37:04+05:30
P-0004080,V-06,5,19.157007,72.861701,20.4,2026-06-15T08:37:10+05:30,2026-06-15T08:37:11+05:30
P-0004081,V-06,5,19.156663,72.861293,19.8,2026-06-15T08:37:20+05:30,2026-06-15T08:37:25+05:30
P-0004082,V-06,5,19.156144,72.861542,20.8,2026-06-15T08:37:30+05:30,2026-06-15T08:37:35+05:30
P-0004083,V-06,5,19.15598,72.861535,15.4,2026-06-15T08:37:40+05:30,2026-06-15T08:37:42+05:30
P-0004084,V-06,5,19.155599,72.86168,15.9,2026-06-15T08:37:50+05:30,2026-06-15T08:37:55+05:30
P-0004085,V-06,5,19.155264,72.861373,12.3,2026-06-15T08:38:00+05:30,2026-06-15T08:38:05+05:30
P-0004086,V-06,5,19.155012,72.861561,20.4,2026-06-15T08:38:10+05:30,2026-06-15T08:38:12+05:30
P-0004087,V-06,5,19.154494,72.861605,20.7,2026-06-15T08:38:20+05:30,2026-06-15T08:38:21+05:30
P-0004088,V-06,5,19.154192,72.861475,23.7,2026-06-15T08:38:30+05:30,2026-06-15T08:38:36+05:30
P-0004089,V-06,5,19.154014,72.861546,21.5,2026-06-15T08:38:40+05:30,2026-06-15T08:38:43+05:30
P-0004090,V-06,5,19.153333,72.861548,14.6,2026-06-15T08:38:50+05:30,2026-06-15T08:38:54+05:30
P-0004091,V-06,5,19.153267,72.861326,19.6,2026-06-15T08:39:00+05:30,2026-06-15T08:39:06+05:30
P-0004092,V-06,5,19.15313,72.861421,13.6,2026-06-15T08:39:10+05:30,2026-06-15T08:39:12+05:30
P-0004093,V-06,5,19.152402,72.86127,19.9,2026-06-15T08:39:20+05:30,2026-06-15T08:39:23+05:30
P-0004094,V-06,5,19.152417,72.861347,16.8,2026-06-15T08:39:30+05:30,2026-06-15T08:39:34+05:30
P-0004095,V-06,5,19.151768,72.861095,21.7,2026-06-15T08:39:40+05:30,2026-06-15T08:39:44+05:30
P-0004096,V-06,5,19.151782,72.861263,22.0,2026-06-15T08:39:50+05:30,2026-06-15T08:39:51+05:30
P-0004097,V-06,5,19.151363,72.861426,12.5,2026-06-15T08:40:00+05:30,2026-06-15T08:40:05+05:30
P-0004098,V-06,5,19.15081,72.861258,16.6,2026-06-15T08:40:10+05:30,2026-06-15T08:40:12+05:30
P-0004099,V-06,5,19.150899,72.861297,14.1,2026-06-15T08:40:20+05:30,2026-06-15T08:40:24+05:30
P-0004100,V-06,5,19.150339,72.861049,23.1,2026-06-15T08:40:30+05:30,2026-06-15T08:40:34+05:30
P-0004101,V-06,5,19.15,72.861177,22.2,2026-06-15T08:40:40+05:30,2026-06-15T08:40:45+05:30
P-0004102,V-06,5,19.149496,72.86093,23.7,2026-06-15T08:40:50+05:30,2026-06-15T08:40:52+05:30
P-0004103,V-06,5,19.149276,72.861148,21.5,2026-06-15T08:41:00+05:30,2026-06-15T08:41:05+05:30
P-0004104,V-06,5,19.148956,72.861306,23.6,2026-06-15T08:41:10+05:30,2026-06-15T08:41:14+05:30
P-0004105,V-06,5,19.148808,72.861111,16.0,2026-06-15T08:41:20+05:30,2026-06-15T08:41:24+05:30
P-0004106,V-06,5,19.148443,72.861221,21.9,2026-06-15T08:41:30+05:30,2026-06-15T08:41:33+05:30
P-0004107,V-06,5,19.148109,72.861347,15.1,2026-06-15T08:41:40+05:30,2026-06-15T08:41:46+05:30
P-0004108,V-06,5,19.147783,72.861425,14.2,2026-06-15T08:41:50+05:30,2026-06-15T08:41:53+05:30
P-0004109,V-06,5,19.147603,72.861285,15.0,2026-06-15T08:42:00+05:30,2026-06-15T08:42:03+05:30
P-0004110,V-06,5,19.147231,72.861389,24.0,2026-06-15T08:42:10+05:30,2026-06-15T08:42:14+05:30
P-0004111,V-06,5,19.146704,72.861601,15.2,2026-06-15T08:42:20+05:30,2026-06-15T08:42:24+05:30
P-0004112,V-06,5,19.146714,72.861512,14.6,2026-06-15T08:42:30+05:30,2026-06-15T08:42:31+05:30
P-0004113,V-06,5,19.146083,72.86173,13.7,2026-06-15T08:42:40+05:30,2026-06-15T08:42:41+05:30
P-0004114,V-06,5,19.145598,72.861541,19.7,2026-06-15T08:42:50+05:30,2026-06-15T08:42:51+05:30
P-0004115,V-06,5,19.145633,72.861493,16.5,2026-06-15T08:43:00+05:30,2026-06-15T08:43:02+05:30
P-0004116,V-06,5,19.145309,72.861654,23.0,2026-06-15T08:43:10+05:30,2026-06-15T08:43:11+05:30
P-0004117,V-06,5,19.14466,72.862062,16.8,2026-06-15T08:43:20+05:30,2026-06-15T08:43:24+05:30
P-0004118,V-06,5,19.144483,72.86178,13.6,2026-06-15T08:43:30+05:30,2026-06-15T08:43:31+05:30
P-0004119,V-06,5,19.144401,72.861832,22.5,2026-06-15T08:43:40+05:30,2026-06-15T08:43:46+05:30
P-0004120,V-06,5,19.144099,72.862094,15.4,2026-06-15T08:43:50+05:30,2026-06-15T08:43:52+05:30
P-0004121,V-06,5,19.143725,72.86201,14.1,2026-06-15T08:44:00+05:30,2026-06-15T08:44:02+05:30
P-0004122,V-06,5,19.143129,72.862204,14.7,2026-06-15T08:44:10+05:30,2026-06-15T08:44:16+05:30
P-0004123,V-06,5,19.142784,72.862342,13.3,2026-06-15T08:44:20+05:30,2026-06-15T08:44:25+05:30
P-0004124,V-06,5,19.142789,72.8621,14.2,2026-06-15T08:44:30+05:30,2026-06-15T08:44:35+05:30
P-0004125,V-06,5,19.14258,72.862432,13.4,2026-06-15T08:44:40+05:30,2026-06-15T08:44:45+05:30
P-0004126,V-06,5,19.14182,72.862566,23.0,2026-06-15T08:44:50+05:30,2026-06-15T08:44:55+05:30
P-0004127,V-06,5,19.141567,72.862671,15.1,2026-06-15T08:45:00+05:30,2026-06-15T08:45:05+05:30
P-0004128,V-06,5,19.14133,72.862332,12.2,2026-06-15T08:45:10+05:30,2026-06-15T08:45:11+05:30
P-0004129,V-06,5,19.141293,72.862476,20.4,2026-06-15T08:45:20+05:30,2026-06-15T08:45:22+05:30
P-0004130,V-06,5,19.140594,72.862724,19.5,2026-06-15T08:45:30+05:30,2026-06-15T08:45:31+05:30
P-0004131,V-06,5,19.14068,72.862864,13.3,2026-06-15T08:45:40+05:30,2026-06-15T08:45:42+05:30
P-0004132,V-06,5,19.140327,72.863051,13.7,2026-06-15T08:45:50+05:30,2026-06-15T08:45:53+05:30
P-0004133,V-06,5,19.139739,72.862797,21.1,2026-06-15T08:46:00+05:30,2026-06-15T08:46:03+05:30
P-0004134,V-06,5,19.139426,72.863176,15.4,2026-06-15T08:46:10+05:30,2026-06-15T08:46:14+05:30
P-0004135,V-06,5,19.139293,72.863059,14.6,2026-06-15T08:46:20+05:30,2026-06-15T08:46:21+05:30
P-0004136,V-06,5,19.138623,72.862906,16.4,2026-06-15T08:46:30+05:30,2026-06-15T08:46:31+05:30
P-0004137,V-06,5,19.138351,72.863158,20.9,2026-06-15T08:46:40+05:30,2026-06-15T08:46:41+05:30
P-0004138,V-06,5,19.138104,72.863401,18.0,2026-06-15T08:46:50+05:30,2026-06-15T08:46:52+05:30
P-0004139,V-06,5,19.13796,72.863376,23.6,2026-06-15T08:47:00+05:30,2026-06-15T08:47:05+05:30
P-0004140,V-06,5,19.137754,72.863472,22.3,2026-06-15T08:47:10+05:30,2026-06-15T08:47:16+05:30
P-0004141,V-06,5,19.137132,72.863442,16.8,2026-06-15T08:47:20+05:30,2026-06-15T08:47:21+05:30
P-0004142,V-06,5,19.13677,72.863678,21.4,2026-06-15T08:47:30+05:30,2026-06-15T08:47:31+05:30
P-0004143,V-06,5,19.136555,72.863689,17.2,2026-06-15T08:47:40+05:30,2026-06-15T08:47:46+05:30
P-0004144,V-06,5,19.136405,72.863734,18.8,2026-06-15T08:47:50+05:30,2026-06-15T08:47:52+05:30
P-0004145,V-06,5,19.135944,72.863579,18.8,2026-06-15T08:48:00+05:30,2026-06-15T08:48:04+05:30
P-0004146,V-06,5,19.135635,72.86361,15.6,2026-06-15T08:48:10+05:30,2026-06-15T08:48:16+05:30
P-0004147,V-06,5,19.13545,72.863859,15.9,2026-06-15T08:48:20+05:30,2026-06-15T08:48:21+05:30
P-0004148,V-06,5,19.134965,72.863915,18.0,2026-06-15T08:48:30+05:30,2026-06-15T08:48:33+05:30
P-0004149,V-06,5,19.134878,72.863846,14.6,2026-06-15T08:48:40+05:30,2026-06-15T08:48:45+05:30
P-0004150,V-06,5,19.134222,72.864084,19.9,2026-06-15T08:48:50+05:30,2026-06-15T08:48:53+05:30
P-0004151,V-06,5,19.133853,72.864209,18.1,2026-06-15T08:49:00+05:30,2026-06-15T08:49:06+05:30
P-0004152,V-06,5,19.133928,72.863983,21.5,2026-06-15T08:49:10+05:30,2026-06-15T08:49:11+05:30
P-0004153,V-06,5,19.133649,72.863978,14.3,2026-06-15T08:49:20+05:30,2026-06-15T08:49:23+05:30
P-0004154,V-06,5,19.132906,72.864056,20.2,2026-06-15T08:49:30+05:30,2026-06-15T08:49:34+05:30
P-0004155,V-06,5,19.132797,72.864354,22.5,2026-06-15T08:49:40+05:30,2026-06-15T08:49:45+05:30
P-0004156,V-06,5,19.132526,72.864452,14.0,2026-06-15T08:49:50+05:30,2026-06-15T08:49:55+05:30
P-0004157,V-06,5,19.132367,72.864525,18.3,2026-06-15T08:50:00+05:30,2026-06-15T08:50:04+05:30
P-0004158,V-06,5,19.132082,72.864497,16.7,2026-06-15T08:50:10+05:30,2026-06-15T08:50:11+05:30
P-0004159,V-06,5,19.131703,72.864517,19.3,2026-06-15T08:50:20+05:30,2026-06-15T08:50:24+05:30
P-0004160,V-06,5,19.131049,72.864896,21.1,2026-06-15T08:50:30+05:30,2026-06-15T08:50:35+05:30
P-0004161,V-06,5,19.130654,72.864753,21.7,2026-06-15T08:50:40+05:30,2026-06-15T08:50:41+05:30
P-0004162,V-06,5,19.130824,72.865034,17.4,2026-06-15T08:50:50+05:30,2026-06-15T08:50:56+05:30
P-0004163,V-06,5,19.130146,72.865049,19.5,2026-06-15T08:51:00+05:30,2026-06-15T08:51:02+05:30
P-0004164,V-06,5,19.12972,72.864943,21.9,2026-06-15T08:51:10+05:30,2026-06-15T08:51:13+05:30
P-0004165,V-06,5,19.129565,72.865066,21.7,2026-06-15T08:51:20+05:30,2026-06-15T08:51:24+05:30
P-0004166,V-06,5,19.129507,72.865327,18.3,2026-06-15T08:51:30+05:30,2026-06-15T08:51:34+05:30
P-0004167,V-06,5,19.128827,72.865023,20.8,2026-06-15T08:51:40+05:30,2026-06-15T08:51:41+05:30
P-0004168,V-06,5,19.128514,72.865301,18.0,2026-06-15T08:51:50+05:30,2026-06-15T08:51:51+05:30
P-0004169,V-06,5,19.128248,72.865333,23.2,2026-06-15T08:52:00+05:30,2026-06-15T08:52:04+05:30
P-0004170,V-06,5,19.12826,72.865293,17.1,2026-06-15T08:52:10+05:30,2026-06-15T08:52:12+05:30
P-0004171,V-06,5,19.127636,72.865566,22.8,2026-06-15T08:52:20+05:30,2026-06-15T08:52:26+05:30
P-0004172,V-06,5,19.12725,72.865644,21.5,2026-06-15T08:52:30+05:30,2026-06-15T08:52:36+05:30
P-0004173,V-06,5,19.127148,72.865731,24.3,2026-06-15T08:52:40+05:30,2026-06-15T08:52:44+05:30
P-0004174,V-06,5,19.126999,72.865683,24.9,2026-06-15T08:52:50+05:30,2026-06-15T08:52:55+05:30
P-0004175,V-06,5,19.126425,72.865859,23.8,2026-06-15T08:53:00+05:30,2026-06-15T08:53:03+05:30
P-0004176,V-06,5,19.126333,72.865452,21.8,2026-06-15T08:53:10+05:30,2026-06-15T08:53:15+05:30
P-0004177,V-06,5,19.12581,72.865515,16.6,2026-06-15T08:53:20+05:30,2026-06-15T08:53:26+05:30
P-0004178,V-06,5,19.125678,72.86581,17.3,2026-06-15T08:53:30+05:30,2026-06-15T08:53:32+05:30
P-0004179,V-06,5,19.125072,72.865711,15.2,2026-06-15T08:53:40+05:30,2026-06-15T08:53:42+05:30
P-0004180,V-06,5,19.12476,72.865586,19.5,2026-06-15T08:53:50+05:30,2026-06-15T08:53:52+05:30
P-0004181,V-06,5,19.124517,72.865939,21.7,2026-06-15T08:54:00+05:30,2026-06-15T08:54:03+05:30
P-0004182,V-06,5,19.124182,72.865748,24.1,2026-06-15T08:54:10+05:30,2026-06-15T08:54:14+05:30
P-0004183,V-06,5,19.123937,72.865813,13.8,2026-06-15T08:54:20+05:30,2026-06-15T08:54:24+05:30
P-0004184,V-06,5,19.123536,72.865999,23.7,2026-06-15T08:54:30+05:30,2026-06-15T08:54:36+05:30
P-0004185,V-06,5,19.123304,72.8661,22.3,2026-06-15T08:54:40+05:30,2026-06-15T08:54:46+05:30
P-0004186,V-06,5,19.123108,72.865699,14.0,2026-06-15T08:54:50+05:30,2026-06-15T08:54:51+05:30
P-0004187,V-06,5,19.122727,72.865965,24.7,2026-06-15T08:55:00+05:30,2026-06-15T08:55:02+05:30
P-0004188,V-06,5,19.12232,72.865952,15.9,2026-06-15T08:55:10+05:30,2026-06-15T08:55:14+05:30
P-0004189,V-06,5,19.121801,72.865988,18.6,2026-06-15T08:55:20+05:30,2026-06-15T08:55:23+05:30
P-0004190,V-06,5,19.121427,72.866209,18.5,2026-06-15T08:55:30+05:30,2026-06-15T08:55:36+05:30
P-0004191,V-06,5,19.121022,72.865915,14.0,2026-06-15T08:55:40+05:30,2026-06-15T08:55:41+05:30
P-0004192,V-06,5,19.121173,72.865896,17.4,2026-06-15T08:55:50+05:30,2026-06-15T08:55:53+05:30
P-0004193,V-06,5,19.120796,72.866088,24.1,2026-06-15T08:56:00+05:30,2026-06-15T08:56:05+05:30
P-0004194,V-06,5,19.120168,72.866333,14.6,2026-06-15T08:56:10+05:30,2026-06-15T08:56:16+05:30
P-0004195,V-06,5,19.120165,72.866276,18.1,2026-06-15T08:56:20+05:30,2026-06-15T08:56:21+05:30
P-0004196,V-06,5,19.11946,72.866072,20.6,2026-06-15T08:56:30+05:30,2026-06-15T08:56:34+05:30
P-0004197,V-06,5,19.119455,72.86626,21.6,2026-06-15T08:56:40+05:30,2026-06-15T08:56:41+05:30
P-0004198,V-06,5,19.119136,72.865965,22.9,2026-06-15T08:56:50+05:30,2026-06-15T08:56:56+05:30
P-0004199,V-06,5,19.118436,72.865988,17.4,2026-06-15T08:57:00+05:30,2026-06-15T08:57:01+05:30
P-0004200,V-06,5,19.118296,72.866492,24.6,2026-06-15T08:57:10+05:30,2026-06-15T08:57:11+05:30
P-0004201,V-06,5,19.117879,72.866371,17.9,2026-06-15T08:57:20+05:30,2026-06-15T08:57:23+05:30
P-0004202,V-06,5,19.11774,72.866467,16.1,2026-06-15T08:57:30+05:30,2026-06-15T08:57:36+05:30
P-0004203,V-06,5,19.117488,72.866396,22.6,2026-06-15T08:57:40+05:30,2026-06-15T08:57:46+05:30
P-0004204,V-06,5,19.116887,72.866565,17.2,2026-06-15T08:57:50+05:30,2026-06-15T08:57:54+05:30
P-0004205,V-06,5,19.116518,72.866559,23.6,2026-06-15T08:58:00+05:30,2026-06-15T08:58:06+05:30
P-0004206,V-06,5,19.116262,72.866463,25.5,2026-06-15T08:58:10+05:30,2026-06-15T08:58:13+05:30
P-0004207,V-06,5,19.115921,72.866284,25.7,2026-06-15T08:58:20+05:30,2026-06-15T08:58:22+05:30
P-0004208,V-06,5,19.115881,72.866601,20.0,2026-06-15T08:58:30+05:30,2026-06-15T08:58:34+05:30
P-0004209,V-06,5,19.115557,72.8663,19.0,2026-06-15T08:58:40+05:30,2026-06-15T08:58:41+05:30
P-0004210,V-06,5,19.11508,72.866674,22.8,2026-06-15T08:58:50+05:30,2026-06-15T08:58:51+05:30
P-0004211,V-06,5,19.114693,72.866535,16.1,2026-06-15T08:59:00+05:30,2026-06-15T08:59:04+05:30
P-0004212,V-06,5,19.114567,72.866601,25.3,2026-06-15T08:59:10+05:30,2026-06-15T08:59:12+05:30
P-0004213,V-06,5,19.113957,72.866342,19.6,2026-06-15T08:59:20+05:30,2026-06-15T08:59:24+05:30
P-0004214,V-06,5,19.113883,72.866552,20.2,2026-06-15T08:59:30+05:30,2026-06-15T08:59:34+05:30
P-0004215,V-06,5,19.113267,72.866843,24.5,2026-06-15T08:59:40+05:30,2026-06-15T08:59:41+05:30
P-0004216,V-06,5,19.113099,72.866775,26.7,2026-06-15T08:59:50+05:30,2026-06-15T08:59:52+05:30
P-0004217,V-06,5,19.113025,72.866872,24.2,2026-06-15T09:00:00+05:30,2026-06-15T09:00:01+05:30
P-0004218,V-06,5,19.112486,72.866904,20.5,2026-06-15T09:00:10+05:30,2026-06-15T09:00:14+05:30
P-0004219,V-06,5,19.112082,72.866711,25.3,2026-06-15T09:00:20+05:30,2026-06-15T09:00:25+05:30
P-0004220,V-06,5,19.111884,72.86694,16.4,2026-06-15T09:00:30+05:30,2026-06-15T09:00:35+05:30
P-0004221,V-06,5,19.11171,72.866548,16.0,2026-06-15T09:00:40+05:30,2026-06-15T09:00:41+05:30
P-0004222,V-06,5,19.111043,72.866914,25.4,2026-06-15T09:00:50+05:30,2026-06-15T09:00:51+05:30
P-0004223,V-06,5,19.110897,72.86672,21.8,2026-06-15T09:01:00+05:30,2026-06-15T09:01:03+05:30
P-0004224,V-06,5,19.110348,72.866673,18.2,2026-06-15T09:01:10+05:30,2026-06-15T09:01:16+05:30
P-0004225,V-06,5,19.110477,72.867052,24.4,2026-06-15T09:01:20+05:30,2026-06-15T09:01:23+05:30
P-0004226,V-06,5,19.109811,72.866713,26.9,2026-06-15T09:01:30+05:30,2026-06-15T09:01:36+05:30
P-0004227,V-06,5,19.109839,72.867087,27.4,2026-06-15T09:01:40+05:30,2026-06-15T09:01:43+05:30
P-0004228,V-06,5,19.109116,72.866813,16.4,2026-06-15T09:01:50+05:30,2026-06-15T09:01:56+05:30
P-0004229,V-06,5,19.108845,72.867114,24.6,2026-06-15T09:02:00+05:30,2026-06-15T09:02:05+05:30
P-0004230,V-06,5,19.108824,72.866833,24.4,2026-06-15T09:02:10+05:30,2026-06-15T09:02:13+05:30
P-0004231,V-06,5,19.108499,72.867086,26.9,2026-06-15T09:02:20+05:30,2026-06-15T09:02:22+05:30
P-0004232,V-06,5,19.108107,72.86683,26.1,2026-06-15T09:02:30+05:30,2026-06-15T09:02:35+05:30
P-0004233,V-06,5,19.107467,72.866885,23.0,2026-06-15T09:02:40+05:30,2026-06-15T09:02:46+05:30
P-0004234,V-06,5,19.107385,72.866977,26.4,2026-06-15T09:02:50+05:30,2026-06-15T09:02:52+05:30
P-0004235,V-06,5,19.107186,72.866862,20.7,2026-06-15T09:03:00+05:30,2026-06-15T09:03:01+05:30
P-0004236,V-06,5,19.106733,72.866957,18.2,2026-06-15T09:03:10+05:30,2026-06-15T09:03:14+05:30
P-0004237,V-06,5,19.106488,72.867189,23.0,2026-06-15T09:03:20+05:30,2026-06-15T09:03:22+05:30
P-0004238,V-06,5,19.105952,72.867092,25.3,2026-06-15T09:03:30+05:30,2026-06-15T09:03:33+05:30
P-0004239,V-06,5,19.105485,72.867334,17.0,2026-06-15T09:03:40+05:30,2026-06-15T09:03:43+05:30
P-0004240,V-06,5,19.105531,72.867013,27.7,2026-06-15T09:03:50+05:30,2026-06-15T09:03:53+05:30
P-0004241,V-06,5,19.105194,72.867366,25.8,2026-06-15T09:04:00+05:30,2026-06-15T09:04:04+05:30
P-0004242,V-06,5,19.104812,72.867213,25.6,2026-06-15T09:04:10+05:30,2026-06-15T09:04:14+05:30
P-0004243,V-06,5,19.104315,72.867222,25.8,2026-06-15T09:04:20+05:30,2026-06-15T09:04:23+05:30
P-0004244,V-06,5,19.103897,72.867129,18.3,2026-06-15T09:04:30+05:30,2026-06-15T09:04:35+05:30
P-0004245,V-06,5,19.103726,72.867246,21.7,2026-06-15T09:04:40+05:30,2026-06-15T09:04:44+05:30
P-0004246,V-06,5,19.103209,72.867215,21.6,2026-06-15T09:04:50+05:30,2026-06-15T09:04:52+05:30
P-0004247,V-06,5,19.102918,72.867018,20.4,2026-06-15T09:05:00+05:30,2026-06-15T09:05:01+05:30
P-0004248,V-06,5,19.102807,72.867302,18.7,2026-06-15T09:05:10+05:30,2026-06-15T09:05:14+05:30
P-0004249,V-06,5,19.102552,72.867213,18.0,2026-06-15T09:05:20+05:30,2026-06-15T09:05:23+05:30
P-0004250,V-06,5,19.102075,72.867138,18.1,2026-06-15T09:05:30+05:30,2026-06-15T09:05:32+05:30
P-0004251,V-06,5,19.10173,72.867042,27.2,2026-06-15T09:05:40+05:30,2026-06-15T09:05:42+05:30
P-0004252,V-06,5,19.101581,72.867069,26.5,2026-06-15T09:05:50+05:30,2026-06-15T09:05:52+05:30
P-0004253,V-06,5,19.101046,72.867121,20.0,2026-06-15T09:06:00+05:30,2026-06-15T09:06:03+05:30
P-0004254,V-06,5,19.100736,72.867008,25.4,2026-06-15T09:06:10+05:30,2026-06-15T09:06:13+05:30
P-0004255,V-06,5,19.100602,72.867167,21.8,2026-06-15T09:06:20+05:30,2026-06-15T09:06:22+05:30
P-0004256,V-06,5,19.100131,72.867225,22.2,2026-06-15T09:06:30+05:30,2026-06-15T09:06:35+05:30
P-0004257,V-06,5,19.099853,72.867006,22.0,2026-06-15T09:06:40+05:30,2026-06-15T09:06:42+05:30
P-0004258,V-06,5,19.099702,72.867083,23.9,2026-06-15T09:06:50+05:30,2026-06-15T09:06:54+05:30
P-0004259,V-06,5,19.099328,72.867406,22.2,2026-06-15T09:07:00+05:30,2026-06-15T09:07:01+05:30
P-0004260,V-06,5,19.098961,72.867108,20.8,2026-06-15T09:07:10+05:30,2026-06-15T09:07:12+05:30
P-0004261,V-06,5,19.098689,72.867334,28.3,2026-06-15T09:07:20+05:30,2026-06-15T09:07:25+05:30
P-0004262,V-06,5,19.098004,72.866975,25.9,2026-06-15T09:07:30+05:30,2026-06-15T09:07:33+05:30
P-0004263,V-06,5,19.09786,72.866971,21.9,2026-06-15T09:07:40+05:30,2026-06-15T09:07:46+05:30
P-0004264,V-06,5,19.097647,72.867128,21.3,2026-06-15T09:07:50+05:30,2026-06-15T09:07:56+05:30
P-0004265,V-06,5,19.097272,72.867302,19.8,2026-06-15T09:08:00+05:30,2026-06-15T09:08:05+05:30
P-0004266,V-06,5,19.097037,72.867163,22.2,2026-06-15T09:08:10+05:30,2026-06-15T09:08:16+05:30
P-0004267,V-06,5,19.096669,72.867348,23.2,2026-06-15T09:08:20+05:30,2026-06-15T09:08:26+05:30
P-0004268,V-06,5,19.096168,72.867304,19.6,2026-06-15T09:08:30+05:30,2026-06-15T09:08:34+05:30
P-0004269,V-06,5,19.09611,72.86722,20.6,2026-06-15T09:08:40+05:30,2026-06-15T09:08:41+05:30
P-0004270,V-06,5,19.095585,72.86732,22.2,2026-06-15T09:08:50+05:30,2026-06-15T09:08:53+05:30
P-0004271,V-06,5,19.095094,72.86736,21.8,2026-06-15T09:09:00+05:30,2026-06-15T09:09:03+05:30
P-0004272,V-06,5,19.094846,72.867278,26.4,2026-06-15T09:09:10+05:30,2026-06-15T09:09:16+05:30
P-0004273,V-06,5,19.094708,72.867337,20.2,2026-06-15T09:09:20+05:30,2026-06-15T09:09:24+05:30
P-0004274,V-06,5,19.09444,72.867348,24.0,2026-06-15T09:09:30+05:30,2026-06-15T09:09:33+05:30
P-0004275,V-06,5,19.093923,72.867111,22.7,2026-06-15T09:09:40+05:30,2026-06-15T09:09:43+05:30
P-0004276,V-06,5,19.093476,72.86708,26.0,2026-06-15T09:09:50+05:30,2026-06-15T09:09:56+05:30
P-0004277,V-06,5,19.093559,72.866938,27.8,2026-06-15T09:10:00+05:30,2026-06-15T09:10:01+05:30
P-0004278,V-06,5,19.093262,72.867245,30.8,2026-06-15T09:10:10+05:30,2026-06-15T09:10:13+05:30
P-0004279,V-06,5,19.092922,72.867142,19.3,2026-06-15T09:10:20+05:30,2026-06-15T09:10:24+05:30
P-0004280,V-06,5,19.092191,72.867246,22.3,2026-06-15T09:10:30+05:30,2026-06-15T09:10:36+05:30
P-0004281,V-06,5,19.091914,72.867035,23.5,2026-06-15T09:10:40+05:30,2026-06-15T09:10:41+05:30
P-0004282,V-06,5,19.091697,72.867108,23.3,2026-06-15T09:10:50+05:30,2026-06-15T09:10:55+05:30
P-0004283,V-06,5,19.091211,72.867161,26.2,2026-06-15T09:11:00+05:30,2026-06-15T09:11:03+05:30
P-0004284,V-06,5,19.091023,72.867106,29.8,2026-06-15T09:11:10+05:30,2026-06-15T09:11:13+05:30
P-0004285,V-06,5,19.090534,72.867255,26.8,2026-06-15T09:11:20+05:30,2026-06-15T09:11:24+05:30
P-0004286,V-06,5,19.090591,72.86688,27.0,2026-06-15T09:11:30+05:30,2026-06-15T09:11:35+05:30
P-0004287,V-06,5,19.090015,72.867053,20.0,2026-06-15T09:11:40+05:30,2026-06-15T09:11:46+05:30
P-0004288,V-06,5,19.08957,72.867126,23.7,2026-06-15T09:11:50+05:30,2026-06-15T09:11:51+05:30
P-0004289,V-06,5,19.089604,72.867276,25.5,2026-06-15T09:12:00+05:30,2026-06-15T09:12:05+05:30
P-0004290,V-06,5,19.089368,72.866988,21.9,2026-06-15T09:12:10+05:30,2026-06-15T09:12:14+05:30
P-0004291,V-06,5,19.088845,72.867301,27.9,2026-06-15T09:12:20+05:30,2026-06-15T09:12:22+05:30
P-0004292,V-06,5,19.088621,72.867231,28.3,2026-06-15T09:12:30+05:30,2026-06-15T09:12:33+05:30
P-0004293,V-06,5,19.08816,72.867217,30.1,2026-06-15T09:12:40+05:30,2026-06-15T09:12:44+05:30
P-0004294,V-06,5,19.087749,72.866887,28.8,2026-06-15T09:12:50+05:30,2026-06-15T09:12:54+05:30
P-0004295,V-06,5,19.087326,72.867227,30.8,2026-06-15T09:13:00+05:30,2026-06-15T09:13:03+05:30
P-0004296,V-06,5,19.086952,72.866945,32.1,2026-06-15T09:13:10+05:30,2026-06-15T09:13:15+05:30
P-0004297,V-06,5,19.086762,72.866956,29.9,2026-06-15T09:13:20+05:30,2026-06-15T09:13:22+05:30
P-0004298,V-06,5,19.086581,72.867253,21.4,2026-06-15T09:13:30+05:30,2026-06-15T09:13:31+05:30
P-0004299,V-06,5,19.086065,72.866989,26.3,2026-06-15T09:13:40+05:30,2026-06-15T09:13:42+05:30
P-0004300,V-06,5,19.085653,72.867177,26.1,2026-06-15T09:13:50+05:30,2026-06-15T09:13:52+05:30
P-0004301,V-06,5,19.085782,72.866972,23.5,2026-06-15T09:14:00+05:30,2026-06-15T09:14:05+05:30
P-0004302,V-06,5,19.085121,72.867159,28.4,2026-06-15T09:14:10+05:30,2026-06-15T09:14:14+05:30
P-0004303,V-06,5,19.085149,72.866925,26.0,2026-06-15T09:14:20+05:30,2026-06-15T09:14:23+05:30
P-0004304,V-06,5,19.084584,72.866875,33.0,2026-06-15T09:14:30+05:30,2026-06-15T09:14:36+05:30
P-0004305,V-06,5,19.08434,72.866839,30.9,2026-06-15T09:14:40+05:30,2026-06-15T09:14:41+05:30
P-0004306,V-06,5,19.083885,72.866883,31.4,2026-06-15T09:14:50+05:30,2026-06-15T09:14:56+05:30
P-0004307,V-06,5,19.083874,72.866803,32.7,2026-06-15T09:15:00+05:30,2026-06-15T09:15:06+05:30
P-0004308,V-06,5,19.08314,72.866928,25.0,2026-06-15T09:15:10+05:30,2026-06-15T09:15:11+05:30
P-0004309,V-06,5,19.083183,72.866836,30.2,2026-06-15T09:15:20+05:30,2026-06-15T09:15:25+05:30
P-0004310,V-06,5,19.082661,72.867301,31.5,2026-06-15T09:15:30+05:30,2026-06-15T09:15:31+05:30
P-0004311,V-06,5,19.082408,72.867036,30.1,2026-06-15T09:15:40+05:30,2026-06-15T09:15:42+05:30
P-0004312,V-06,5,19.081845,72.867211,32.0,2026-06-15T09:15:50+05:30,2026-06-15T09:15:54+05:30
P-0004313,V-06,5,19.081845,72.867026,28.5,2026-06-15T09:16:00+05:30,2026-06-15T09:16:02+05:30
P-0004314,V-06,5,19.081516,72.867059,29.3,2026-06-15T09:16:10+05:30,2026-06-15T09:16:14+05:30
P-0004315,V-06,5,19.080827,72.867506,30.5,2026-06-15T09:16:20+05:30,2026-06-15T09:16:25+05:30
P-0004316,V-06,5,19.080638,72.867269,29.4,2026-06-15T09:16:30+05:30,2026-06-15T09:16:32+05:30
P-0004317,V-06,5,19.080471,72.867482,23.7,2026-06-15T09:16:40+05:30,2026-06-15T09:16:44+05:30
P-0004318,V-06,5,19.080202,72.867377,25.3,2026-06-15T09:16:50+05:30,2026-06-15T09:16:55+05:30
P-0004319,V-06,5,19.079503,72.867285,30.4,2026-06-15T09:17:00+05:30,2026-06-15T09:17:01+05:30
P-0004320,V-06,5,19.079484,72.86742,25.3,2026-06-15T09:17:10+05:30,2026-06-15T09:17:15+05:30
P-0004321,V-06,5,19.078988,72.867699,29.1,2026-06-15T09:17:20+05:30,2026-06-15T09:17:24+05:30
P-0004322,V-06,5,19.07865,72.867562,30.9,2026-06-15T09:17:30+05:30,2026-06-15T09:17:33+05:30
P-0004323,V-06,5,19.078215,72.867545,29.6,2026-06-15T09:17:40+05:30,2026-06-15T09:17:41+05:30
P-0004324,V-06,5,19.078088,72.867511,23.1,2026-06-15T09:17:50+05:30,2026-06-15T09:17:56+05:30
P-0004325,V-06,5,19.078023,72.867739,28.4,2026-06-15T09:18:00+05:30,2026-06-15T09:18:03+05:30
P-0004326,V-06,5,19.077483,72.867642,29.3,2026-06-15T09:18:10+05:30,2026-06-15T09:18:12+05:30
P-0004327,V-06,5,19.077254,72.867852,30.9,2026-06-15T09:18:20+05:30,2026-06-15T09:18:21+05:30
P-0004328,V-06,5,19.076674,72.867892,34.0,2026-06-15T09:18:30+05:30,2026-06-15T09:18:35+05:30
P-0004329,V-06,5,19.076351,72.867913,34.7,2026-06-15T09:18:40+05:30,2026-06-15T09:18:43+05:30
P-0004330,V-06,5,19.075992,72.867661,35.3,2026-06-15T09:18:50+05:30,2026-06-15T09:18:56+05:30
P-0004331,V-06,5,19.075685,72.86769,27.9,2026-06-15T09:19:00+05:30,2026-06-15T09:19:05+05:30
P-0004332,V-06,5,19.075726,72.868064,27.0,2026-06-15T09:19:10+05:30,2026-06-15T09:19:11+05:30
P-0004333,V-06,5,19.075387,72.868055,25.0,2026-06-15T09:19:20+05:30,2026-06-15T09:19:24+05:30
P-0004334,V-06,5,19.074763,72.868184,26.2,2026-06-15T09:19:30+05:30,2026-06-15T09:19:31+05:30
P-0004335,V-06,5,19.074512,72.867901,24.5,2026-06-15T09:19:40+05:30,2026-06-15T09:19:43+05:30
P-0004336,V-06,5,19.074511,72.868195,35.5,2026-06-15T09:19:50+05:30,2026-06-15T09:19:54+05:30
P-0004337,V-06,5,19.073729,72.867945,35.7,2026-06-15T09:20:00+05:30,2026-06-15T09:20:04+05:30
P-0004338,V-06,5,19.073871,72.868147,29.9,2026-06-15T09:20:10+05:30,2026-06-15T09:20:14+05:30
P-0004339,V-06,5,19.07308,72.867935,29.4,2026-06-15T09:20:20+05:30,2026-06-15T09:20:26+05:30
P-0004340,V-06,5,19.073224,72.868014,27.2,2026-06-15T09:20:30+05:30,2026-06-15T09:20:35+05:30
P-0004341,V-06,5,19.072803,72.868339,28.8,2026-06-15T09:20:40+05:30,2026-06-15T09:20:41+05:30
P-0004342,V-06,5,19.07247,72.868216,33.5,2026-06-15T09:20:50+05:30,2026-06-15T09:20:56+05:30
P-0004343,V-06,5,19.071814,72.86813,35.0,2026-06-15T09:21:00+05:30,2026-06-15T09:21:05+05:30
P-0004344,V-06,5,19.071843,72.868251,30.3,2026-06-15T09:21:10+05:30,2026-06-15T09:21:15+05:30
P-0004345,V-06,5,19.071189,72.868604,33.2,2026-06-15T09:21:20+05:30,2026-06-15T09:21:25+05:30
P-0004346,V-06,5,19.070831,72.86847,29.2,2026-06-15T09:21:30+05:30,2026-06-15T09:21:34+05:30
P-0004347,V-06,5,19.070883,72.868536,28.9,2026-06-15T09:21:40+05:30,2026-06-15T09:21:46+05:30
P-0004348,V-06,5,19.070549,72.868483,30.2,2026-06-15T09:21:50+05:30,2026-06-15T09:21:52+05:30
P-0004349,V-06,5,19.070233,72.868788,31.2,2026-06-15T09:22:00+05:30,2026-06-15T09:22:01+05:30
P-0004350,V-06,5,19.06963,72.868359,32.7,2026-06-15T09:22:10+05:30,2026-06-15T09:22:16+05:30
P-0004351,V-06,5,19.069194,72.868556,34.1,2026-06-15T09:22:20+05:30,2026-06-15T09:22:21+05:30
P-0004352,V-06,5,19.068947,72.868744,35.2,2026-06-15T09:22:30+05:30,2026-06-15T09:22:34+05:30
P-0004353,V-06,5,19.068598,72.868642,36.3,2026-06-15T09:22:40+05:30,2026-06-15T09:22:42+05:30
P-0004354,V-06,5,19.068412,72.868555,30.8,2026-06-15T09:22:50+05:30,2026-06-15T09:22:55+05:30
P-0004355,V-06,5,19.068054,72.868761,27.3,2026-06-15T09:23:00+05:30,2026-06-15T09:23:06+05:30
P-0004356,V-06,5,19.067718,72.868656,37.4,2026-06-15T09:23:10+05:30,2026-06-15T09:23:14+05:30
P-0004357,V-06,5,19.067711,72.868991,31.7,2026-06-15T09:23:20+05:30,2026-06-15T09:23:23+05:30
P-0004358,V-06,5,19.067152,72.868721,35.3,2026-06-15T09:23:30+05:30,2026-06-15T09:23:31+05:30
P-0004359,V-06,5,19.06693,72.869064,37.8,2026-06-15T09:23:40+05:30,2026-06-15T09:23:44+05:30
P-0004360,V-06,5,19.066735,72.869013,29.2,2026-06-15T09:23:50+05:30,2026-06-15T09:23:53+05:30
P-0004361,V-06,5,19.065959,72.868893,33.4,2026-06-15T09:24:00+05:30,2026-06-15T09:24:06+05:30
P-0004362,V-01,5,19.218309,72.977855,31.8,2026-06-16T06:45:00+05:30,2026-06-16T06:45:05+05:30
P-0004363,V-01,5,19.217765,72.978,35.1,2026-06-16T06:45:10+05:30,2026-06-16T06:45:15+05:30
P-0004364,V-01,5,19.21758,72.977887,28.8,2026-06-16T06:45:20+05:30,2026-06-16T06:45:23+05:30
P-0004365,V-01,5,19.217186,72.977356,37.3,2026-06-16T06:45:30+05:30,2026-06-16T06:45:35+05:30
P-0004366,V-01,5,19.216995,72.977228,29.3,2026-06-16T06:45:40+05:30,2026-06-16T06:45:44+05:30
P-0004367,V-01,5,19.216623,72.977377,31.2,2026-06-16T06:45:50+05:30,2026-06-16T06:45:53+05:30
P-0004368,V-01,5,19.216547,72.976902,27.0,2026-06-16T06:46:00+05:30,2026-06-16T06:46:03+05:30
P-0004369,V-01,5,19.216246,72.976951,36.9,2026-06-16T06:46:10+05:30,2026-06-16T06:46:15+05:30
P-0004370,V-01,5,19.215933,72.97676,35.3,2026-06-16T06:46:20+05:30,2026-06-16T06:46:22+05:30
P-0004371,V-01,5,19.215372,72.976323,36.5,2026-06-16T06:46:30+05:30,2026-06-16T06:46:32+05:30
P-0004372,V-01,5,19.214992,72.976055,36.1,2026-06-16T06:46:40+05:30,2026-06-16T06:46:45+05:30
P-0004373,V-01,5,19.21467,72.976155,30.5,2026-06-16T06:46:50+05:30,2026-06-16T06:46:55+05:30
P-0004374,V-01,5,19.214669,72.975693,26.8,2026-06-16T06:47:00+05:30,2026-06-16T06:47:02+05:30
P-0004375,V-01,5,19.214259,72.975705,32.6,2026-06-16T06:47:10+05:30,2026-06-16T06:47:15+05:30
P-0004376,V-01,5,19.213946,72.97539,25.3,2026-06-16T06:47:20+05:30,2026-06-16T06:47:26+05:30
P-0004377,V-01,5,19.213432,72.975243,29.3,2026-06-16T06:47:30+05:30,2026-06-16T06:47:33+05:30
P-0004378,V-01,5,19.213163,72.975217,30.6,2026-06-16T06:47:40+05:30,2026-06-16T06:47:44+05:30
P-0004379,V-01,5,19.212767,72.974915,33.1,2026-06-16T06:47:50+05:30,2026-06-16T06:47:53+05:30
P-0004380,V-01,5,19.212527,72.974651,25.8,2026-06-16T06:48:00+05:30,2026-06-16T06:48:04+05:30
P-0004381,V-01,5,19.212188,72.974588,34.3,2026-06-16T06:48:10+05:30,2026-06-16T06:48:16+05:30
P-0004382,V-01,5,19.211833,72.974318,29.1,2026-06-16T06:48:20+05:30,2026-06-16T06:48:22+05:30
P-0004383,V-01,5,19.211313,72.973828,34.6,2026-06-16T06:48:30+05:30,2026-06-16T06:48:31+05:30
P-0004384,V-01,5,19.211282,72.973992,34.8,2026-06-16T06:48:40+05:30,2026-06-16T06:48:44+05:30
P-0004385,V-01,5,19.211036,72.973784,31.8,2026-06-16T06:48:50+05:30,2026-06-16T06:48:51+05:30
P-0004386,V-01,5,19.210383,72.973487,27.6,2026-06-16T06:49:00+05:30,2026-06-16T06:49:02+05:30
P-0004387,V-01,5,19.210312,72.973509,33.9,2026-06-16T06:49:10+05:30,2026-06-16T06:49:16+05:30
P-0004388,V-01,5,19.209921,72.973203,24.6,2026-06-16T06:49:20+05:30,2026-06-16T06:49:21+05:30
P-0004389,V-01,5,19.209453,72.972986,32.5,2026-06-16T06:49:30+05:30,2026-06-16T06:49:31+05:30
P-0004390,V-01,5,19.209232,72.972742,34.3,2026-06-16T06:49:40+05:30,2026-06-16T06:49:44+05:30
P-0004391,V-01,5,19.208834,72.972738,32.4,2026-06-16T06:49:50+05:30,2026-06-16T06:49:56+05:30
P-0004392,V-01,5,19.208454,72.972351,31.3,2026-06-16T06:50:00+05:30,2026-06-16T06:50:02+05:30
P-0004393,V-01,5,19.208496,72.972314,28.1,2026-06-16T06:50:10+05:30,2026-06-16T06:50:16+05:30
P-0004394,V-01,5,19.208019,72.972182,23.0,2026-06-16T06:50:20+05:30,2026-06-16T06:50:22+05:30
P-0004395,V-01,5,19.207692,72.971984,24.5,2026-06-16T06:50:30+05:30,2026-06-16T06:50:36+05:30
P-0004396,V-01,5,19.207527,72.971645,30.8,2026-06-16T06:50:40+05:30,2026-06-16T06:50:44+05:30
P-0004397,V-01,5,19.206859,72.971268,28.9,2026-06-16T06:50:50+05:30,2026-06-16T06:50:52+05:30
P-0004398,V-01,5,19.206541,72.971337,31.8,2026-06-16T06:51:00+05:30,2026-06-16T06:51:02+05:30
P-0004399,V-01,5,19.206444,72.970759,24.4,2026-06-16T06:51:10+05:30,2026-06-16T06:51:11+05:30
P-0004400,V-01,5,19.205983,72.970853,25.1,2026-06-16T06:51:20+05:30,2026-06-16T06:51:25+05:30
P-0004401,V-01,5,19.205543,72.970662,21.7,2026-06-16T06:51:30+05:30,2026-06-16T06:51:34+05:30
P-0004402,V-01,5,19.205582,72.970537,24.7,2026-06-16T06:51:40+05:30,2026-06-16T06:51:43+05:30
P-0004403,V-01,5,19.204943,72.970347,23.3,2026-06-16T06:51:50+05:30,2026-06-16T06:51:53+05:30
P-0004404,V-01,5,19.204649,72.970168,20.6,2026-06-16T06:52:00+05:30,2026-06-16T06:52:02+05:30
P-0004405,V-01,5,19.204689,72.96985,30.0,2026-06-16T06:52:10+05:30,2026-06-16T06:52:16+05:30
P-0004406,V-01,5,19.204411,72.969719,24.9,2026-06-16T06:52:20+05:30,2026-06-16T06:52:21+05:30
P-0004407,V-01,5,19.20384,72.969656,22.5,2026-06-16T06:52:30+05:30,2026-06-16T06:52:32+05:30
P-0004408,V-01,5,19.203711,72.969254,28.0,2026-06-16T06:52:40+05:30,2026-06-16T06:52:45+05:30
P-0004409,V-01,5,19.203333,72.969115,23.6,2026-06-16T06:52:50+05:30,2026-06-16T06:52:51+05:30
P-0004410,V-01,5,19.2028,72.968908,20.4,2026-06-16T06:53:00+05:30,2026-06-16T06:53:02+05:30
P-0004411,V-01,5,19.202843,72.968579,24.3,2026-06-16T06:53:10+05:30,2026-06-16T06:53:12+05:30
P-0004412,V-01,5,19.2025,72.968556,19.6,2026-06-16T06:53:20+05:30,2026-06-16T06:53:22+05:30
P-0004413,V-01,5,19.20195,72.968017,27.6,2026-06-16T06:53:30+05:30,2026-06-16T06:53:32+05:30
P-0004414,V-01,5,19.201637,72.968035,27.2,2026-06-16T06:53:40+05:30,2026-06-16T06:53:46+05:30
P-0004415,V-01,5,19.201434,72.967444,19.8,2026-06-16T06:53:50+05:30,2026-06-16T06:53:55+05:30
P-0004416,V-01,5,19.200982,72.967526,24.4,2026-06-16T06:54:00+05:30,2026-06-16T06:54:04+05:30
P-0004417,V-01,5,19.200764,72.96705,26.9,2026-06-16T06:54:10+05:30,2026-06-16T06:54:12+05:30
P-0004418,V-01,5,19.200431,72.966903,22.5,2026-06-16T06:54:20+05:30,2026-06-16T06:54:25+05:30
P-0004419,V-01,5,19.200146,72.966516,26.4,2026-06-16T06:54:30+05:30,2026-06-16T06:54:35+05:30
P-0004420,V-01,5,19.200134,72.966396,26.7,2026-06-16T06:54:40+05:30,2026-06-16T06:54:41+05:30
P-0004421,V-01,5,19.199623,72.966502,20.2,2026-06-16T06:54:50+05:30,2026-06-16T06:54:56+05:30
P-0004422,V-01,5,19.199215,72.965978,28.6,2026-06-16T06:55:00+05:30,2026-06-16T06:55:04+05:30
P-0004423,V-01,5,19.199074,72.965727,20.2,2026-06-16T06:55:10+05:30,2026-06-16T06:55:14+05:30
P-0004424,V-01,5,19.198555,72.965777,24.7,2026-06-16T06:55:20+05:30,2026-06-16T06:55:23+05:30
P-0004425,V-01,5,19.198659,72.965472,27.7,2026-06-16T06:55:30+05:30,2026-06-16T06:55:35+05:30
P-0004426,V-01,5,19.198085,72.965389,28.6,2026-06-16T06:55:40+05:30,2026-06-16T06:55:44+05:30
P-0004427,V-01,5,19.197888,72.964708,23.4,2026-06-16T06:55:50+05:30,2026-06-16T06:55:52+05:30
P-0004428,V-01,5,19.197382,72.964714,19.9,2026-06-16T06:56:00+05:30,2026-06-16T06:56:01+05:30
P-0004429,V-01,5,19.197498,72.964326,17.9,2026-06-16T06:56:10+05:30,2026-06-16T06:56:12+05:30
P-0004430,V-01,5,19.197261,72.964224,25.3,2026-06-16T06:56:20+05:30,2026-06-16T06:56:21+05:30
P-0004431,V-01,5,19.196566,72.964249,25.6,2026-06-16T06:56:30+05:30,2026-06-16T06:56:31+05:30
P-0004432,V-01,5,19.196465,72.963799,24.4,2026-06-16T06:56:40+05:30,2026-06-16T06:56:45+05:30
P-0004433,V-01,5,19.196219,72.963522,25.0,2026-06-16T06:56:50+05:30,2026-06-16T06:56:56+05:30
P-0004434,V-01,5,19.196042,72.96337,22.4,2026-06-16T06:57:00+05:30,2026-06-16T06:57:05+05:30
P-0004435,V-01,5,19.195777,72.963038,26.0,2026-06-16T06:57:10+05:30,2026-06-16T06:57:14+05:30
P-0004436,V-01,5,19.195088,72.962837,28.0,2026-06-16T06:57:20+05:30,2026-06-16T06:57:21+05:30
P-0004437,V-01,5,19.194904,72.962566,21.2,2026-06-16T06:57:30+05:30,2026-06-16T06:57:34+05:30
P-0004438,V-01,5,19.194752,72.962301,16.8,2026-06-16T06:57:40+05:30,2026-06-16T06:57:46+05:30
P-0004439,V-01,5,19.194266,72.962307,17.5,2026-06-16T06:57:50+05:30,2026-06-16T06:57:51+05:30
P-0004440,V-01,5,19.19392,72.961716,16.7,2026-06-16T06:58:00+05:30,2026-06-16T06:58:05+05:30
P-0004441,V-01,5,19.19354,72.961847,25.3,2026-06-16T06:58:10+05:30,2026-06-16T06:58:16+05:30
P-0004442,V-01,5,19.193221,72.961366,26.4,2026-06-16T06:58:20+05:30,2026-06-16T06:58:23+05:30
P-0004443,V-01,5,19.193081,72.961236,26.0,2026-06-16T06:58:30+05:30,2026-06-16T06:58:33+05:30
P-0004444,V-01,5,19.192702,72.960924,23.3,2026-06-16T06:58:40+05:30,2026-06-16T06:58:41+05:30
P-0004445,V-01,5,19.192501,72.960871,21.9,2026-06-16T06:58:50+05:30,2026-06-16T06:58:54+05:30
P-0004446,V-01,5,19.192262,72.96084,16.1,2026-06-16T06:59:00+05:30,2026-06-16T06:59:03+05:30
P-0004447,V-01,5,19.191968,72.960367,18.1,2026-06-16T06:59:10+05:30,2026-06-16T06:59:14+05:30
P-0004448,V-01,5,19.191621,72.959971,16.3,2026-06-16T06:59:20+05:30,2026-06-16T06:59:23+05:30
P-0004449,V-01,5,19.191294,72.959682,21.5,2026-06-16T06:59:30+05:30,2026-06-16T06:59:32+05:30
P-0004450,V-01,5,19.190897,72.959914,19.1,2026-06-16T06:59:40+05:30,2026-06-16T06:59:45+05:30
P-0004451,V-01,5,19.19071,72.959517,23.2,2026-06-16T06:59:50+05:30,2026-06-16T06:59:56+05:30
P-0004452,V-01,5,19.19059,72.959155,20.9,2026-06-16T07:00:00+05:30,2026-06-16T07:00:06+05:30
P-0004453,V-01,5,19.190201,72.958929,16.7,2026-06-16T07:00:10+05:30,2026-06-16T07:00:13+05:30
P-0004454,V-01,5,19.189739,72.958978,23.3,2026-06-16T07:00:20+05:30,2026-06-16T07:00:23+05:30
P-0004455,V-01,5,19.18985,72.958528,24.6,2026-06-16T07:00:30+05:30,2026-06-16T07:00:32+05:30
P-0004456,V-01,5,19.18917,72.958194,26.2,2026-06-16T07:00:40+05:30,2026-06-16T07:00:41+05:30
P-0004457,V-01,5,19.188894,72.95789,20.4,2026-06-16T07:00:50+05:30,2026-06-16T07:00:52+05:30
P-0004458,V-01,5,19.188879,72.957998,24.4,2026-06-16T07:01:00+05:30,2026-06-16T07:01:06+05:30
P-0004459,V-01,5,19.18843,72.957621,22.7,2026-06-16T07:01:10+05:30,2026-06-16T07:01:16+05:30
P-0004460,V-01,5,19.188287,72.957164,16.2,2026-06-16T07:01:20+05:30,2026-06-16T07:01:26+05:30
P-0004461,V-01,5,19.187948,72.957076,25.6,2026-06-16T07:01:30+05:30,2026-06-16T07:01:33+05:30
P-0004462,V-01,5,19.18749,72.957127,19.9,2026-06-16T07:01:40+05:30,2026-06-16T07:01:46+05:30
P-0004463,V-01,5,19.187027,72.956698,15.6,2026-06-16T07:01:50+05:30,2026-06-16T07:01:56+05:30
P-0004464,V-01,5,19.186888,72.956463,25.0,2026-06-16T07:02:00+05:30,2026-06-16T07:02:05+05:30
P-0004465,V-01,5,19.186563,72.956198,14.7,2026-06-16T07:02:10+05:30,2026-06-16T07:02:11+05:30
P-0004466,V-01,5,19.186305,72.955809,17.1,2026-06-16T07:02:20+05:30,2026-06-16T07:02:26+05:30
P-0004467,V-01,5,19.185918,72.955792,15.5,2026-06-16T07:02:30+05:30,2026-06-16T07:02:34+05:30
P-0004468,V-01,5,19.185994,72.955788,21.7,2026-06-16T07:02:40+05:30,2026-06-16T07:02:43+05:30
P-0004469,V-01,5,19.185271,72.955396,16.8,2026-06-16T07:02:50+05:30,2026-06-16T07:02:55+05:30
P-0004470,V-01,5,19.185236,72.955312,17.1,2026-06-16T07:03:00+05:30,2026-06-16T07:03:05+05:30
P-0004471,V-01,5,19.18468,72.955041,23.3,2026-06-16T07:03:10+05:30,2026-06-16T07:03:11+05:30
P-0004472,V-01,5,19.18432,72.954833,20.9,2026-06-16T07:03:20+05:30,2026-06-16T07:03:23+05:30
P-0004473,V-01,5,19.184049,72.954203,17.0,2026-06-16T07:03:30+05:30,2026-06-16T07:03:33+05:30
P-0004474,V-01,5,19.183802,72.95421,16.3,2026-06-16T07:03:40+05:30,2026-06-16T07:03:41+05:30
P-0004475,V-01,5,19.183499,72.954132,16.5,2026-06-16T07:03:50+05:30,2026-06-16T07:03:53+05:30
P-0004476,V-01,5,19.183116,72.953706,21.6,2026-06-16T07:04:00+05:30,2026-06-16T07:04:03+05:30
P-0004477,V-01,5,19.182902,72.95375,25.5,2026-06-16T07:04:10+05:30,2026-06-16T07:04:15+05:30
P-0004478,V-01,5,19.182558,72.953561,24.2,2026-06-16T07:04:20+05:30,2026-06-16T07:04:24+05:30
P-0004479,V-01,5,19.182354,72.952933,15.3,2026-06-16T07:04:30+05:30,2026-06-16T07:04:34+05:30
P-0004480,V-01,5,19.182187,72.952797,21.5,2026-06-16T07:04:40+05:30,2026-06-16T07:04:43+05:30
P-0004481,V-01,5,19.181972,72.952729,25.2,2026-06-16T07:04:50+05:30,2026-06-16T07:04:55+05:30
P-0004482,V-01,5,19.181374,72.952387,23.8,2026-06-16T07:05:00+05:30,2026-06-16T07:05:04+05:30
P-0004483,V-01,5,19.180965,72.952416,23.6,2026-06-16T07:05:10+05:30,2026-06-16T07:05:11+05:30
P-0004484,V-01,5,19.180913,72.952341,23.7,2026-06-16T07:05:20+05:30,2026-06-16T07:05:25+05:30
P-0004485,V-01,5,19.180576,72.952006,23.4,2026-06-16T07:05:30+05:30,2026-06-16T07:05:34+05:30
P-0004486,V-01,5,19.180191,72.951804,19.1,2026-06-16T07:05:40+05:30,2026-06-16T07:05:46+05:30
P-0004487,V-01,5,19.18018,72.951465,15.6,2026-06-16T07:05:50+05:30,2026-06-16T07:05:51+05:30
P-0004488,V-01,5,19.17956,72.951202,13.7,2026-06-16T07:06:00+05:30,2026-06-16T07:06:03+05:30
P-0004489,V-01,5,19.179389,72.951295,22.5,2026-06-16T07:06:10+05:30,2026-06-16T07:06:11+05:30
P-0004490,V-01,5,19.178754,72.950981,13.2,2026-06-16T07:06:20+05:30,2026-06-16T07:06:21+05:30
P-0004491,V-01,5,19.178783,72.950619,19.2,2026-06-16T07:06:30+05:30,2026-06-16T07:06:36+05:30
P-0004492,V-01,5,19.17837,72.95058,24.7,2026-06-16T07:06:40+05:30,2026-06-16T07:06:44+05:30
P-0004493,V-01,5,19.178074,72.950288,22.3,2026-06-16T07:06:50+05:30,2026-06-16T07:06:53+05:30
P-0004494,V-01,5,19.17786,72.950036,22.0,2026-06-16T07:07:00+05:30,2026-06-16T07:07:01+05:30
P-0004495,V-01,5,19.177255,72.949823,17.5,2026-06-16T07:07:10+05:30,2026-06-16T07:07:14+05:30
P-0004496,V-01,5,19.177367,72.949411,15.1,2026-06-16T07:07:20+05:30,2026-06-16T07:07:23+05:30
P-0004497,V-01,5,19.176757,72.94967,23.7,2026-06-16T07:07:30+05:30,2026-06-16T07:07:31+05:30
P-0004498,V-01,5,19.176547,72.949038,24.0,2026-06-16T07:07:40+05:30,2026-06-16T07:07:45+05:30
P-0004499,V-01,5,19.176318,72.948815,16.9,2026-06-16T07:07:50+05:30,2026-06-16T07:07:52+05:30
P-0004500,V-01,5,19.175998,72.948567,16.4,2026-06-16T07:08:00+05:30,2026-06-16T07:08:02+05:30
P-0004501,V-01,5,19.175385,72.948777,20.2,2026-06-16T07:08:10+05:30,2026-06-16T07:08:14+05:30
P-0004502,V-01,5,19.175076,72.948474,12.4,2026-06-16T07:08:20+05:30,2026-06-16T07:08:23+05:30
P-0004503,V-01,5,19.17515,72.948256,16.7,2026-06-16T07:08:30+05:30,2026-06-16T07:08:31+05:30
P-0004504,V-01,5,19.174811,72.947792,13.7,2026-06-16T07:08:40+05:30,2026-06-16T07:08:44+05:30
P-0004505,V-01,5,19.174274,72.947959,23.6,2026-06-16T07:08:50+05:30,2026-06-16T07:08:56+05:30
P-0004506,V-01,5,19.173832,72.947678,18.2,2026-06-16T07:09:00+05:30,2026-06-16T07:09:06+05:30
P-0004507,V-01,5,19.173835,72.947573,17.1,2026-06-16T07:09:10+05:30,2026-06-16T07:09:13+05:30
P-0004508,V-01,5,19.173577,72.947317,16.6,2026-06-16T07:09:20+05:30,2026-06-16T07:09:23+05:30
P-0004509,V-01,5,19.173147,72.947161,13.6,2026-06-16T07:09:30+05:30,2026-06-16T07:09:31+05:30
P-0004510,V-01,5,19.172802,72.946576,18.0,2026-06-16T07:09:40+05:30,2026-06-16T07:09:43+05:30
P-0004511,V-01,5,19.172555,72.946307,16.4,2026-06-16T07:09:50+05:30,2026-06-16T07:09:51+05:30
P-0004512,V-01,5,19.171907,72.946249,19.0,2026-06-16T07:10:00+05:30,2026-06-16T07:10:06+05:30
P-0004513,V-01,5,19.171746,72.945986,21.7,2026-06-16T07:10:10+05:30,2026-06-16T07:10:11+05:30
P-0004514,V-01,5,19.171646,72.945965,16.0,2026-06-16T07:10:20+05:30,2026-06-16T07:10:22+05:30
P-0004515,V-01,5,19.171335,72.945648,21.2,2026-06-16T07:10:30+05:30,2026-06-16T07:10:36+05:30
P-0004516,V-01,5,19.170855,72.945392,23.5,2026-06-16T07:10:40+05:30,2026-06-16T07:10:44+05:30
P-0004517,V-01,5,19.170509,72.945261,13.1,2026-06-16T07:10:50+05:30,2026-06-16T07:10:52+05:30
P-0004518,V-01,5,19.170342,72.945036,20.8,2026-06-16T07:11:00+05:30,2026-06-16T07:11:06+05:30
P-0004519,V-01,5,19.169825,72.94485,19.0,2026-06-16T07:11:10+05:30,2026-06-16T07:11:12+05:30
P-0004520,V-01,5,19.16966,72.944571,18.0,2026-06-16T07:11:20+05:30,2026-06-16T07:11:25+05:30
P-0004521,V-01,5,19.169526,72.944434,12.5,2026-06-16T07:11:30+05:30,2026-06-16T07:11:31+05:30
P-0004522,V-01,5,19.169166,72.9443,14.2,2026-06-16T07:11:40+05:30,2026-06-16T07:11:42+05:30
P-0004523,V-01,5,19.168919,72.944228,23.6,2026-06-16T07:11:50+05:30,2026-06-16T07:11:53+05:30
P-0004524,V-01,5,19.168609,72.943777,20.9,2026-06-16T07:12:00+05:30,2026-06-16T07:12:01+05:30
P-0004525,V-01,5,19.167976,72.943345,22.6,2026-06-16T07:12:10+05:30,2026-06-16T07:12:12+05:30
P-0004526,V-01,5,19.167719,72.943418,16.8,2026-06-16T07:12:20+05:30,2026-06-16T07:12:24+05:30
P-0004527,V-01,5,19.167777,72.942852,23.3,2026-06-16T07:12:30+05:30,2026-06-16T07:12:34+05:30
P-0004528,V-01,5,19.16758,72.942549,23.6,2026-06-16T07:12:40+05:30,2026-06-16T07:12:43+05:30
P-0004529,V-01,5,19.167242,72.942473,18.1,2026-06-16T07:12:50+05:30,2026-06-16T07:12:52+05:30
P-0004530,V-01,5,19.166929,72.94204,15.3,2026-06-16T07:13:00+05:30,2026-06-16T07:13:01+05:30
P-0004531,V-01,5,19.16685,72.941752,19.1,2026-06-16T07:13:10+05:30,2026-06-16T07:13:12+05:30
P-0004532,V-01,5,19.166218,72.941537,21.0,2026-06-16T07:13:20+05:30,2026-06-16T07:13:25+05:30
P-0004533,V-01,5,19.166135,72.941454,21.6,2026-06-16T07:13:30+05:30,2026-06-16T07:13:36+05:30
P-0004534,V-01,5,19.165735,72.940788,22.1,2026-06-16T07:13:40+05:30,2026-06-16T07:13:41+05:30
P-0004535,V-01,5,19.1657,72.940952,19.2,2026-06-16T07:13:50+05:30,2026-06-16T07:13:52+05:30
P-0004536,V-01,5,19.165207,72.94028,23.0,2026-06-16T07:14:00+05:30,2026-06-16T07:14:01+05:30
P-0004537,V-01,5,19.165007,72.940276,22.7,2026-06-16T07:14:10+05:30,2026-06-16T07:14:13+05:30
P-0004538,V-01,5,19.165088,72.940022,22.8,2026-06-16T07:14:20+05:30,2026-06-16T07:14:22+05:30
P-0004539,V-01,5,19.164806,72.9398,19.4,2026-06-16T07:14:30+05:30,2026-06-16T07:14:32+05:30
P-0004540,V-01,5,19.164255,72.939146,22.9,2026-06-16T07:14:40+05:30,2026-06-16T07:14:44+05:30
P-0004541,V-01,5,19.164397,72.93928,23.0,2026-06-16T07:14:50+05:30,2026-06-16T07:14:55+05:30
P-0004542,V-01,5,19.164003,72.938626,19.6,2026-06-16T07:15:00+05:30,2026-06-16T07:15:03+05:30
P-0004543,V-01,5,19.16369,72.938518,15.5,2026-06-16T07:15:10+05:30,2026-06-16T07:15:15+05:30
P-0004544,V-01,5,19.163253,72.938011,13.5,2026-06-16T07:15:20+05:30,2026-06-16T07:15:25+05:30
P-0004545,V-01,5,19.163123,72.937947,21.9,2026-06-16T07:15:30+05:30,2026-06-16T07:15:33+05:30
P-0004546,V-01,5,19.163157,72.937874,16.4,2026-06-16T07:15:40+05:30,2026-06-16T07:15:41+05:30
P-0004547,V-01,5,19.162429,72.937409,13.4,2026-06-16T07:15:50+05:30,2026-06-16T07:15:53+05:30
P-0004548,V-01,5,19.162478,72.937352,23.3,2026-06-16T07:16:00+05:30,2026-06-16T07:16:02+05:30
P-0004549,V-01,5,19.162119,72.937064,22.0,2026-06-16T07:16:10+05:30,2026-06-16T07:16:13+05:30
P-0004550,V-01,5,19.161805,72.93681,15.6,2026-06-16T07:16:20+05:30,2026-06-16T07:16:25+05:30
P-0004551,V-01,5,19.161451,72.936206,21.3,2026-06-16T07:16:30+05:30,2026-06-16T07:16:32+05:30
P-0004552,V-01,5,19.161446,72.935794,20.6,2026-06-16T07:16:40+05:30,2026-06-16T07:16:44+05:30
P-0004553,V-01,5,19.160962,72.935837,23.6,2026-06-16T07:16:50+05:30,2026-06-16T07:16:51+05:30
P-0004554,V-01,5,19.160723,72.935506,15.9,2026-06-16T07:17:00+05:30,2026-06-16T07:17:06+05:30
P-0004555,V-01,5,19.160839,72.934971,23.0,2026-06-16T07:17:10+05:30,2026-06-16T07:17:12+05:30
P-0004556,V-01,5,19.160548,72.934962,15.2,2026-06-16T07:17:20+05:30,2026-06-16T07:17:26+05:30
P-0004557,V-01,5,19.160004,72.934828,17.2,2026-06-16T07:17:30+05:30,2026-06-16T07:17:31+05:30
P-0004558,V-01,5,19.160073,72.934477,24.3,2026-06-16T07:17:40+05:30,2026-06-16T07:17:44+05:30
P-0004559,V-01,5,19.159825,72.933857,21.2,2026-06-16T07:17:50+05:30,2026-06-16T07:17:55+05:30
P-0004560,V-01,5,19.159602,72.934055,19.3,2026-06-16T07:18:00+05:30,2026-06-16T07:18:05+05:30
P-0004561,V-01,5,19.159183,72.933463,23.8,2026-06-16T07:18:10+05:30,2026-06-16T07:18:13+05:30
P-0004562,V-01,5,19.158953,72.93302,14.3,2026-06-16T07:18:20+05:30,2026-06-16T07:18:22+05:30
P-0004563,V-01,5,19.158656,72.932941,24.5,2026-06-16T07:18:30+05:30,2026-06-16T07:18:36+05:30
P-0004564,V-01,5,19.15835,72.932523,14.9,2026-06-16T07:18:40+05:30,2026-06-16T07:18:46+05:30
P-0004565,V-01,5,19.158011,72.932609,19.5,2026-06-16T07:18:50+05:30,2026-06-16T07:18:53+05:30
P-0004566,V-01,5,19.157763,72.932281,18.8,2026-06-16T07:19:00+05:30,2026-06-16T07:19:06+05:30
P-0004567,V-01,5,19.157435,72.931637,18.1,2026-06-16T07:19:10+05:30,2026-06-16T07:19:11+05:30
P-0004568,V-01,5,19.157572,72.931553,21.9,2026-06-16T07:19:20+05:30,2026-06-16T07:19:22+05:30
P-0004569,V-01,5,19.156904,72.931549,23.1,2026-06-16T07:19:30+05:30,2026-06-16T07:19:31+05:30
P-0004570,V-01,5,19.156793,72.930982,21.9,2026-06-16T07:19:40+05:30,2026-06-16T07:19:42+05:30
P-0004571,V-01,5,19.156486,72.93064,22.7,2026-06-16T07:19:50+05:30,2026-06-16T07:19:52+05:30
P-0004572,V-01,5,19.156593,72.930685,19.9,2026-06-16T07:20:00+05:30,2026-06-16T07:20:03+05:30
P-0004573,V-01,5,19.155995,72.930017,22.2,2026-06-16T07:20:10+05:30,2026-06-16T07:20:14+05:30
P-0004574,V-01,5,19.155729,72.930138,24.0,2026-06-16T07:20:20+05:30,2026-06-16T07:20:22+05:30
P-0004575,V-01,5,19.15561,72.929472,22.2,2026-06-16T07:20:30+05:30,2026-06-16T07:20:35+05:30
P-0004576,V-01,5,19.155398,72.929371,22.7,2026-06-16T07:20:40+05:30,2026-06-16T07:20:43+05:30
P-0004577,V-01,5,19.155327,72.929047,14.5,2026-06-16T07:20:50+05:30,2026-06-16T07:20:56+05:30
P-0004578,V-01,5,19.15489,72.92903,17.8,2026-06-16T07:21:00+05:30,2026-06-16T07:21:06+05:30
P-0004579,V-01,5,19.154442,72.928734,19.4,2026-06-16T07:21:10+05:30,2026-06-16T07:21:16+05:30
P-0004580,V-01,5,19.154599,72.928149,25.4,2026-06-16T07:21:20+05:30,2026-06-16T07:21:21+05:30
P-0004581,V-01,5,19.15392,72.927916,20.8,2026-06-16T07:21:30+05:30,2026-06-16T07:21:32+05:30
P-0004582,V-01,5,19.154053,72.927739,18.1,2026-06-16T07:21:40+05:30,2026-06-16T07:21:45+05:30
P-0004583,V-01,5,19.153832,72.927515,20.5,2026-06-16T07:21:50+05:30,2026-06-16T07:21:55+05:30
P-0004584,V-01,5,19.153442,72.92727,17.2,2026-06-16T07:22:00+05:30,2026-06-16T07:22:01+05:30
P-0004585,V-01,5,19.153032,72.92677,19.9,2026-06-16T07:22:10+05:30,2026-06-16T07:22:12+05:30
P-0004586,V-01,5,19.152994,72.926604,15.9,2026-06-16T07:22:20+05:30,2026-06-16T07:22:26+05:30
P-0004587,V-01,5,19.152654,72.926343,16.7,2026-06-16T07:22:30+05:30,2026-06-16T07:22:36+05:30
P-0004588,V-01,5,19.15199,72.926431,17.7,2026-06-16T07:22:40+05:30,2026-06-16T07:22:42+05:30
P-0004589,V-01,5,19.151878,72.926349,22.2,2026-06-16T07:22:50+05:30,2026-06-16T07:22:53+05:30
P-0004590,V-01,5,19.151351,72.925805,16.9,2026-06-16T07:23:00+05:30,2026-06-16T07:23:03+05:30
P-0004591,V-01,5,19.151231,72.925765,24.0,2026-06-16T07:23:10+05:30,2026-06-16T07:23:15+05:30
P-0004592,V-01,5,19.151112,72.925543,23.6,2026-06-16T07:23:20+05:30,2026-06-16T07:23:26+05:30
P-0004593,V-01,5,19.150384,72.925236,22.2,2026-06-16T07:23:30+05:30,2026-06-16T07:23:33+05:30
P-0004594,V-01,5,19.150098,72.92508,25.8,2026-06-16T07:23:40+05:30,2026-06-16T07:23:41+05:30
P-0004595,V-01,5,19.15015,72.924907,16.2,2026-06-16T07:23:50+05:30,2026-06-16T07:23:52+05:30
P-0004596,V-01,5,19.149399,72.924737,17.3,2026-06-16T07:24:00+05:30,2026-06-16T07:24:05+05:30
P-0004597,V-01,5,19.149457,72.924394,16.5,2026-06-16T07:24:10+05:30,2026-06-16T07:24:11+05:30
P-0004598,V-01,5,19.148954,72.924699,20.2,2026-06-16T07:24:20+05:30,2026-06-16T07:24:21+05:30
P-0004599,V-01,5,19.148611,72.924325,17.5,2026-06-16T07:24:30+05:30,2026-06-16T07:24:33+05:30
P-0004600,V-01,5,19.148331,72.924081,27.2,2026-06-16T07:24:40+05:30,2026-06-16T07:24:42+05:30
P-0004601,V-01,5,19.147855,72.923674,22.3,2026-06-16T07:24:50+05:30,2026-06-16T07:24:51+05:30
P-0004602,V-01,5,19.14775,72.923483,21.6,2026-06-16T07:25:00+05:30,2026-06-16T07:25:03+05:30
P-0004603,V-01,5,19.147128,72.923501,24.7,2026-06-16T07:25:10+05:30,2026-06-16T07:25:14+05:30
P-0004604,V-01,5,19.147161,72.923116,25.9,2026-06-16T07:25:20+05:30,2026-06-16T07:25:25+05:30
P-0004605,V-01,5,19.146825,72.922974,22.4,2026-06-16T07:25:30+05:30,2026-06-16T07:25:33+05:30
P-0004606,V-01,5,19.146304,72.922848,17.8,2026-06-16T07:25:40+05:30,2026-06-16T07:25:43+05:30
P-0004607,V-01,5,19.14607,72.92256,17.0,2026-06-16T07:25:50+05:30,2026-06-16T07:25:51+05:30
P-0004608,V-01,5,19.145836,72.922779,16.6,2026-06-16T07:26:00+05:30,2026-06-16T07:26:05+05:30
P-0004609,V-01,5,19.145495,72.922497,20.4,2026-06-16T07:26:10+05:30,2026-06-16T07:26:14+05:30
P-0004610,V-01,5,19.14518,72.922372,24.2,2026-06-16T07:26:20+05:30,2026-06-16T07:26:24+05:30
P-0004611,V-01,5,19.144796,72.922111,24.7,2026-06-16T07:26:30+05:30,2026-06-16T07:26:36+05:30
P-0004612,V-01,5,19.144227,72.921977,21.1,2026-06-16T07:26:40+05:30,2026-06-16T07:26:43+05:30
P-0004613,V-01,5,19.143904,72.921796,22.8,2026-06-16T07:26:50+05:30,2026-06-16T07:26:56+05:30
P-0004614,V-01,5,19.143891,72.921483,17.9,2026-06-16T07:27:00+05:30,2026-06-16T07:27:01+05:30
P-0004615,V-01,5,19.143548,72.921262,24.0,2026-06-16T07:27:10+05:30,2026-06-16T07:27:11+05:30
P-0004616,V-01,5,19.143233,72.92129,24.9,2026-06-16T07:27:20+05:30,2026-06-16T07:27:22+05:30
P-0004617,V-01,5,19.142761,72.920908,26.9,2026-06-16T07:27:30+05:30,2026-06-16T07:27:33+05:30
P-0004618,V-01,5,19.142447,72.920749,18.5,2026-06-16T07:27:40+05:30,2026-06-16T07:27:46+05:30
P-0004619,V-01,5,19.142207,72.920587,26.5,2026-06-16T07:27:50+05:30,2026-06-16T07:27:55+05:30
P-0004620,V-01,5,19.14165,72.920574,26.4,2026-06-16T07:28:00+05:30,2026-06-16T07:28:03+05:30
P-0004621,V-01,5,19.141552,72.920262,23.7,2026-06-16T07:28:10+05:30,2026-06-16T07:28:15+05:30
P-0004622,V-01,5,19.141091,72.920058,27.5,2026-06-16T07:28:20+05:30,2026-06-16T07:28:23+05:30
P-0004623,V-01,5,19.140942,72.919977,26.5,2026-06-16T07:28:30+05:30,2026-06-16T07:28:36+05:30
P-0004624,V-01,5,19.140645,72.919933,21.3,2026-06-16T07:28:40+05:30,2026-06-16T07:28:42+05:30
P-0004625,V-01,5,19.140004,72.919573,23.1,2026-06-16T07:28:50+05:30,2026-06-16T07:28:53+05:30
P-0004626,V-01,5,19.139593,72.919354,25.2,2026-06-16T07:29:00+05:30,2026-06-16T07:29:05+05:30
P-0004627,V-01,5,19.139229,72.919361,27.8,2026-06-16T07:29:10+05:30,2026-06-16T07:29:14+05:30
P-0004628,V-01,5,19.139073,72.918911,21.1,2026-06-16T07:29:20+05:30,2026-06-16T07:29:26+05:30
P-0004629,V-01,5,19.138702,72.918703,19.3,2026-06-16T07:29:30+05:30,2026-06-16T07:29:33+05:30
P-0004630,V-01,5,19.1383,72.918567,27.3,2026-06-16T07:29:40+05:30,2026-06-16T07:29:44+05:30
P-0004631,V-01,5,19.137932,72.918619,22.2,2026-06-16T07:29:50+05:30,2026-06-16T07:29:51+05:30
P-0004632,V-01,5,19.138024,72.918086,22.8,2026-06-16T07:30:00+05:30,2026-06-16T07:30:01+05:30
P-0004633,V-01,5,19.137332,72.918189,28.9,2026-06-16T07:30:10+05:30,2026-06-16T07:30:16+05:30
P-0004634,V-01,5,19.137226,72.917959,25.3,2026-06-16T07:30:20+05:30,2026-06-16T07:30:21+05:30
P-0004635,V-01,5,19.137038,72.91775,20.6,2026-06-16T07:30:30+05:30,2026-06-16T07:30:34+05:30
P-0004636,V-01,5,19.136503,72.917433,28.9,2026-06-16T07:30:40+05:30,2026-06-16T07:30:43+05:30
P-0004637,V-01,5,19.136553,72.917311,22.3,2026-06-16T07:30:50+05:30,2026-06-16T07:30:55+05:30
P-0004638,V-01,5,19.135802,72.91677,19.6,2026-06-16T07:31:00+05:30,2026-06-16T07:31:06+05:30
P-0004639,V-01,5,19.135901,72.916705,26.3,2026-06-16T07:31:10+05:30,2026-06-16T07:31:16+05:30
P-0004640,V-01,5,19.135241,72.916328,28.5,2026-06-16T07:31:20+05:30,2026-06-16T07:31:25+05:30
P-0004641,V-01,5,19.135185,72.916268,20.4,2026-06-16T07:31:30+05:30,2026-06-16T07:31:36+05:30
P-0004642,V-01,5,19.134963,72.915927,25.1,2026-06-16T07:31:40+05:30,2026-06-16T07:31:41+05:30
P-0004643,V-01,5,19.134474,72.915833,26.9,2026-06-16T07:31:50+05:30,2026-06-16T07:31:51+05:30
P-0004644,V-01,5,19.134308,72.915433,24.4,2026-06-16T07:32:00+05:30,2026-06-16T07:32:05+05:30
P-0004645,V-01,5,19.133836,72.915562,21.5,2026-06-16T07:32:10+05:30,2026-06-16T07:32:13+05:30
P-0004646,V-01,5,19.133572,72.914989,31.8,2026-06-16T07:32:20+05:30,2026-06-16T07:32:24+05:30
P-0004647,V-01,5,19.13338,72.914892,22.0,2026-06-16T07:32:30+05:30,2026-06-16T07:32:35+05:30
P-0004648,V-01,5,19.132947,72.914493,31.4,2026-06-16T07:32:40+05:30,2026-06-16T07:32:44+05:30
P-0004649,V-01,5,19.132731,72.914461,24.5,2026-06-16T07:32:50+05:30,2026-06-16T07:32:51+05:30
P-0004650,V-01,5,19.132364,72.914398,25.6,2026-06-16T07:33:00+05:30,2026-06-16T07:33:05+05:30
P-0004651,V-01,5,19.132219,72.913815,28.3,2026-06-16T07:33:10+05:30,2026-06-16T07:33:11+05:30
P-0004652,V-01,5,19.131903,72.913932,22.1,2026-06-16T07:33:20+05:30,2026-06-16T07:33:25+05:30
P-0004653,V-01,5,19.131747,72.913481,29.1,2026-06-16T07:33:30+05:30,2026-06-16T07:33:35+05:30
P-0004654,V-01,5,19.131164,72.913356,26.4,2026-06-16T07:33:40+05:30,2026-06-16T07:33:42+05:30
P-0004655,V-01,5,19.130796,72.91295,23.5,2026-06-16T07:33:50+05:30,2026-06-16T07:33:51+05:30
P-0004656,V-01,5,19.130693,72.912788,25.5,2026-06-16T07:34:00+05:30,2026-06-16T07:34:02+05:30
P-0004657,V-01,5,19.130307,72.912878,28.9,2026-06-16T07:34:10+05:30,2026-06-16T07:34:16+05:30
P-0004658,V-01,5,19.129863,72.912641,30.8,2026-06-16T07:34:20+05:30,2026-06-16T07:34:24+05:30
P-0004659,V-01,5,19.129797,72.912466,27.2,2026-06-16T07:34:30+05:30,2026-06-16T07:34:31+05:30
P-0004660,V-01,5,19.129393,72.911902,23.7,2026-06-16T07:34:40+05:30,2026-06-16T07:34:46+05:30
P-0004661,V-01,5,19.129078,72.911858,32.1,2026-06-16T07:34:50+05:30,2026-06-16T07:34:56+05:30
P-0004662,V-01,5,19.128736,72.911432,27.1,2026-06-16T07:35:00+05:30,2026-06-16T07:35:02+05:30
P-0004663,V-01,5,19.128445,72.911553,24.7,2026-06-16T07:35:10+05:30,2026-06-16T07:35:16+05:30
P-0004664,V-01,5,19.128372,72.911189,28.5,2026-06-16T07:35:20+05:30,2026-06-16T07:35:24+05:30
P-0004665,V-01,5,19.127904,72.91115,28.1,2026-06-16T07:35:30+05:30,2026-06-16T07:35:32+05:30
P-0004666,V-01,5,19.12769,72.910791,32.3,2026-06-16T07:35:40+05:30,2026-06-16T07:35:41+05:30
P-0004667,V-01,5,19.127199,72.910366,23.9,2026-06-16T07:35:50+05:30,2026-06-16T07:35:51+05:30
P-0004668,V-01,5,19.127176,72.910182,32.5,2026-06-16T07:36:00+05:30,2026-06-16T07:36:03+05:30
P-0004669,V-01,5,19.126676,72.90999,25.7,2026-06-16T07:36:10+05:30,2026-06-16T07:36:16+05:30
P-0004670,V-01,5,19.126609,72.909836,33.3,2026-06-16T07:36:20+05:30,2026-06-16T07:36:23+05:30
P-0004671,V-01,5,19.126149,72.909529,29.1,2026-06-16T07:36:30+05:30,2026-06-16T07:36:35+05:30
P-0004672,V-01,5,19.125728,72.909494,31.3,2026-06-16T07:36:40+05:30,2026-06-16T07:36:44+05:30
P-0004673,V-01,5,19.125272,72.909176,30.9,2026-06-16T07:36:50+05:30,2026-06-16T07:36:52+05:30
P-0004674,V-01,5,19.125009,72.909063,25.6,2026-06-16T07:37:00+05:30,2026-06-16T07:37:05+05:30
P-0004675,V-01,5,19.12487,72.908885,32.1,2026-06-16T07:37:10+05:30,2026-06-16T07:37:16+05:30
P-0004676,V-01,5,19.124789,72.908283,33.5,2026-06-16T07:37:20+05:30,2026-06-16T07:37:23+05:30
P-0004677,V-01,5,19.124197,72.908425,35.0,2026-06-16T07:37:30+05:30,2026-06-16T07:37:36+05:30
P-0004678,V-01,5,19.123976,72.908062,35.6,2026-06-16T07:37:40+05:30,2026-06-16T07:37:41+05:30
P-0004679,V-01,5,19.123764,72.908016,25.6,2026-06-16T07:37:50+05:30,2026-06-16T07:37:56+05:30
P-0004680,V-01,5,19.123118,72.907595,34.7,2026-06-16T07:38:00+05:30,2026-06-16T07:38:04+05:30
P-0004681,V-01,5,19.123095,72.907458,34.5,2026-06-16T07:38:10+05:30,2026-06-16T07:38:12+05:30
P-0004682,V-01,5,19.122695,72.907363,33.6,2026-06-16T07:38:20+05:30,2026-06-16T07:38:21+05:30
P-0004683,V-01,5,19.122446,72.90693,29.0,2026-06-16T07:38:30+05:30,2026-06-16T07:38:33+05:30
P-0004684,V-01,5,19.122196,72.906823,35.7,2026-06-16T07:38:40+05:30,2026-06-16T07:38:45+05:30
P-0004685,V-01,5,19.121977,72.906423,34.3,2026-06-16T07:38:50+05:30,2026-06-16T07:38:53+05:30
P-0004686,V-01,5,19.121766,72.906372,29.9,2026-06-16T07:39:00+05:30,2026-06-16T07:39:02+05:30
P-0004687,V-01,5,19.121199,72.905892,28.1,2026-06-16T07:39:10+05:30,2026-06-16T07:39:14+05:30
P-0004688,V-01,5,19.121006,72.905917,32.4,2026-06-16T07:39:20+05:30,2026-06-16T07:39:23+05:30
P-0004689,V-01,5,19.120606,72.905442,36.2,2026-06-16T07:39:30+05:30,2026-06-16T07:39:33+05:30
P-0004690,V-01,5,19.120527,72.905397,34.9,2026-06-16T07:39:40+05:30,2026-06-16T07:39:44+05:30
P-0004691,V-01,5,19.119833,72.90527,29.1,2026-06-16T07:39:50+05:30,2026-06-16T07:39:51+05:30
P-0004692,V-01,5,19.11968,72.905026,26.4,2026-06-16T07:40:00+05:30,2026-06-16T07:40:04+05:30
P-0004693,V-07,6,19.229215,72.856903,31.2,2026-06-16T06:50:00+05:30,2026-06-16T06:50:03+05:30
P-0004694,V-07,6,19.228493,72.856822,28.4,2026-06-16T06:50:10+05:30,2026-06-16T06:50:11+05:30
P-0004695,V-07,6,19.228136,72.856708,33.8,2026-06-16T06:50:20+05:30,2026-06-16T06:50:24+05:30
P-0004696,V-07,6,19.227765,72.857048,31.9,2026-06-16T06:50:30+05:30,2026-06-16T06:50:34+05:30
P-0004697,V-07,6,19.227187,72.857109,33.6,2026-06-16T06:50:40+05:30,2026-06-16T06:50:43+05:30
P-0004698,V-07,6,19.22686,72.856886,28.4,2026-06-16T06:50:50+05:30,2026-06-16T06:50:53+05:30
P-0004699,V-07,6,19.22641,72.857065,27.1,2026-06-16T06:51:00+05:30,2026-06-16T06:51:04+05:30
P-0004700,V-07,6,19.226457,72.856769,26.7,2026-06-16T06:51:10+05:30,2026-06-16T06:51:12+05:30
P-0004701,V-07,6,19.225773,72.856821,28.5,2026-06-16T06:51:20+05:30,2026-06-16T06:51:21+05:30
P-0004702,V-07,6,19.225485,72.857142,25.4,2026-06-16T06:51:30+05:30,2026-06-16T06:51:34+05:30
P-0004703,V-07,6,19.225092,72.857153,27.3,2026-06-16T06:51:40+05:30,2026-06-16T06:51:41+05:30
P-0004704,V-07,6,19.224755,72.857252,31.5,2026-06-16T06:51:50+05:30,2026-06-16T06:51:53+05:30
P-0004705,V-07,6,19.224318,72.857184,28.5,2026-06-16T06:52:00+05:30,2026-06-16T06:52:02+05:30
P-0004706,V-07,6,19.223644,72.857042,33.3,2026-06-16T06:52:10+05:30,2026-06-16T06:52:12+05:30
P-0004707,V-07,6,19.223357,72.857202,36.2,2026-06-16T06:52:20+05:30,2026-06-16T06:52:23+05:30
P-0004708,V-07,6,19.222906,72.857204,36.4,2026-06-16T06:52:30+05:30,2026-06-16T06:52:31+05:30
P-0004709,V-07,6,19.222547,72.85726,36.2,2026-06-16T06:52:40+05:30,2026-06-16T06:52:42+05:30
P-0004710,V-07,6,19.222174,72.857425,34.5,2026-06-16T06:52:50+05:30,2026-06-16T06:52:54+05:30
P-0004711,V-07,6,19.221762,72.857743,29.2,2026-06-16T06:53:00+05:30,2026-06-16T06:53:03+05:30
P-0004712,V-07,6,19.221495,72.857453,29.1,2026-06-16T06:53:10+05:30,2026-06-16T06:53:15+05:30
P-0004713,V-07,6,19.221272,72.857366,33.9,2026-06-16T06:53:20+05:30,2026-06-16T06:53:22+05:30
P-0004714,V-07,6,19.220803,72.857686,33.6,2026-06-16T06:53:30+05:30,2026-06-16T06:53:31+05:30
P-0004715,V-07,6,19.220133,72.857694,27.4,2026-06-16T06:53:40+05:30,2026-06-16T06:53:43+05:30
P-0004716,V-07,6,19.219972,72.857712,35.4,2026-06-16T06:53:50+05:30,2026-06-16T06:53:55+05:30
P-0004717,V-07,6,19.219446,72.857863,25.9,2026-06-16T06:54:00+05:30,2026-06-16T06:54:05+05:30
P-0004718,V-07,6,19.21922,72.85795,32.3,2026-06-16T06:54:10+05:30,2026-06-16T06:54:15+05:30
P-0004719,V-07,6,19.218744,72.857812,31.1,2026-06-16T06:54:20+05:30,2026-06-16T06:54:26+05:30
P-0004720,V-07,6,19.218557,72.858117,23.2,2026-06-16T06:54:30+05:30,2026-06-16T06:54:33+05:30
P-0004721,V-07,6,19.217829,72.857929,29.2,2026-06-16T06:54:40+05:30,2026-06-16T06:54:43+05:30
P-0004722,V-07,6,19.217619,72.858229,28.8,2026-06-16T06:54:50+05:30,2026-06-16T06:54:53+05:30
P-0004723,V-07,6,19.217447,72.857998,34.0,2026-06-16T06:55:00+05:30,2026-06-16T06:55:02+05:30
P-0004724,V-07,6,19.217042,72.858249,24.7,2026-06-16T06:55:10+05:30,2026-06-16T06:55:16+05:30
P-0004725,V-07,6,19.216201,72.85806,23.6,2026-06-16T06:55:20+05:30,2026-06-16T06:55:23+05:30
P-0004726,V-07,6,19.215912,72.858339,22.7,2026-06-16T06:55:30+05:30,2026-06-16T06:55:35+05:30
P-0004727,V-07,6,19.215775,72.858155,31.8,2026-06-16T06:55:40+05:30,2026-06-16T06:55:43+05:30
P-0004728,V-07,6,19.215075,72.858296,31.2,2026-06-16T06:55:50+05:30,2026-06-16T06:55:51+05:30
P-0004729,V-07,6,19.21499,72.858459,24.3,2026-06-16T06:56:00+05:30,2026-06-16T06:56:03+05:30
P-0004730,V-07,6,19.214554,72.858491,29.6,2026-06-16T06:56:10+05:30,2026-06-16T06:56:12+05:30
P-0004731,V-07,6,19.213941,72.858506,30.9,2026-06-16T06:56:20+05:30,2026-06-16T06:56:23+05:30
P-0004732,V-07,6,19.213776,72.858602,24.2,2026-06-16T06:56:30+05:30,2026-06-16T06:56:35+05:30
P-0004733,V-07,6,19.213438,72.858705,22.4,2026-06-16T06:56:40+05:30,2026-06-16T06:56:42+05:30
P-0004734,V-07,6,19.213116,72.858358,30.8,2026-06-16T06:56:50+05:30,2026-06-16T06:56:51+05:30
P-0004735,V-07,6,19.212317,72.858723,31.3,2026-06-16T06:57:00+05:30,2026-06-16T06:57:03+05:30
P-0004736,V-07,6,19.212028,72.858536,24.0,2026-06-16T06:57:10+05:30,2026-06-16T06:57:11+05:30
P-0004737,V-07,6,19.211783,72.858712,30.8,2026-06-16T06:57:20+05:30,2026-06-16T06:57:25+05:30
P-0004738,V-07,6,19.211194,72.858744,21.9,2026-06-16T06:57:30+05:30,2026-06-16T06:57:31+05:30
P-0004739,V-07,6,19.210871,72.858651,30.1,2026-06-16T06:57:40+05:30,2026-06-16T06:57:41+05:30
P-0004740,V-07,6,19.210778,72.858798,30.8,2026-06-16T06:57:50+05:30,2026-06-16T06:57:54+05:30
P-0004741,V-07,6,19.210208,72.85865,22.4,2026-06-16T06:58:00+05:30,2026-06-16T06:58:04+05:30
P-0004742,V-07,6,19.209788,72.8588,27.6,2026-06-16T06:58:10+05:30,2026-06-16T06:58:14+05:30
P-0004743,V-07,6,19.209473,72.858853,21.8,2026-06-16T06:58:20+05:30,2026-06-16T06:58:24+05:30
P-0004744,V-07,6,19.208969,72.859058,23.6,2026-06-16T06:58:30+05:30,2026-06-16T06:58:31+05:30
P-0004745,V-07,6,19.208511,72.85916,23.6,2026-06-16T06:58:40+05:30,2026-06-16T06:58:44+05:30
P-0004746,V-07,6,19.208156,72.859287,32.2,2026-06-16T06:58:50+05:30,2026-06-16T06:58:52+05:30
P-0004747,V-07,6,19.207639,72.859081,31.5,2026-06-16T06:59:00+05:30,2026-06-16T06:59:04+05:30
P-0004748,V-07,6,19.207425,72.859305,30.8,2026-06-16T06:59:10+05:30,2026-06-16T06:59:13+05:30
P-0004749,V-07,6,19.207168,72.859079,29.9,2026-06-16T06:59:20+05:30,2026-06-16T06:59:24+05:30
P-0004750,V-07,6,19.206727,72.859177,27.9,2026-06-16T06:59:30+05:30,2026-06-16T06:59:36+05:30
P-0004751,V-07,6,19.206155,72.859377,31.9,2026-06-16T06:59:40+05:30,2026-06-16T06:59:43+05:30
P-0004752,V-07,6,19.20596,72.859466,26.6,2026-06-16T06:59:50+05:30,2026-06-16T06:59:56+05:30
P-0004753,V-07,6,19.205503,72.85922,23.2,2026-06-16T07:00:00+05:30,2026-06-16T07:00:02+05:30
P-0004754,V-07,6,19.204822,72.859221,30.9,2026-06-16T07:00:10+05:30,2026-06-16T07:00:13+05:30
P-0004755,V-07,6,19.204595,72.859307,29.6,2026-06-16T07:00:20+05:30,2026-06-16T07:00:21+05:30
P-0004756,V-07,6,19.204037,72.859181,30.1,2026-06-16T07:00:30+05:30,2026-06-16T07:00:32+05:30
P-0004757,V-07,6,19.204017,72.859614,20.0,2026-06-16T07:00:40+05:30,2026-06-16T07:00:46+05:30
P-0004758,V-07,6,19.203519,72.859478,30.6,2026-06-16T07:00:50+05:30,2026-06-16T07:00:55+05:30
P-0004759,V-07,6,19.202964,72.85956,29.9,2026-06-16T07:01:00+05:30,2026-06-16T07:01:05+05:30
P-0004760,V-07,6,19.202588,72.85932,21.6,2026-06-16T07:01:10+05:30,2026-06-16T07:01:14+05:30
P-0004761,V-07,6,19.202267,72.859538,27.6,2026-06-16T07:01:20+05:30,2026-06-16T07:01:26+05:30
P-0004762,V-07,6,19.202045,72.859831,26.3,2026-06-16T07:01:30+05:30,2026-06-16T07:01:35+05:30
P-0004763,V-07,6,19.201427,72.859757,19.2,2026-06-16T07:01:40+05:30,2026-06-16T07:01:46+05:30
P-0004764,V-07,6,19.201012,72.859824,26.6,2026-06-16T07:01:50+05:30,2026-06-16T07:01:51+05:30
P-0004765,V-07,6,19.200443,72.859525,19.2,2026-06-16T07:02:00+05:30,2026-06-16T07:02:05+05:30
P-0004766,V-07,6,19.20005,72.859914,23.1,2026-06-16T07:02:10+05:30,2026-06-16T07:02:14+05:30
P-0004767,V-07,6,19.199673,72.859979,30.5,2026-06-16T07:02:20+05:30,2026-06-16T07:02:24+05:30
P-0004768,V-07,6,19.199683,72.859597,28.4,2026-06-16T07:02:30+05:30,2026-06-16T07:02:32+05:30
P-0004769,V-07,6,19.199133,72.859801,19.3,2026-06-16T07:02:40+05:30,2026-06-16T07:02:46+05:30
P-0004770,V-07,6,19.198804,72.859693,25.0,2026-06-16T07:02:50+05:30,2026-06-16T07:02:56+05:30
P-0004771,V-07,6,19.198298,72.8599,20.9,2026-06-16T07:03:00+05:30,2026-06-16T07:03:01+05:30
P-0004772,V-07,6,19.197924,72.860168,19.7,2026-06-16T07:03:10+05:30,2026-06-16T07:03:15+05:30
P-0004773,V-07,6,19.197424,72.859784,25.8,2026-06-16T07:03:20+05:30,2026-06-16T07:03:21+05:30
P-0004774,V-07,6,19.196996,72.859825,19.2,2026-06-16T07:03:30+05:30,2026-06-16T07:03:33+05:30
P-0004775,V-07,6,19.196655,72.859802,22.8,2026-06-16T07:03:40+05:30,2026-06-16T07:03:46+05:30
P-0004776,V-07,6,19.196105,72.860209,18.9,2026-06-16T07:03:50+05:30,2026-06-16T07:03:55+05:30
P-0004777,V-07,6,19.195872,72.860154,27.4,2026-06-16T07:04:00+05:30,2026-06-16T07:04:03+05:30
P-0004778,V-07,6,19.195805,72.859915,25.6,2026-06-16T07:04:10+05:30,2026-06-16T07:04:16+05:30
P-0004779,V-07,6,19.195099,72.860198,18.2,2026-06-16T07:04:20+05:30,2026-06-16T07:04:26+05:30
P-0004780,V-07,6,19.194898,72.860427,23.5,2026-06-16T07:04:30+05:30,2026-06-16T07:04:33+05:30
P-0004781,V-07,6,19.194417,72.860425,19.9,2026-06-16T07:04:40+05:30,2026-06-16T07:04:44+05:30
P-0004782,V-07,6,19.193993,72.860106,19.7,2026-06-16T07:04:50+05:30,2026-06-16T07:04:53+05:30
P-0004783,V-07,6,19.193515,72.860057,26.7,2026-06-16T07:05:00+05:30,2026-06-16T07:05:01+05:30
P-0004784,V-07,6,19.193419,72.860102,20.3,2026-06-16T07:05:10+05:30,2026-06-16T07:05:11+05:30
P-0004785,V-07,6,19.192571,72.860215,21.6,2026-06-16T07:05:20+05:30,2026-06-16T07:05:24+05:30
P-0004786,V-07,6,19.192571,72.860212,26.2,2026-06-16T07:05:30+05:30,2026-06-16T07:05:32+05:30
P-0004787,V-07,6,19.19223,72.860339,20.0,2026-06-16T07:05:40+05:30,2026-06-16T07:05:43+05:30
P-0004788,V-07,6,19.191769,72.860641,25.2,2026-06-16T07:05:50+05:30,2026-06-16T07:05:55+05:30
P-0004789,V-07,6,19.191437,72.860382,22.9,2026-06-16T07:06:00+05:30,2026-06-16T07:06:02+05:30
P-0004790,V-07,6,19.191074,72.860741,24.0,2026-06-16T07:06:10+05:30,2026-06-16T07:06:14+05:30
P-0004791,V-07,6,19.190628,72.860309,21.2,2026-06-16T07:06:20+05:30,2026-06-16T07:06:25+05:30
P-0004792,V-07,6,19.190022,72.860537,28.0,2026-06-16T07:06:30+05:30,2026-06-16T07:06:33+05:30
P-0004793,V-07,6,19.189502,72.860567,25.8,2026-06-16T07:06:40+05:30,2026-06-16T07:06:41+05:30
P-0004794,V-07,6,19.189148,72.860824,23.9,2026-06-16T07:06:50+05:30,2026-06-16T07:06:53+05:30
P-0004795,V-07,6,19.189111,72.860543,26.6,2026-06-16T07:07:00+05:30,2026-06-16T07:07:02+05:30
P-0004796,V-07,6,19.188645,72.860551,20.1,2026-06-16T07:07:10+05:30,2026-06-16T07:07:16+05:30
P-0004797,V-07,6,19.188067,72.860524,21.1,2026-06-16T07:07:20+05:30,2026-06-16T07:07:26+05:30
P-0004798,V-07,6,19.187593,72.860828,22.7,2026-06-16T07:07:30+05:30,2026-06-16T07:07:31+05:30
P-0004799,V-07,6,19.187115,72.860604,25.9,2026-06-16T07:07:40+05:30,2026-06-16T07:07:42+05:30
P-0004800,V-07,6,19.186961,72.861083,23.5,2026-06-16T07:07:50+05:30,2026-06-16T07:07:54+05:30
P-0004801,V-07,6,19.186596,72.860791,16.2,2026-06-16T07:08:00+05:30,2026-06-16T07:08:02+05:30
P-0004802,V-07,6,19.185863,72.860838,19.3,2026-06-16T07:08:10+05:30,2026-06-16T07:08:12+05:30
P-0004803,V-07,6,19.185947,72.860916,16.2,2026-06-16T07:08:20+05:30,2026-06-16T07:08:24+05:30
P-0004804,V-07,6,19.185093,72.860779,17.2,2026-06-16T07:08:30+05:30,2026-06-16T07:08:33+05:30
P-0004805,V-07,6,19.184849,72.860992,22.7,2026-06-16T07:08:40+05:30,2026-06-16T07:08:41+05:30
P-0004806,V-07,6,19.184609,72.860962,27.0,2026-06-16T07:08:50+05:30,2026-06-16T07:08:52+05:30
P-0004807,V-07,6,19.184163,72.861229,23.0,2026-06-16T07:09:00+05:30,2026-06-16T07:09:02+05:30
P-0004808,V-07,6,19.183729,72.860878,15.7,2026-06-16T07:09:10+05:30,2026-06-16T07:09:12+05:30
P-0004809,V-07,6,19.183441,72.860953,24.0,2026-06-16T07:09:20+05:30,2026-06-16T07:09:23+05:30
P-0004810,V-07,6,19.18271,72.861288,19.4,2026-06-16T07:09:30+05:30,2026-06-16T07:09:33+05:30
P-0004811,V-07,6,19.182576,72.861201,25.7,2026-06-16T07:09:40+05:30,2026-06-16T07:09:45+05:30
P-0004812,V-07,6,19.182113,72.861213,26.6,2026-06-16T07:09:50+05:30,2026-06-16T07:09:56+05:30
P-0004813,V-07,6,19.181666,72.861289,22.9,2026-06-16T07:10:00+05:30,2026-06-16T07:10:05+05:30
P-0004814,V-07,6,19.181613,72.861287,15.3,2026-06-16T07:10:10+05:30,2026-06-16T07:10:15+05:30
P-0004815,V-07,6,19.180806,72.861223,20.8,2026-06-16T07:10:20+05:30,2026-06-16T07:10:25+05:30
P-0004816,V-07,6,19.180778,72.861484,16.9,2026-06-16T07:10:30+05:30,2026-06-16T07:10:32+05:30
P-0004817,V-07,6,19.180233,72.861297,21.1,2026-06-16T07:10:40+05:30,2026-06-16T07:10:45+05:30
P-0004818,V-07,6,19.179545,72.861189,16.3,2026-06-16T07:10:50+05:30,2026-06-16T07:10:53+05:30
P-0004819,V-07,6,19.179578,72.86121,23.8,2026-06-16T07:11:00+05:30,2026-06-16T07:11:01+05:30
P-0004820,V-07,6,19.179058,72.861518,22.1,2026-06-16T07:11:10+05:30,2026-06-16T07:11:15+05:30
P-0004821,V-07,6,19.178723,72.861104,24.5,2026-06-16T07:11:20+05:30,2026-06-16T07:11:22+05:30
P-0004822,V-07,6,19.178078,72.861484,23.3,2026-06-16T07:11:30+05:30,2026-06-16T07:11:34+05:30
P-0004823,V-07,6,19.177817,72.861493,18.7,2026-06-16T07:11:40+05:30,2026-06-16T07:11:46+05:30
P-0004824,V-07,6,19.177276,72.861243,19.0,2026-06-16T07:11:50+05:30,2026-06-16T07:11:55+05:30
P-0004825,V-07,6,19.176947,72.861378,14.9,2026-06-16T07:12:00+05:30,2026-06-16T07:12:03+05:30
P-0004826,V-07,6,19.176382,72.861384,24.6,2026-06-16T07:12:10+05:30,2026-06-16T07:12:16+05:30
P-0004827,V-07,6,19.176123,72.861329,22.5,2026-06-16T07:12:20+05:30,2026-06-16T07:12:23+05:30
P-0004828,V-07,6,19.175684,72.861743,15.8,2026-06-16T07:12:30+05:30,2026-06-16T07:12:33+05:30
P-0004829,V-07,6,19.175677,72.861319,24.1,2026-06-16T07:12:40+05:30,2026-06-16T07:12:44+05:30
P-0004830,V-07,6,19.174928,72.861562,21.4,2026-06-16T07:12:50+05:30,2026-06-16T07:12:51+05:30
P-0004831,V-07,6,19.174899,72.861581,16.2,2026-06-16T07:13:00+05:30,2026-06-16T07:13:03+05:30
P-0004832,V-07,6,19.174286,72.861439,14.1,2026-06-16T07:13:10+05:30,2026-06-16T07:13:14+05:30
P-0004833,V-07,6,19.173816,72.861492,25.1,2026-06-16T07:13:20+05:30,2026-06-16T07:13:25+05:30
P-0004834,V-07,6,19.173427,72.861833,24.0,2026-06-16T07:13:30+05:30,2026-06-16T07:13:32+05:30
P-0004835,V-07,6,19.17293,72.861544,19.9,2026-06-16T07:13:40+05:30,2026-06-16T07:13:45+05:30
P-0004836,V-07,6,19.172729,72.861749,21.5,2026-06-16T07:13:50+05:30,2026-06-16T07:13:55+05:30
P-0004837,V-07,6,19.172199,72.861943,21.0,2026-06-16T07:14:00+05:30,2026-06-16T07:14:06+05:30
P-0004838,V-07,6,19.171858,72.861859,17.9,2026-06-16T07:14:10+05:30,2026-06-16T07:14:14+05:30
P-0004839,V-07,6,19.171597,72.86185,20.9,2026-06-16T07:14:20+05:30,2026-06-16T07:14:24+05:30
P-0004840,V-07,6,19.171264,72.861937,21.7,2026-06-16T07:14:30+05:30,2026-06-16T07:14:35+05:30
P-0004841,V-07,6,19.170553,72.861786,23.6,2026-06-16T07:14:40+05:30,2026-06-16T07:14:44+05:30
P-0004842,V-07,6,19.17056,72.86187,18.3,2026-06-16T07:14:50+05:30,2026-06-16T07:14:52+05:30
P-0004843,V-07,6,19.169917,72.861806,15.5,2026-06-16T07:15:00+05:30,2026-06-16T07:15:01+05:30
P-0004844,V-07,6,19.169382,72.86206,17.3,2026-06-16T07:15:10+05:30,2026-06-16T07:15:15+05:30
P-0004845,V-07,6,19.168992,72.861922,21.9,2026-06-16T07:15:20+05:30,2026-06-16T07:15:25+05:30
P-0004846,V-07,6,19.168701,72.8617,24.2,2026-06-16T07:15:30+05:30,2026-06-16T07:15:33+05:30
P-0004847,V-07,6,19.168453,72.862126,19.2,2026-06-16T07:15:40+05:30,2026-06-16T07:15:43+05:30
P-0004848,V-07,6,19.168141,72.86181,19.5,2026-06-16T07:15:50+05:30,2026-06-16T07:15:53+05:30
P-0004849,V-07,6,19.167634,72.862185,13.6,2026-06-16T07:16:00+05:30,2026-06-16T07:16:03+05:30
P-0004850,V-07,6,19.167159,72.861963,16.1,2026-06-16T07:16:10+05:30,2026-06-16T07:16:11+05:30
P-0004851,V-07,6,19.166728,72.862217,20.6,2026-06-16T07:16:20+05:30,2026-06-16T07:16:26+05:30
P-0004852,V-07,6,19.166154,72.861805,16.2,2026-06-16T07:16:30+05:30,2026-06-16T07:16:31+05:30
P-0004853,V-07,6,19.165752,72.86199,19.5,2026-06-16T07:16:40+05:30,2026-06-16T07:16:42+05:30
P-0004854,V-07,6,19.165371,72.861787,21.5,2026-06-16T07:16:50+05:30,2026-06-16T07:16:55+05:30
P-0004855,V-07,6,19.165059,72.861732,23.5,2026-06-16T07:17:00+05:30,2026-06-16T07:17:04+05:30
P-0004856,V-07,6,19.164632,72.861761,17.4,2026-06-16T07:17:10+05:30,2026-06-16T07:17:15+05:30
P-0004857,V-07,6,19.164454,72.8617,14.2,2026-06-16T07:17:20+05:30,2026-06-16T07:17:23+05:30
P-0004858,V-07,6,19.164014,72.861979,17.0,2026-06-16T07:17:30+05:30,2026-06-16T07:17:31+05:30
P-0004859,V-07,6,19.163623,72.861802,24.4,2026-06-16T07:17:40+05:30,2026-06-16T07:17:43+05:30
P-0004860,V-07,6,19.163352,72.862054,13.9,2026-06-16T07:17:50+05:30,2026-06-16T07:17:56+05:30
P-0004861,V-07,6,19.162949,72.861739,15.4,2026-06-16T07:18:00+05:30,2026-06-16T07:18:04+05:30
P-0004862,V-07,6,19.162577,72.861733,18.3,2026-06-16T07:18:10+05:30,2026-06-16T07:18:14+05:30
P-0004863,V-07,6,19.162221,72.861709,19.6,2026-06-16T07:18:20+05:30,2026-06-16T07:18:24+05:30
P-0004864,V-07,6,19.161643,72.861612,23.9,2026-06-16T07:18:30+05:30,2026-06-16T07:18:35+05:30
P-0004865,V-07,6,19.16128,72.861583,20.0,2026-06-16T07:18:40+05:30,2026-06-16T07:18:42+05:30
P-0004866,V-07,6,19.16081,72.861851,23.1,2026-06-16T07:18:50+05:30,2026-06-16T07:18:55+05:30
P-0004867,V-07,6,19.160601,72.861757,14.7,2026-06-16T07:19:00+05:30,2026-06-16T07:19:03+05:30
P-0004868,V-07,6,19.160121,72.861877,23.8,2026-06-16T07:19:10+05:30,2026-06-16T07:19:14+05:30
P-0004869,V-07,6,19.159447,72.86165,16.8,2026-06-16T07:19:20+05:30,2026-06-16T07:19:21+05:30
P-0004870,V-07,6,19.159109,72.861483,15.7,2026-06-16T07:19:30+05:30,2026-06-16T07:19:32+05:30
P-0004871,V-07,6,19.159072,72.861376,12.5,2026-06-16T07:19:40+05:30,2026-06-16T07:19:45+05:30
P-0004872,V-07,6,19.15834,72.86168,21.6,2026-06-16T07:19:50+05:30,2026-06-16T07:19:51+05:30
P-0004873,V-07,6,19.158032,72.861594,17.5,2026-06-16T07:20:00+05:30,2026-06-16T07:20:03+05:30
P-0004874,V-07,6,19.157665,72.861602,18.7,2026-06-16T07:20:10+05:30,2026-06-16T07:20:14+05:30
P-0004875,V-07,6,19.157472,72.861495,18.2,2026-06-16T07:20:20+05:30,2026-06-16T07:20:26+05:30
P-0004876,V-07,6,19.156708,72.861675,24.2,2026-06-16T07:20:30+05:30,2026-06-16T07:20:35+05:30
P-0004877,V-07,6,19.156426,72.861266,13.3,2026-06-16T07:20:40+05:30,2026-06-16T07:20:42+05:30
P-0004878,V-07,6,19.155923,72.861618,19.6,2026-06-16T07:20:50+05:30,2026-06-16T07:20:56+05:30
P-0004879,V-07,6,19.155478,72.861347,22.6,2026-06-16T07:21:00+05:30,2026-06-16T07:21:05+05:30
P-0004880,V-07,6,19.155545,72.861231,15.4,2026-06-16T07:21:10+05:30,2026-06-16T07:21:11+05:30
P-0004881,V-07,6,19.154946,72.861364,23.2,2026-06-16T07:21:20+05:30,2026-06-16T07:21:24+05:30
P-0004882,V-07,6,19.154508,72.861584,14.3,2026-06-16T07:21:30+05:30,2026-06-16T07:21:35+05:30
P-0004883,V-07,6,19.153985,72.861581,21.8,2026-06-16T07:21:40+05:30,2026-06-16T07:21:46+05:30
P-0004884,V-07,6,19.153742,72.861433,17.3,2026-06-16T07:21:50+05:30,2026-06-16T07:21:55+05:30
P-0004885,V-07,6,19.153328,72.861233,15.9,2026-06-16T07:22:00+05:30,2026-06-16T07:22:01+05:30
P-0004886,V-07,6,19.153189,72.861108,12.4,2026-06-16T07:22:10+05:30,2026-06-16T07:22:12+05:30
P-0004887,V-07,6,19.152504,72.861239,14.9,2026-06-16T07:22:20+05:30,2026-06-16T07:22:23+05:30
P-0004888,V-07,6,19.151995,72.861412,16.1,2026-06-16T07:22:30+05:30,2026-06-16T07:22:36+05:30
P-0004889,V-07,6,19.151705,72.861061,20.0,2026-06-16T07:22:40+05:30,2026-06-16T07:22:46+05:30
P-0004890,V-07,6,19.151213,72.861106,19.8,2026-06-16T07:22:50+05:30,2026-06-16T07:22:53+05:30
P-0004891,V-07,6,19.151019,72.860999,22.8,2026-06-16T07:23:00+05:30,2026-06-16T07:23:05+05:30
P-0004892,V-07,6,19.15082,72.860969,22.3,2026-06-16T07:23:10+05:30,2026-06-16T07:23:12+05:30
P-0004893,V-07,6,19.150094,72.860999,13.6,2026-06-16T07:23:20+05:30,2026-06-16T07:23:24+05:30
P-0004894,V-07,6,19.149573,72.861015,23.1,2026-06-16T07:23:30+05:30,2026-06-16T07:23:33+05:30
P-0004895,V-07,6,19.149153,72.861169,22.6,2026-06-16T07:23:40+05:30,2026-06-16T07:23:43+05:30
P-0004896,V-07,6,19.148839,72.861088,15.8,2026-06-16T07:23:50+05:30,2026-06-16T07:23:54+05:30
P-0004897,V-07,6,19.148623,72.861273,17.5,2026-06-16T07:24:00+05:30,2026-06-16T07:24:06+05:30
P-0004898,V-07,6,19.148269,72.861323,21.1,2026-06-16T07:24:10+05:30,2026-06-16T07:24:13+05:30
P-0004899,V-07,6,19.147771,72.861178,17.9,2026-06-16T07:24:20+05:30,2026-06-16T07:24:21+05:30
P-0004900,V-07,6,19.147216,72.861382,15.8,2026-06-16T07:24:30+05:30,2026-06-16T07:24:31+05:30
P-0004901,V-07,6,19.147029,72.861555,18.2,2026-06-16T07:24:40+05:30,2026-06-16T07:24:44+05:30
P-0004902,V-07,6,19.146559,72.861542,23.7,2026-06-16T07:24:50+05:30,2026-06-16T07:24:51+05:30
P-0004903,V-07,6,19.146348,72.861367,21.9,2026-06-16T07:25:00+05:30,2026-06-16T07:25:06+05:30
P-0004904,V-07,6,19.145809,72.861393,22.8,2026-06-16T07:25:10+05:30,2026-06-16T07:25:12+05:30
P-0004905,V-07,6,19.145318,72.861874,12.0,2026-06-16T07:25:20+05:30,2026-06-16T07:25:24+05:30
P-0004906,V-07,6,19.145215,72.861931,18.9,2026-06-16T07:25:30+05:30,2026-06-16T07:25:34+05:30
P-0004907,V-07,6,19.144604,72.861816,17.4,2026-06-16T07:25:40+05:30,2026-06-16T07:25:42+05:30
P-0004908,V-07,6,19.144572,72.86209,12.2,2026-06-16T07:25:50+05:30,2026-06-16T07:25:51+05:30
P-0004909,V-07,6,19.143847,72.862184,20.9,2026-06-16T07:26:00+05:30,2026-06-16T07:26:02+05:30
P-0004910,V-07,6,19.143771,72.861854,21.8,2026-06-16T07:26:10+05:30,2026-06-16T07:26:11+05:30
P-0004911,V-07,6,19.143403,72.861939,17.1,2026-06-16T07:26:20+05:30,2026-06-16T07:26:23+05:30
P-0004912,V-07,6,19.142577,72.862291,15.3,2026-06-16T07:26:30+05:30,2026-06-16T07:26:31+05:30
P-0004913,V-07,6,19.142231,72.862431,14.5,2026-06-16T07:26:40+05:30,2026-06-16T07:26:41+05:30
P-0004914,V-07,6,19.141914,72.862506,17.7,2026-06-16T07:26:50+05:30,2026-06-16T07:26:54+05:30
P-0004915,V-07,6,19.141492,72.862628,16.6,2026-06-16T07:27:00+05:30,2026-06-16T07:27:06+05:30
P-0004916,V-07,6,19.141066,72.862698,23.1,2026-06-16T07:27:10+05:30,2026-06-16T07:27:16+05:30
P-0004917,V-07,6,19.141103,72.862599,12.6,2026-06-16T07:27:20+05:30,2026-06-16T07:27:21+05:30
P-0004918,V-07,6,19.140716,72.862639,21.3,2026-06-16T07:27:30+05:30,2026-06-16T07:27:32+05:30
P-0004919,V-07,6,19.139996,72.862711,18.0,2026-06-16T07:27:40+05:30,2026-06-16T07:27:41+05:30
P-0004920,V-07,6,19.13967,72.863105,12.4,2026-06-16T07:27:50+05:30,2026-06-16T07:27:52+05:30
P-0004921,V-07,6,19.139267,72.86293,15.1,2026-06-16T07:28:00+05:30,2026-06-16T07:28:01+05:30
P-0004922,V-07,6,19.139013,72.86328,20.8,2026-06-16T07:28:10+05:30,2026-06-16T07:28:16+05:30
P-0004923,V-07,6,19.138769,72.863043,14.1,2026-06-16T07:28:20+05:30,2026-06-16T07:28:26+05:30
P-0004924,V-07,6,19.13794,72.863395,13.7,2026-06-16T07:28:30+05:30,2026-06-16T07:28:32+05:30
P-0004925,V-07,6,19.137821,72.863445,20.9,2026-06-16T07:28:40+05:30,2026-06-16T07:28:44+05:30
P-0004926,V-07,6,19.137494,72.863342,18.6,2026-06-16T07:28:50+05:30,2026-06-16T07:28:51+05:30
P-0004927,V-07,6,19.137112,72.863489,14.8,2026-06-16T07:29:00+05:30,2026-06-16T07:29:01+05:30
P-0004928,V-07,6,19.136766,72.863759,16.4,2026-06-16T07:29:10+05:30,2026-06-16T07:29:13+05:30
P-0004929,V-07,6,19.136084,72.863883,12.5,2026-06-16T07:29:20+05:30,2026-06-16T07:29:25+05:30
P-0004930,V-07,6,19.135745,72.863766,24.1,2026-06-16T07:29:30+05:30,2026-06-16T07:29:34+05:30
P-0004931,V-07,6,19.135274,72.86396,18.8,2026-06-16T07:29:40+05:30,2026-06-16T07:29:44+05:30
P-0004932,V-07,6,19.135207,72.864044,19.3,2026-06-16T07:29:50+05:30,2026-06-16T07:29:53+05:30
P-0004933,V-07,6,19.134793,72.863898,12.7,2026-06-16T07:30:00+05:30,2026-06-16T07:30:06+05:30
P-0004934,V-07,6,19.134278,72.864016,15.8,2026-06-16T07:30:10+05:30,2026-06-16T07:30:14+05:30
P-0004935,V-07,6,19.133791,72.86426,23.6,2026-06-16T07:30:20+05:30,2026-06-16T07:30:26+05:30
P-0004936,V-07,6,19.133382,72.864329,17.4,2026-06-16T07:30:30+05:30,2026-06-16T07:30:32+05:30
P-0004937,V-07,6,19.133279,72.864068,20.1,2026-06-16T07:30:40+05:30,2026-06-16T07:30:46+05:30
P-0004938,V-07,6,19.13281,72.864573,14.1,2026-06-16T07:30:50+05:30,2026-06-16T07:30:51+05:30
P-0004939,V-07,6,19.13248,72.864243,12.8,2026-06-16T07:31:00+05:30,2026-06-16T07:31:03+05:30
P-0004940,V-07,6,19.132041,72.86465,16.6,2026-06-16T07:31:10+05:30,2026-06-16T07:31:16+05:30
P-0004941,V-07,6,19.131794,72.864568,12.8,2026-06-16T07:31:20+05:30,2026-06-16T07:31:26+05:30
P-0004942,V-07,6,19.131179,72.86478,15.2,2026-06-16T07:31:30+05:30,2026-06-16T07:31:33+05:30
P-0004943,V-07,6,19.130872,72.864711,22.3,2026-06-16T07:31:40+05:30,2026-06-16T07:31:42+05:30
P-0004944,V-07,6,19.130195,72.864743,14.3,2026-06-16T07:31:50+05:30,2026-06-16T07:31:54+05:30
P-0004945,V-07,6,19.129794,72.865001,14.0,2026-06-16T07:32:00+05:30,2026-06-16T07:32:01+05:30
P-0004946,V-07,6,19.129537,72.865103,13.4,2026-06-16T07:32:10+05:30,2026-06-16T07:32:16+05:30
P-0004947,V-07,6,19.129463,72.86534,19.5,2026-06-16T07:32:20+05:30,2026-06-16T07:32:26+05:30
P-0004948,V-07,6,19.128712,72.865383,13.9,2026-06-16T07:32:30+05:30,2026-06-16T07:32:33+05:30
P-0004949,V-07,6,19.128688,72.865164,15.7,2026-06-16T07:32:40+05:30,2026-06-16T07:32:43+05:30
P-0004950,V-07,6,19.127936,72.865418,21.5,2026-06-16T07:32:50+05:30,2026-06-16T07:32:52+05:30
P-0004951,V-07,6,19.127489,72.865259,22.9,2026-06-16T07:33:00+05:30,2026-06-16T07:33:03+05:30
P-0004952,V-07,6,19.127147,72.865279,14.4,2026-06-16T07:33:10+05:30,2026-06-16T07:33:12+05:30
P-0004953,V-07,6,19.12701,72.865463,22.6,2026-06-16T07:33:20+05:30,2026-06-16T07:33:24+05:30
P-0004954,V-07,6,19.12642,72.865729,20.4,2026-06-16T07:33:30+05:30,2026-06-16T07:33:35+05:30
P-0004955,V-07,6,19.126196,72.865837,24.6,2026-06-16T07:33:40+05:30,2026-06-16T07:33:45+05:30
P-0004956,V-07,6,19.125772,72.865743,20.6,2026-06-16T07:33:50+05:30,2026-06-16T07:33:52+05:30
P-0004957,V-07,6,19.125376,72.865669,15.4,2026-06-16T07:34:00+05:30,2026-06-16T07:34:03+05:30
P-0004958,V-07,6,19.125027,72.865819,13.6,2026-06-16T07:34:10+05:30,2026-06-16T07:34:11+05:30
P-0004959,V-07,6,19.124522,72.866054,15.7,2026-06-16T07:34:20+05:30,2026-06-16T07:34:22+05:30
P-0004960,V-07,6,19.124392,72.86599,22.2,2026-06-16T07:34:30+05:30,2026-06-16T07:34:32+05:30
P-0004961,V-07,6,19.123609,72.865886,20.8,2026-06-16T07:34:40+05:30,2026-06-16T07:34:42+05:30
P-0004962,V-07,6,19.123545,72.865838,14.0,2026-06-16T07:34:50+05:30,2026-06-16T07:34:52+05:30
P-0004963,V-07,6,19.123202,72.865843,20.8,2026-06-16T07:35:00+05:30,2026-06-16T07:35:02+05:30
P-0004964,V-07,6,19.122648,72.865796,25.3,2026-06-16T07:35:10+05:30,2026-06-16T07:35:15+05:30
P-0004965,V-07,6,19.121997,72.866111,18.8,2026-06-16T07:35:20+05:30,2026-06-16T07:35:23+05:30
P-0004966,V-07,6,19.121614,72.866166,17.2,2026-06-16T07:35:30+05:30,2026-06-16T07:35:34+05:30
P-0004967,V-07,6,19.121416,72.866035,18.0,2026-06-16T07:35:40+05:30,2026-06-16T07:35:42+05:30
P-0004968,V-07,6,19.121207,72.865967,15.0,2026-06-16T07:35:50+05:30,2026-06-16T07:35:52+05:30
P-0004969,V-07,6,19.120849,72.866271,14.3,2026-06-16T07:36:00+05:30,2026-06-16T07:36:04+05:30
P-0004970,V-07,6,19.119997,72.865923,15.0,2026-06-16T07:36:10+05:30,2026-06-16T07:36:16+05:30
P-0004971,V-07,6,19.119959,72.866133,20.8,2026-06-16T07:36:20+05:30,2026-06-16T07:36:25+05:30
P-0004972,V-07,6,19.119404,72.866112,15.7,2026-06-16T07:36:30+05:30,2026-06-16T07:36:35+05:30
P-0004973,V-07,6,19.118866,72.866133,17.9,2026-06-16T07:36:40+05:30,2026-06-16T07:36:43+05:30
P-0004974,V-07,6,19.11851,72.866468,23.3,2026-06-16T07:36:50+05:30,2026-06-16T07:36:53+05:30
P-0004975,V-07,6,19.118432,72.866153,17.1,2026-06-16T07:37:00+05:30,2026-06-16T07:37:05+05:30
P-0004976,V-07,6,19.117887,72.86604,22.8,2026-06-16T07:37:10+05:30,2026-06-16T07:37:16+05:30
P-0004977,V-07,6,19.117382,72.866516,15.5,2026-06-16T07:37:20+05:30,2026-06-16T07:37:26+05:30
P-0004978,V-07,6,19.117253,72.866482,22.0,2026-06-16T07:37:30+05:30,2026-06-16T07:37:35+05:30
P-0004979,V-07,6,19.116443,72.866478,18.8,2026-06-16T07:37:40+05:30,2026-06-16T07:37:45+05:30
P-0004980,V-07,6,19.116322,72.866328,22.4,2026-06-16T07:37:50+05:30,2026-06-16T07:37:55+05:30
P-0004981,V-07,6,19.11599,72.866634,18.3,2026-06-16T07:38:00+05:30,2026-06-16T07:38:06+05:30
P-0004982,V-07,6,19.115445,72.86657,16.1,2026-06-16T07:38:10+05:30,2026-06-16T07:38:15+05:30
P-0004983,V-07,6,19.115338,72.86665,24.4,2026-06-16T07:38:20+05:30,2026-06-16T07:38:26+05:30
P-0004984,V-07,6,19.114724,72.866535,26.5,2026-06-16T07:38:30+05:30,2026-06-16T07:38:36+05:30
P-0004985,V-07,6,19.114185,72.866479,21.8,2026-06-16T07:38:40+05:30,2026-06-16T07:38:46+05:30
P-0004986,V-07,6,19.11411,72.866423,21.2,2026-06-16T07:38:50+05:30,2026-06-16T07:38:56+05:30
P-0004987,V-07,6,19.113294,72.866783,23.8,2026-06-16T07:39:00+05:30,2026-06-16T07:39:01+05:30
P-0004988,V-07,6,19.113179,72.86673,19.3,2026-06-16T07:39:10+05:30,2026-06-16T07:39:16+05:30
P-0004989,V-07,6,19.11278,72.866658,16.4,2026-06-16T07:39:20+05:30,2026-06-16T07:39:23+05:30
P-0004990,V-07,6,19.11241,72.866925,16.7,2026-06-16T07:39:30+05:30,2026-06-16T07:39:33+05:30
P-0004991,V-07,6,19.111795,72.866773,19.0,2026-06-16T07:39:40+05:30,2026-06-16T07:39:41+05:30
P-0004992,V-07,6,19.111515,72.866507,20.0,2026-06-16T07:39:50+05:30,2026-06-16T07:39:51+05:30
P-0004993,V-07,6,19.11136,72.867009,25.1,2026-06-16T07:40:00+05:30,2026-06-16T07:40:06+05:30
P-0004994,V-07,6,19.110717,72.867012,21.8,2026-06-16T07:40:10+05:30,2026-06-16T07:40:11+05:30
P-0004995,V-07,6,19.110125,72.866756,27.1,2026-06-16T07:40:20+05:30,2026-06-16T07:40:23+05:30
P-0004996,V-07,6,19.10992,72.866972,16.8,2026-06-16T07:40:30+05:30,2026-06-16T07:40:36+05:30
P-0004997,V-07,6,19.109724,72.867064,18.0,2026-06-16T07:40:40+05:30,2026-06-16T07:40:42+05:30
P-0004998,V-07,6,19.109251,72.866685,22.0,2026-06-16T07:40:50+05:30,2026-06-16T07:40:54+05:30
P-0004999,V-07,6,19.108838,72.866809,22.1,2026-06-16T07:41:00+05:30,2026-06-16T07:41:01+05:30
P-0005000,V-07,6,19.108518,72.866919,21.3,2026-06-16T07:41:10+05:30,2026-06-16T07:41:14+05:30
P-0005001,V-07,6,19.108241,72.867186,18.6,2026-06-16T07:41:20+05:30,2026-06-16T07:41:25+05:30
P-0005002,V-07,6,19.107378,72.867162,22.8,2026-06-16T07:41:30+05:30,2026-06-16T07:41:36+05:30
P-0005003,V-07,6,19.107256,72.866998,23.2,2026-06-16T07:41:40+05:30,2026-06-16T07:41:44+05:30
P-0005004,V-07,6,19.107055,72.866849,20.8,2026-06-16T07:41:50+05:30,2026-06-16T07:41:51+05:30
P-0005005,V-07,6,19.106655,72.867109,26.1,2026-06-16T07:42:00+05:30,2026-06-16T07:42:06+05:30
P-0005006,V-07,6,19.106168,72.867329,28.3,2026-06-16T07:42:10+05:30,2026-06-16T07:42:15+05:30
P-0005007,V-07,6,19.105643,72.86695,17.2,2026-06-16T07:42:20+05:30,2026-06-16T07:42:23+05:30
P-0005008,V-07,6,19.105056,72.866988,23.5,2026-06-16T07:42:30+05:30,2026-06-16T07:42:33+05:30
P-0005009,V-07,6,19.104669,72.867335,27.8,2026-06-16T07:42:40+05:30,2026-06-16T07:42:46+05:30
P-0005010,V-07,6,19.104349,72.866979,23.9,2026-06-16T07:42:50+05:30,2026-06-16T07:42:56+05:30
P-0005011,V-07,6,19.10404,72.867059,18.7,2026-06-16T07:43:00+05:30,2026-06-16T07:43:06+05:30
P-0005012,V-07,6,19.10369,72.867285,19.2,2026-06-16T07:43:10+05:30,2026-06-16T07:43:14+05:30
P-0005013,V-07,6,19.103322,72.867234,21.7,2026-06-16T07:43:20+05:30,2026-06-16T07:43:23+05:30
P-0005014,V-07,6,19.102897,72.86699,22.5,2026-06-16T07:43:30+05:30,2026-06-16T07:43:36+05:30
P-0005015,V-07,6,19.102412,72.867338,19.1,2026-06-16T07:43:40+05:30,2026-06-16T07:43:44+05:30
P-0005016,V-07,6,19.101826,72.86728,21.9,2026-06-16T07:43:50+05:30,2026-06-16T07:43:54+05:30
P-0005017,V-07,6,19.101566,72.867216,20.8,2026-06-16T07:44:00+05:30,2026-06-16T07:44:05+05:30
P-0005018,V-07,6,19.101469,72.867146,17.5,2026-06-16T07:44:10+05:30,2026-06-16T07:44:13+05:30
P-0005019,V-07,6,19.100953,72.867079,26.4,2026-06-16T07:44:20+05:30,2026-06-16T07:44:26+05:30
P-0005020,V-07,6,19.10052,72.867377,27.6,2026-06-16T07:44:30+05:30,2026-06-16T07:44:31+05:30
P-0005021,V-07,6,19.099903,72.866938,23.5,2026-06-16T07:44:40+05:30,2026-06-16T07:44:42+05:30
P-0005022,V-07,6,19.099463,72.866937,24.8,2026-06-16T07:44:50+05:30,2026-06-16T07:44:52+05:30
P-0005023,V-07,6,19.099054,72.867146,26.6,2026-06-16T07:45:00+05:30,2026-06-16T07:45:06+05:30
P-0005024,V-07,6,19.098798,72.867063,21.2,2026-06-16T07:45:10+05:30,2026-06-16T07:45:16+05:30
P-0005025,V-07,6,19.098635,72.867194,21.8,2026-06-16T07:45:20+05:30,2026-06-16T07:45:21+05:30
P-0005026,V-07,6,19.098021,72.866976,25.0,2026-06-16T07:45:30+05:30,2026-06-16T07:45:36+05:30
P-0005027,V-07,6,19.097803,72.867298,20.0,2026-06-16T07:45:40+05:30,2026-06-16T07:45:44+05:30
P-0005028,V-07,6,19.097238,72.867015,19.4,2026-06-16T07:45:50+05:30,2026-06-16T07:45:53+05:30
P-0005029,V-07,6,19.096728,72.867296,28.4,2026-06-16T07:46:00+05:30,2026-06-16T07:46:02+05:30
P-0005030,V-07,6,19.096351,72.86701,18.6,2026-06-16T07:46:10+05:30,2026-06-16T07:46:13+05:30
P-0005031,V-07,6,19.096191,72.867024,19.7,2026-06-16T07:46:20+05:30,2026-06-16T07:46:24+05:30
P-0005032,V-07,6,19.095626,72.867238,26.6,2026-06-16T07:46:30+05:30,2026-06-16T07:46:32+05:30
P-0005033,V-07,6,19.095304,72.867371,28.0,2026-06-16T07:46:40+05:30,2026-06-16T07:46:43+05:30
P-0005034,V-07,6,19.094825,72.867093,21.8,2026-06-16T07:46:50+05:30,2026-06-16T07:46:56+05:30
P-0005035,V-07,6,19.094723,72.867334,22.6,2026-06-16T07:47:00+05:30,2026-06-16T07:47:02+05:30
P-0005036,V-07,6,19.09421,72.867261,29.7,2026-06-16T07:47:10+05:30,2026-06-16T07:47:13+05:30
P-0005037,V-07,6,19.093752,72.866874,22.7,2026-06-16T07:47:20+05:30,2026-06-16T07:47:26+05:30
P-0005038,V-07,6,19.093555,72.867124,29.3,2026-06-16T07:47:30+05:30,2026-06-16T07:47:33+05:30
P-0005039,V-07,6,19.092858,72.867019,29.9,2026-06-16T07:47:40+05:30,2026-06-16T07:47:43+05:30
P-0005040,V-07,6,19.092408,72.867149,22.3,2026-06-16T07:47:50+05:30,2026-06-16T07:47:52+05:30
P-0005041,V-07,6,19.092123,72.867311,25.1,2026-06-16T07:48:00+05:30,2026-06-16T07:48:02+05:30
P-0005042,V-07,6,19.092002,72.86688,24.8,2026-06-16T07:48:10+05:30,2026-06-16T07:48:15+05:30
P-0005043,V-07,6,19.091225,72.867114,23.7,2026-06-16T07:48:20+05:30,2026-06-16T07:48:21+05:30
P-0005044,V-07,6,19.090967,72.867171,26.4,2026-06-16T07:48:30+05:30,2026-06-16T07:48:34+05:30
P-0005045,V-07,6,19.090488,72.866859,24.6,2026-06-16T07:48:40+05:30,2026-06-16T07:48:44+05:30
P-0005046,V-07,6,19.09026,72.867189,23.0,2026-06-16T07:48:50+05:30,2026-06-16T07:48:51+05:30
P-0005047,V-07,6,19.08964,72.867292,23.7,2026-06-16T07:49:00+05:30,2026-06-16T07:49:02+05:30
P-0005048,V-07,6,19.089232,72.867247,25.5,2026-06-16T07:49:10+05:30,2026-06-16T07:49:13+05:30
P-0005049,V-07,6,19.088978,72.866921,22.9,2026-06-16T07:49:20+05:30,2026-06-16T07:49:24+05:30
P-0005050,V-07,6,19.088629,72.867264,26.1,2026-06-16T07:49:30+05:30,2026-06-16T07:49:36+05:30
P-0005051,V-07,6,19.088017,72.867057,21.9,2026-06-16T07:49:40+05:30,2026-06-16T07:49:43+05:30
P-0005052,V-07,6,19.088027,72.867054,28.7,2026-06-16T07:49:50+05:30,2026-06-16T07:49:52+05:30
P-0005053,V-07,6,19.08768,72.867081,31.0,2026-06-16T07:50:00+05:30,2026-06-16T07:50:06+05:30
P-0005054,V-07,6,19.086794,72.867192,31.3,2026-06-16T07:50:10+05:30,2026-06-16T07:50:14+05:30
P-0005055,V-07,6,19.086415,72.867287,31.9,2026-06-16T07:50:20+05:30,2026-06-16T07:50:26+05:30
P-0005056,V-07,6,19.086469,72.866894,25.1,2026-06-16T07:50:30+05:30,2026-06-16T07:50:34+05:30
P-0005057,V-07,6,19.085747,72.867122,29.2,2026-06-16T07:50:40+05:30,2026-06-16T07:50:45+05:30
P-0005058,V-07,6,19.085464,72.867214,26.0,2026-06-16T07:50:50+05:30,2026-06-16T07:50:55+05:30
P-0005059,V-07,6,19.084828,72.866884,31.0,2026-06-16T07:51:00+05:30,2026-06-16T07:51:02+05:30
P-0005060,V-07,6,19.084631,72.867192,24.5,2026-06-16T07:51:10+05:30,2026-06-16T07:51:13+05:30
P-0005061,V-07,6,19.084217,72.86714,24.1,2026-06-16T07:51:20+05:30,2026-06-16T07:51:25+05:30
P-0005062,V-07,6,19.083639,72.866954,27.0,2026-06-16T07:51:30+05:30,2026-06-16T07:51:32+05:30
P-0005063,V-07,6,19.083599,72.867157,26.0,2026-06-16T07:51:40+05:30,2026-06-16T07:51:46+05:30
P-0005064,V-07,6,19.083053,72.867265,31.7,2026-06-16T07:51:50+05:30,2026-06-16T07:51:52+05:30
P-0005065,V-07,6,19.082644,72.866842,33.5,2026-06-16T07:52:00+05:30,2026-06-16T07:52:01+05:30
P-0005066,V-07,6,19.082293,72.867299,24.9,2026-06-16T07:52:10+05:30,2026-06-16T07:52:16+05:30
P-0005067,V-07,6,19.08203,72.867336,28.9,2026-06-16T07:52:20+05:30,2026-06-16T07:52:22+05:30
P-0005068,V-07,6,19.08168,72.86731,28.1,2026-06-16T07:52:30+05:30,2026-06-16T07:52:35+05:30
P-0005069,V-07,6,19.081341,72.867106,27.2,2026-06-16T07:52:40+05:30,2026-06-16T07:52:43+05:30
P-0005070,V-07,6,19.08082,72.867123,28.4,2026-06-16T07:52:50+05:30,2026-06-16T07:52:56+05:30
P-0005071,V-07,6,19.08047,72.867496,29.0,2026-06-16T07:53:00+05:30,2026-06-16T07:53:02+05:30
P-0005072,V-07,6,19.079886,72.867287,26.6,2026-06-16T07:53:10+05:30,2026-06-16T07:53:14+05:30
P-0005073,V-07,6,19.079789,72.867629,30.4,2026-06-16T07:53:20+05:30,2026-06-16T07:53:24+05:30
P-0005074,V-07,6,19.079055,72.867594,22.8,2026-06-16T07:53:30+05:30,2026-06-16T07:53:36+05:30
P-0005075,V-07,6,19.078775,72.867427,29.8,2026-06-16T07:53:40+05:30,2026-06-16T07:53:44+05:30
P-0005076,V-07,6,19.078502,72.86764,29.1,2026-06-16T07:53:50+05:30,2026-06-16T07:53:54+05:30
P-0005077,V-07,6,19.07817,72.867862,27.1,2026-06-16T07:54:00+05:30,2026-06-16T07:54:06+05:30
P-0005078,V-07,6,19.077474,72.867702,32.2,2026-06-16T07:54:10+05:30,2026-06-16T07:54:15+05:30
P-0005079,V-07,6,19.076967,72.867566,31.9,2026-06-16T07:54:20+05:30,2026-06-16T07:54:25+05:30
P-0005080,V-07,6,19.076732,72.867756,23.2,2026-06-16T07:54:30+05:30,2026-06-16T07:54:34+05:30
P-0005081,V-07,6,19.076399,72.867642,29.0,2026-06-16T07:54:40+05:30,2026-06-16T07:54:42+05:30
P-0005082,V-07,6,19.076,72.868101,23.9,2026-06-16T07:54:50+05:30,2026-06-16T07:54:51+05:30
P-0005083,V-07,6,19.075818,72.867933,29.8,2026-06-16T07:55:00+05:30,2026-06-16T07:55:03+05:30
P-0005084,V-07,6,19.075168,72.868003,30.8,2026-06-16T07:55:10+05:30,2026-06-16T07:55:15+05:30
P-0005085,V-07,6,19.074805,72.868208,24.2,2026-06-16T07:55:20+05:30,2026-06-16T07:55:23+05:30
P-0005086,V-07,6,19.074514,72.86789,33.6,2026-06-16T07:55:30+05:30,2026-06-16T07:55:31+05:30
P-0005087,V-07,6,19.074123,72.867876,30.7,2026-06-16T07:55:40+05:30,2026-06-16T07:55:46+05:30
P-0005088,V-07,6,19.073705,72.868312,35.8,2026-06-16T07:55:50+05:30,2026-06-16T07:55:51+05:30
P-0005089,V-07,6,19.073124,72.868317,28.2,2026-06-16T07:56:00+05:30,2026-06-16T07:56:05+05:30
P-0005090,V-07,6,19.072775,72.868447,31.5,2026-06-16T07:56:10+05:30,2026-06-16T07:56:14+05:30
P-0005091,V-07,6,19.072414,72.868073,25.4,2026-06-16T07:56:20+05:30,2026-06-16T07:56:24+05:30
P-0005092,V-07,6,19.072214,72.86832,30.7,2026-06-16T07:56:30+05:30,2026-06-16T07:56:33+05:30
P-0005093,V-07,6,19.071631,72.868454,24.8,2026-06-16T07:56:40+05:30,2026-06-16T07:56:42+05:30
P-0005094,V-07,6,19.07137,72.868173,36.6,2026-06-16T07:56:50+05:30,2026-06-16T07:56:51+05:30
P-0005095,V-07,6,19.07096,72.868358,25.3,2026-06-16T07:57:00+05:30,2026-06-16T07:57:05+05:30
P-0005096,V-07,6,19.070451,72.868702,31.3,2026-06-16T07:57:10+05:30,2026-06-16T07:57:14+05:30
P-0005097,V-07,6,19.070121,72.868778,25.2,2026-06-16T07:57:20+05:30,2026-06-16T07:57:25+05:30
P-0005098,V-07,6,19.069487,72.868488,26.5,2026-06-16T07:57:30+05:30,2026-06-16T07:57:33+05:30
P-0005099,V-07,6,19.069522,72.868717,37.1,2026-06-16T07:57:40+05:30,2026-06-16T07:57:46+05:30
P-0005100,V-07,6,19.068764,72.868907,26.3,2026-06-16T07:57:50+05:30,2026-06-16T07:57:51+05:30
P-0005101,V-07,6,19.068732,72.868744,30.0,2026-06-16T07:58:00+05:30,2026-06-16T07:58:06+05:30
P-0005102,V-07,6,19.067918,72.868791,29.9,2026-06-16T07:58:10+05:30,2026-06-16T07:58:12+05:30
P-0005103,V-07,6,19.067595,72.869003,26.0,2026-06-16T07:58:20+05:30,2026-06-16T07:58:23+05:30
P-0005104,V-07,6,19.067186,72.868743,37.1,2026-06-16T07:58:30+05:30,2026-06-16T07:58:35+05:30
P-0005105,V-07,6,19.067067,72.868853,27.2,2026-06-16T07:58:40+05:30,2026-06-16T07:58:43+05:30
P-0005106,V-07,6,19.066483,72.868799,26.4,2026-06-16T07:58:50+05:30,2026-06-16T07:58:54+05:30
P-0005107,V-07,6,19.066216,72.868841,28.7,2026-06-16T07:59:00+05:30,2026-06-16T07:59:05+05:30
P-0005108,V-03,5,19.172824,72.956747,30.2,2026-06-16T07:05:00+05:30,2026-06-16T07:05:03+05:30
P-0005109,V-03,5,19.172678,72.956593,33.3,2026-06-16T07:05:10+05:30,2026-06-16T07:05:12+05:30
P-0005110,V-03,5,19.172463,72.956033,33.8,2026-06-16T07:05:20+05:30,2026-06-16T07:05:26+05:30
P-0005111,V-03,5,19.172209,72.956179,37.3,2026-06-16T07:05:30+05:30,2026-06-16T07:05:33+05:30
P-0005112,V-03,5,19.172001,72.955866,31.2,2026-06-16T07:05:40+05:30,2026-06-16T07:05:43+05:30
P-0005113,V-03,5,19.171952,72.955516,25.7,2026-06-16T07:05:50+05:30,2026-06-16T07:05:54+05:30
P-0005114,V-03,5,19.171948,72.955424,35.6,2026-06-16T07:06:00+05:30,2026-06-16T07:06:01+05:30
P-0005115,V-03,5,19.171767,72.954888,36.3,2026-06-16T07:06:10+05:30,2026-06-16T07:06:11+05:30
P-0005116,V-03,5,19.171622,72.954721,31.1,2026-06-16T07:06:20+05:30,2026-06-16T07:06:26+05:30
P-0005117,V-03,5,19.171456,72.954157,33.0,2026-06-16T07:06:30+05:30,2026-06-16T07:06:31+05:30
P-0005118,V-03,5,19.171276,72.954201,35.7,2026-06-16T07:06:40+05:30,2026-06-16T07:06:42+05:30
P-0005119,V-03,5,19.171549,72.953634,34.9,2026-06-16T07:06:50+05:30,2026-06-16T07:06:54+05:30
P-0005120,V-03,5,19.171185,72.953426,28.4,2026-06-16T07:07:00+05:30,2026-06-16T07:07:05+05:30
P-0005121,V-03,5,19.171184,72.953298,25.5,2026-06-16T07:07:10+05:30,2026-06-16T07:07:14+05:30
P-0005122,V-03,5,19.171101,72.953262,27.0,2026-06-16T07:07:20+05:30,2026-06-16T07:07:23+05:30
P-0005123,V-03,5,19.171052,72.95272,34.6,2026-06-16T07:07:30+05:30,2026-06-16T07:07:31+05:30
P-0005124,V-03,5,19.170717,72.952311,28.1,2026-06-16T07:07:40+05:30,2026-06-16T07:07:45+05:30
P-0005125,V-03,5,19.170671,72.952453,26.3,2026-06-16T07:07:50+05:30,2026-06-16T07:07:55+05:30
P-0005126,V-03,5,19.170427,72.95198,27.1,2026-06-16T07:08:00+05:30,2026-06-16T07:08:05+05:30
P-0005127,V-03,5,19.170574,72.951473,30.9,2026-06-16T07:08:10+05:30,2026-06-16T07:08:12+05:30
P-0005128,V-03,5,19.170404,72.95168,27.4,2026-06-16T07:08:20+05:30,2026-06-16T07:08:26+05:30
P-0005129,V-03,5,19.170182,72.95113,25.3,2026-06-16T07:08:30+05:30,2026-06-16T07:08:32+05:30
P-0005130,V-03,5,19.169839,72.951092,28.6,2026-06-16T07:08:40+05:30,2026-06-16T07:08:42+05:30
P-0005131,V-03,5,19.169713,72.950492,28.9,2026-06-16T07:08:50+05:30,2026-06-16T07:08:55+05:30
P-0005132,V-03,5,19.169663,72.95023,28.8,2026-06-16T07:09:00+05:30,2026-06-16T07:09:05+05:30
P-0005133,V-03,5,19.169815,72.950121,25.2,2026-06-16T07:09:10+05:30,2026-06-16T07:09:12+05:30
P-0005134,V-03,5,19.169647,72.949617,31.5,2026-06-16T07:09:20+05:30,2026-06-16T07:09:21+05:30
P-0005135,V-03,5,19.169717,72.949521,30.2,2026-06-16T07:09:30+05:30,2026-06-16T07:09:35+05:30
P-0005136,V-03,5,19.169434,72.949353,27.4,2026-06-16T07:09:40+05:30,2026-06-16T07:09:44+05:30
P-0005137,V-03,5,19.169166,72.948964,32.7,2026-06-16T07:09:50+05:30,2026-06-16T07:09:54+05:30
P-0005138,V-03,5,19.16934,72.948694,33.4,2026-06-16T07:10:00+05:30,2026-06-16T07:10:01+05:30
P-0005139,V-03,5,19.1691,72.948696,29.2,2026-06-16T07:10:10+05:30,2026-06-16T07:10:13+05:30
P-0005140,V-03,5,19.169064,72.948435,31.0,2026-06-16T07:10:20+05:30,2026-06-16T07:10:24+05:30
P-0005141,V-03,5,19.168759,72.947808,33.9,2026-06-16T07:10:30+05:30,2026-06-16T07:10:36+05:30
P-0005142,V-03,5,19.168699,72.947836,25.7,2026-06-16T07:10:40+05:30,2026-06-16T07:10:45+05:30
P-0005143,V-03,5,19.16882,72.947639,32.4,2026-06-16T07:10:50+05:30,2026-06-16T07:10:55+05:30
P-0005144,V-03,5,19.168665,72.94729,25.3,2026-06-16T07:11:00+05:30,2026-06-16T07:11:03+05:30
P-0005145,V-03,5,19.168193,72.947051,23.4,2026-06-16T07:11:10+05:30,2026-06-16T07:11:14+05:30
P-0005146,V-03,5,19.168077,72.946783,25.6,2026-06-16T07:11:20+05:30,2026-06-16T07:11:23+05:30
P-0005147,V-03,5,19.167998,72.94657,25.6,2026-06-16T07:11:30+05:30,2026-06-16T07:11:33+05:30
P-0005148,V-03,5,19.167824,72.945996,26.9,2026-06-16T07:11:40+05:30,2026-06-16T07:11:44+05:30
P-0005149,V-03,5,19.16785,72.945667,27.2,2026-06-16T07:11:50+05:30,2026-06-16T07:11:53+05:30
P-0005150,V-03,5,19.167596,72.945347,30.7,2026-06-16T07:12:00+05:30,2026-06-16T07:12:04+05:30
P-0005151,V-03,5,19.167515,72.94544,26.4,2026-06-16T07:12:10+05:30,2026-06-16T07:12:11+05:30
P-0005152,V-03,5,19.167622,72.945262,23.2,2026-06-16T07:12:20+05:30,2026-06-16T07:12:24+05:30
P-0005153,V-03,5,19.167589,72.944823,32.2,2026-06-16T07:12:30+05:30,2026-06-16T07:12:34+05:30
P-0005154,V-03,5,19.167304,72.944336,25.8,2026-06-16T07:12:40+05:30,2026-06-16T07:12:44+05:30
P-0005155,V-03,5,19.166917,72.944509,22.5,2026-06-16T07:12:50+05:30,2026-06-16T07:12:53+05:30
P-0005156,V-03,5,19.166684,72.944095,26.6,2026-06-16T07:13:00+05:30,2026-06-16T07:13:06+05:30
P-0005157,V-03,5,19.166713,72.944054,22.3,2026-06-16T07:13:10+05:30,2026-06-16T07:13:15+05:30
P-0005158,V-03,5,19.166282,72.943715,21.2,2026-06-16T07:13:20+05:30,2026-06-16T07:13:25+05:30
P-0005159,V-03,5,19.166295,72.943608,26.7,2026-06-16T07:13:30+05:30,2026-06-16T07:13:35+05:30
P-0005160,V-03,5,19.166052,72.94303,26.4,2026-06-16T07:13:40+05:30,2026-06-16T07:13:43+05:30
P-0005161,V-03,5,19.166093,72.942722,30.8,2026-06-16T07:13:50+05:30,2026-06-16T07:13:56+05:30
P-0005162,V-03,5,19.165815,72.942662,24.7,2026-06-16T07:14:00+05:30,2026-06-16T07:14:06+05:30
P-0005163,V-03,5,19.165664,72.942519,24.9,2026-06-16T07:14:10+05:30,2026-06-16T07:14:15+05:30
P-0005164,V-03,5,19.16531,72.942307,26.0,2026-06-16T07:14:20+05:30,2026-06-16T07:14:24+05:30
P-0005165,V-03,5,19.165354,72.942005,22.7,2026-06-16T07:14:30+05:30,2026-06-16T07:14:32+05:30
P-0005166,V-03,5,19.165321,72.941763,27.0,2026-06-16T07:14:40+05:30,2026-06-16T07:14:41+05:30
P-0005167,V-03,5,19.165142,72.941542,26.5,2026-06-16T07:14:50+05:30,2026-06-16T07:14:52+05:30
P-0005168,V-03,5,19.164874,72.941112,23.6,2026-06-16T07:15:00+05:30,2026-06-16T07:15:01+05:30
P-0005169,V-03,5,19.164297,72.941029,25.1,2026-06-16T07:15:10+05:30,2026-06-16T07:15:16+05:30
P-0005170,V-03,5,19.164462,72.941043,22.1,2026-06-16T07:15:20+05:30,2026-06-16T07:15:24+05:30
P-0005171,V-03,5,19.164214,72.940442,24.2,2026-06-16T07:15:30+05:30,2026-06-16T07:15:33+05:30
P-0005172,V-03,5,19.163992,72.940498,23.7,2026-06-16T07:15:40+05:30,2026-06-16T07:15:45+05:30
P-0005173,V-03,5,19.163847,72.940005,22.0,2026-06-16T07:15:50+05:30,2026-06-16T07:15:51+05:30
P-0005174,V-03,5,19.163537,72.940158,27.1,2026-06-16T07:16:00+05:30,2026-06-16T07:16:05+05:30
P-0005175,V-03,5,19.163442,72.939876,29.8,2026-06-16T07:16:10+05:30,2026-06-16T07:16:16+05:30
P-0005176,V-03,5,19.163459,72.93933,19.2,2026-06-16T07:16:20+05:30,2026-06-16T07:16:26+05:30
P-0005177,V-03,5,19.163143,72.939406,18.9,2026-06-16T07:16:30+05:30,2026-06-16T07:16:36+05:30
P-0005178,V-03,5,19.162947,72.939009,25.7,2026-06-16T07:16:40+05:30,2026-06-16T07:16:46+05:30
P-0005179,V-03,5,19.162687,72.938645,19.6,2026-06-16T07:16:50+05:30,2026-06-16T07:16:56+05:30
P-0005180,V-03,5,19.162536,72.938316,27.3,2026-06-16T07:17:00+05:30,2026-06-16T07:17:02+05:30
P-0005181,V-03,5,19.162648,72.938517,26.9,2026-06-16T07:17:10+05:30,2026-06-16T07:17:15+05:30
P-0005182,V-03,5,19.162262,72.93824,22.1,2026-06-16T07:17:20+05:30,2026-06-16T07:17:26+05:30
P-0005183,V-03,5,19.161829,72.937856,27.9,2026-06-16T07:17:30+05:30,2026-06-16T07:17:34+05:30
P-0005184,V-03,5,19.161839,72.937478,25.4,2026-06-16T07:17:40+05:30,2026-06-16T07:17:46+05:30
P-0005185,V-03,5,19.161686,72.937282,27.6,2026-06-16T07:17:50+05:30,2026-06-16T07:17:55+05:30
P-0005186,V-03,5,19.161628,72.937219,28.4,2026-06-16T07:18:00+05:30,2026-06-16T07:18:05+05:30
P-0005187,V-03,5,19.161179,72.937011,21.2,2026-06-16T07:18:10+05:30,2026-06-16T07:18:14+05:30
P-0005188,V-03,5,19.161295,72.936526,25.3,2026-06-16T07:18:20+05:30,2026-06-16T07:18:21+05:30
P-0005189,V-03,5,19.161207,72.936301,26.6,2026-06-16T07:18:30+05:30,2026-06-16T07:18:32+05:30
P-0005190,V-03,5,19.160841,72.93611,18.9,2026-06-16T07:18:40+05:30,2026-06-16T07:18:43+05:30
P-0005191,V-03,5,19.160801,72.936103,17.6,2026-06-16T07:18:50+05:30,2026-06-16T07:18:51+05:30
P-0005192,V-03,5,19.160506,72.935635,26.1,2026-06-16T07:19:00+05:30,2026-06-16T07:19:04+05:30
P-0005193,V-03,5,19.160166,72.935684,26.8,2026-06-16T07:19:10+05:30,2026-06-16T07:19:11+05:30
P-0005194,V-03,5,19.160086,72.935316,21.0,2026-06-16T07:19:20+05:30,2026-06-16T07:19:25+05:30
P-0005195,V-03,5,19.159694,72.934947,18.1,2026-06-16T07:19:30+05:30,2026-06-16T07:19:34+05:30
P-0005196,V-03,5,19.159866,72.934704,20.0,2026-06-16T07:19:40+05:30,2026-06-16T07:19:42+05:30
P-0005197,V-03,5,19.159734,72.934593,19.6,2026-06-16T07:19:50+05:30,2026-06-16T07:19:54+05:30
P-0005198,V-03,5,19.159577,72.934607,27.7,2026-06-16T07:20:00+05:30,2026-06-16T07:20:03+05:30
P-0005199,V-03,5,19.159257,72.934349,20.5,2026-06-16T07:20:10+05:30,2026-06-16T07:20:13+05:30
P-0005200,V-03,5,19.158922,72.933999,27.5,2026-06-16T07:20:20+05:30,2026-06-16T07:20:22+05:30
P-0005201,V-03,5,19.158867,72.933897,21.8,2026-06-16T07:20:30+05:30,2026-06-16T07:20:32+05:30
P-0005202,V-03,5,19.158626,72.933644,20.7,2026-06-16T07:20:40+05:30,2026-06-16T07:20:44+05:30
P-0005203,V-03,5,19.158669,72.933024,24.0,2026-06-16T07:20:50+05:30,2026-06-16T07:20:56+05:30
P-0005204,V-03,5,19.158096,72.933139,21.6,2026-06-16T07:21:00+05:30,2026-06-16T07:21:02+05:30
P-0005205,V-03,5,19.158044,72.93293,27.3,2026-06-16T07:21:10+05:30,2026-06-16T07:21:16+05:30
P-0005206,V-03,5,19.157732,72.932543,24.4,2026-06-16T07:21:20+05:30,2026-06-16T07:21:22+05:30
P-0005207,V-03,5,19.157886,72.932187,18.2,2026-06-16T07:21:30+05:30,2026-06-16T07:21:36+05:30
P-0005208,V-03,5,19.157716,72.931969,27.1,2026-06-16T07:21:40+05:30,2026-06-16T07:21:43+05:30
P-0005209,V-03,5,19.157571,72.931669,25.2,2026-06-16T07:21:50+05:30,2026-06-16T07:21:52+05:30
P-0005210,V-03,5,19.157019,72.931774,16.6,2026-06-16T07:22:00+05:30,2026-06-16T07:22:01+05:30
P-0005211,V-03,5,19.156988,72.9315,18.6,2026-06-16T07:22:10+05:30,2026-06-16T07:22:12+05:30
P-0005212,V-03,5,19.156842,72.931271,17.7,2026-06-16T07:22:20+05:30,2026-06-16T07:22:25+05:30
P-0005213,V-03,5,19.156645,72.930925,23.3,2026-06-16T07:22:30+05:30,2026-06-16T07:22:36+05:30
P-0005214,V-03,5,19.15664,72.930821,26.6,2026-06-16T07:22:40+05:30,2026-06-16T07:22:43+05:30
P-0005215,V-03,5,19.156565,72.930299,26.8,2026-06-16T07:22:50+05:30,2026-06-16T07:22:55+05:30
P-0005216,V-03,5,19.156451,72.930214,15.0,2026-06-16T07:23:00+05:30,2026-06-16T07:23:02+05:30
P-0005217,V-03,5,19.15622,72.930177,22.9,2026-06-16T07:23:10+05:30,2026-06-16T07:23:13+05:30
P-0005218,V-03,5,19.155588,72.929818,17.0,2026-06-16T07:23:20+05:30,2026-06-16T07:23:21+05:30
P-0005219,V-03,5,19.155293,72.929779,25.1,2026-06-16T07:23:30+05:30,2026-06-16T07:23:35+05:30
P-0005220,V-03,5,19.155402,72.929543,17.3,2026-06-16T07:23:40+05:30,2026-06-16T07:23:42+05:30
P-0005221,V-03,5,19.154897,72.929283,17.2,2026-06-16T07:23:50+05:30,2026-06-16T07:23:55+05:30
P-0005222,V-03,5,19.154813,72.929231,25.0,2026-06-16T07:24:00+05:30,2026-06-16T07:24:04+05:30
P-0005223,V-03,5,19.154741,72.928801,22.2,2026-06-16T07:24:10+05:30,2026-06-16T07:24:15+05:30
P-0005224,V-03,5,19.154559,72.928606,17.6,2026-06-16T07:24:20+05:30,2026-06-16T07:24:24+05:30
P-0005225,V-03,5,19.15388,72.92842,15.2,2026-06-16T07:24:30+05:30,2026-06-16T07:24:35+05:30
P-0005226,V-03,5,19.153888,72.928346,14.5,2026-06-16T07:24:40+05:30,2026-06-16T07:24:43+05:30
P-0005227,V-03,5,19.153465,72.928351,26.0,2026-06-16T07:24:50+05:30,2026-06-16T07:24:56+05:30
P-0005228,V-03,5,19.153646,72.928253,17.2,2026-06-16T07:25:00+05:30,2026-06-16T07:25:06+05:30
P-0005229,V-03,5,19.153,72.927986,24.7,2026-06-16T07:25:10+05:30,2026-06-16T07:25:11+05:30
P-0005230,V-03,5,19.152835,72.927711,22.7,2026-06-16T07:25:20+05:30,2026-06-16T07:25:24+05:30
P-0005231,V-03,5,19.152505,72.927664,25.4,2026-06-16T07:25:30+05:30,2026-06-16T07:25:31+05:30
P-0005232,V-03,5,19.152412,72.927322,24.5,2026-06-16T07:25:40+05:30,2026-06-16T07:25:42+05:30
P-0005233,V-03,5,19.152135,72.927184,18.7,2026-06-16T07:25:50+05:30,2026-06-16T07:25:51+05:30
P-0005234,V-03,5,19.152059,72.927228,19.5,2026-06-16T07:26:00+05:30,2026-06-16T07:26:05+05:30
P-0005235,V-03,5,19.151642,72.926764,22.4,2026-06-16T07:26:10+05:30,2026-06-16T07:26:16+05:30
P-0005236,V-03,5,19.151596,72.926996,21.0,2026-06-16T07:26:20+05:30,2026-06-16T07:26:26+05:30
P-0005237,V-03,5,19.15148,72.926619,15.4,2026-06-16T07:26:30+05:30,2026-06-16T07:26:36+05:30
P-0005238,V-03,5,19.151092,72.92656,18.3,2026-06-16T07:26:40+05:30,2026-06-16T07:26:46+05:30
P-0005239,V-03,5,19.150846,72.926297,16.2,2026-06-16T07:26:50+05:30,2026-06-16T07:26:55+05:30
P-0005240,V-03,5,19.150797,72.926383,18.0,2026-06-16T07:27:00+05:30,2026-06-16T07:27:06+05:30
P-0005241,V-03,5,19.150412,72.925861,14.5,2026-06-16T07:27:10+05:30,2026-06-16T07:27:15+05:30
P-0005242,V-03,5,19.149881,72.925714,19.9,2026-06-16T07:27:20+05:30,2026-06-16T07:27:23+05:30
P-0005243,V-03,5,19.150008,72.925736,23.0,2026-06-16T07:27:30+05:30,2026-06-16T07:27:36+05:30
P-0005244,V-03,5,19.149641,72.9253,16.2,2026-06-16T07:27:40+05:30,2026-06-16T07:27:43+05:30
P-0005245,V-03,5,19.14961,72.925537,22.7,2026-06-16T07:27:50+05:30,2026-06-16T07:27:52+05:30
P-0005246,V-03,5,19.148911,72.925281,17.6,2026-06-16T07:28:00+05:30,2026-06-16T07:28:04+05:30
P-0005247,V-03,5,19.149018,72.924956,17.1,2026-06-16T07:28:10+05:30,2026-06-16T07:28:14+05:30
P-0005248,V-03,5,19.148672,72.924576,18.2,2026-06-16T07:28:20+05:30,2026-06-16T07:28:21+05:30
P-0005249,V-03,5,19.14832,72.924846,19.9,2026-06-16T07:28:30+05:30,2026-06-16T07:28:32+05:30
P-0005250,V-03,5,19.147992,72.924351,24.4,2026-06-16T07:28:40+05:30,2026-06-16T07:28:42+05:30
P-0005251,V-03,5,19.148126,72.924534,14.0,2026-06-16T07:28:50+05:30,2026-06-16T07:28:54+05:30
P-0005252,V-03,5,19.147789,72.924194,19.5,2026-06-16T07:29:00+05:30,2026-06-16T07:29:06+05:30
P-0005253,V-03,5,19.147331,72.923848,22.6,2026-06-16T07:29:10+05:30,2026-06-16T07:29:16+05:30
P-0005254,V-03,5,19.147388,72.923654,18.7,2026-06-16T07:29:20+05:30,2026-06-16T07:29:23+05:30
P-0005255,V-03,5,19.147035,72.923679,19.5,2026-06-16T07:29:30+05:30,2026-06-16T07:29:34+05:30
P-0005256,V-03,5,19.146536,72.92348,21.4,2026-06-16T07:29:40+05:30,2026-06-16T07:29:43+05:30
P-0005257,V-03,5,19.14674,72.923466,13.4,2026-06-16T07:29:50+05:30,2026-06-16T07:29:52+05:30
P-0005258,V-03,5,19.146066,72.923234,20.9,2026-06-16T07:30:00+05:30,2026-06-16T07:30:03+05:30
P-0005259,V-03,5,19.146266,72.922794,18.2,2026-06-16T07:30:10+05:30,2026-06-16T07:30:13+05:30
P-0005260,V-03,5,19.145757,72.922661,13.2,2026-06-16T07:30:20+05:30,2026-06-16T07:30:25+05:30
P-0005261,V-03,5,19.145452,72.922437,12.5,2026-06-16T07:30:30+05:30,2026-06-16T07:30:36+05:30
P-0005262,V-03,5,19.145559,72.922459,15.5,2026-06-16T07:30:40+05:30,2026-06-16T07:30:41+05:30
P-0005263,V-03,5,19.145578,72.921753,13.2,2026-06-16T07:30:50+05:30,2026-06-16T07:30:52+05:30
P-0005264,V-03,5,19.145382,72.921858,19.6,2026-06-16T07:31:00+05:30,2026-06-16T07:31:04+05:30
P-0005265,V-03,5,19.145319,72.9215,21.3,2026-06-16T07:31:10+05:30,2026-06-16T07:31:16+05:30
P-0005266,V-03,5,19.144844,72.921279,23.7,2026-06-16T07:31:20+05:30,2026-06-16T07:31:24+05:30
P-0005267,V-03,5,19.144545,72.920788,18.3,2026-06-16T07:31:30+05:30,2026-06-16T07:31:32+05:30
P-0005268,V-03,5,19.144506,72.920859,14.2,2026-06-16T07:31:40+05:30,2026-06-16T07:31:43+05:30
P-0005269,V-03,5,19.144631,72.920385,18.1,2026-06-16T07:31:50+05:30,2026-06-16T07:31:52+05:30
P-0005270,V-03,5,19.144187,72.920424,14.3,2026-06-16T07:32:00+05:30,2026-06-16T07:32:05+05:30
P-0005271,V-03,5,19.144404,72.919902,13.4,2026-06-16T07:32:10+05:30,2026-06-16T07:32:12+05:30
P-0005272,V-03,5,19.143894,72.919727,15.2,2026-06-16T07:32:20+05:30,2026-06-16T07:32:24+05:30
P-0005273,V-03,5,19.14395,72.919396,18.7,2026-06-16T07:32:30+05:30,2026-06-16T07:32:36+05:30
P-0005274,V-03,5,19.14354,72.919083,16.9,2026-06-16T07:32:40+05:30,2026-06-16T07:32:45+05:30
P-0005275,V-03,5,19.143786,72.918879,14.1,2026-06-16T07:32:50+05:30,2026-06-16T07:32:55+05:30
P-0005276,V-03,5,19.143397,72.918924,20.1,2026-06-16T07:33:00+05:30,2026-06-16T07:33:06+05:30
P-0005277,V-03,5,19.143313,72.918555,15.3,2026-06-16T07:33:10+05:30,2026-06-16T07:33:16+05:30
P-0005278,V-03,5,19.143223,72.918378,23.3,2026-06-16T07:33:20+05:30,2026-06-16T07:33:25+05:30
P-0005279,V-03,5,19.142986,72.91801,20.9,2026-06-16T07:33:30+05:30,2026-06-16T07:33:33+05:30
P-0005280,V-03,5,19.142797,72.917954,18.7,2026-06-16T07:33:40+05:30,2026-06-16T07:33:46+05:30
P-0005281,V-03,5,19.142921,72.917373,19.7,2026-06-16T07:33:50+05:30,2026-06-16T07:33:54+05:30
P-0005282,V-03,5,19.142487,72.917251,18.3,2026-06-16T07:34:00+05:30,2026-06-16T07:34:02+05:30
P-0005283,V-03,5,19.142618,72.916949,16.7,2026-06-16T07:34:10+05:30,2026-06-16T07:34:15+05:30
P-0005284,V-03,5,19.142266,72.916493,19.2,2026-06-16T07:34:20+05:30,2026-06-16T07:34:22+05:30
P-0005285,V-03,5,19.142146,72.916534,12.9,2026-06-16T07:34:30+05:30,2026-06-16T07:34:34+05:30
P-0005286,V-03,5,19.142001,72.916048,16.2,2026-06-16T07:34:40+05:30,2026-06-16T07:34:45+05:30
P-0005287,V-03,5,19.14166,72.915768,21.6,2026-06-16T07:34:50+05:30,2026-06-16T07:34:52+05:30
P-0005288,V-03,5,19.141561,72.915591,23.8,2026-06-16T07:35:00+05:30,2026-06-16T07:35:06+05:30
P-0005289,V-03,5,19.141708,72.91535,16.5,2026-06-16T07:35:10+05:30,2026-06-16T07:35:16+05:30
P-0005290,V-03,5,19.14141,72.915227,20.9,2026-06-16T07:35:20+05:30,2026-06-16T07:35:24+05:30
P-0005291,V-03,5,19.141213,72.915167,20.8,2026-06-16T07:35:30+05:30,2026-06-16T07:35:34+05:30
P-0005292,V-03,5,19.141009,72.914549,19.9,2026-06-16T07:35:40+05:30,2026-06-16T07:35:41+05:30
P-0005293,V-03,5,19.140753,72.914671,12.0,2026-06-16T07:35:50+05:30,2026-06-16T07:35:55+05:30
P-0005294,V-03,5,19.140563,72.914288,21.6,2026-06-16T07:36:00+05:30,2026-06-16T07:36:03+05:30
P-0005295,V-03,5,19.14077,72.913776,15.6,2026-06-16T07:36:10+05:30,2026-06-16T07:36:16+05:30
P-0005296,V-03,5,19.140495,72.913569,14.7,2026-06-16T07:36:20+05:30,2026-06-16T07:36:22+05:30
P-0005297,V-03,5,19.140559,72.913438,20.1,2026-06-16T07:36:30+05:30,2026-06-16T07:36:36+05:30
P-0005298,V-03,5,19.13994,72.913158,22.2,2026-06-16T07:36:40+05:30,2026-06-16T07:36:45+05:30
P-0005299,V-03,5,19.140163,72.913215,19.9,2026-06-16T07:36:50+05:30,2026-06-16T07:36:52+05:30
P-0005300,V-03,5,19.13998,72.912673,15.7,2026-06-16T07:37:00+05:30,2026-06-16T07:37:01+05:30
P-0005301,V-03,5,19.139964,72.912348,22.3,2026-06-16T07:37:10+05:30,2026-06-16T07:37:15+05:30
P-0005302,V-03,5,19.139596,72.91234,13.2,2026-06-16T07:37:20+05:30,2026-06-16T07:37:24+05:30
P-0005303,V-03,5,19.139621,72.912066,21.1,2026-06-16T07:37:30+05:30,2026-06-16T07:37:35+05:30
P-0005304,V-03,5,19.139295,72.911944,22.4,2026-06-16T07:37:40+05:30,2026-06-16T07:37:42+05:30
P-0005305,V-03,5,19.138935,72.911657,21.8,2026-06-16T07:37:50+05:30,2026-06-16T07:37:54+05:30
P-0005306,V-03,5,19.139149,72.911035,12.8,2026-06-16T07:38:00+05:30,2026-06-16T07:38:04+05:30
P-0005307,V-03,5,19.138678,72.911069,21.3,2026-06-16T07:38:10+05:30,2026-06-16T07:38:13+05:30
P-0005308,V-03,5,19.138871,72.910755,17.6,2026-06-16T07:38:20+05:30,2026-06-16T07:38:21+05:30
P-0005309,V-03,5,19.138723,72.910634,23.8,2026-06-16T07:38:30+05:30,2026-06-16T07:38:36+05:30
P-0005310,V-03,5,19.138242,72.910138,15.4,2026-06-16T07:38:40+05:30,2026-06-16T07:38:46+05:30
P-0005311,V-03,5,19.138334,72.90996,16.6,2026-06-16T07:38:50+05:30,2026-06-16T07:38:51+05:30
P-0005312,V-03,5,19.138069,72.909764,17.9,2026-06-16T07:39:00+05:30,2026-06-16T07:39:05+05:30
P-0005313,V-03,5,19.137981,72.909514,19.0,2026-06-16T07:39:10+05:30,2026-06-16T07:39:12+05:30
P-0005314,V-03,5,19.137831,72.909167,21.6,2026-06-16T07:39:20+05:30,2026-06-16T07:39:25+05:30
P-0005315,V-03,5,19.137889,72.909208,15.3,2026-06-16T07:39:30+05:30,2026-06-16T07:39:32+05:30
P-0005316,V-03,5,19.137455,72.908484,18.4,2026-06-16T07:39:40+05:30,2026-06-16T07:39:43+05:30
P-0005317,V-03,5,19.137188,72.908514,18.2,2026-06-16T07:39:50+05:30,2026-06-16T07:39:54+05:30
P-0005318,V-03,5,19.137162,72.908225,23.4,2026-06-16T07:40:00+05:30,2026-06-16T07:40:01+05:30
P-0005319,V-03,5,19.137041,72.908035,19.4,2026-06-16T07:40:10+05:30,2026-06-16T07:40:15+05:30
P-0005320,V-03,5,19.136939,72.907667,23.5,2026-06-16T07:40:20+05:30,2026-06-16T07:40:22+05:30
P-0005321,V-03,5,19.13652,72.907362,23.1,2026-06-16T07:40:30+05:30,2026-06-16T07:40:35+05:30
P-0005322,V-03,5,19.136698,72.907326,17.3,2026-06-16T07:40:40+05:30,2026-06-16T07:40:43+05:30
P-0005323,V-03,5,19.136269,72.907173,17.5,2026-06-16T07:40:50+05:30,2026-06-16T07:40:51+05:30
P-0005324,V-03,5,19.136314,72.906534,19.8,2026-06-16T07:41:00+05:30,2026-06-16T07:41:04+05:30
P-0005325,V-03,5,19.136279,72.906529,19.1,2026-06-16T07:41:10+05:30,2026-06-16T07:41:12+05:30
P-0005326,V-03,5,19.136161,72.906453,17.8,2026-06-16T07:41:20+05:30,2026-06-16T07:41:23+05:30
P-0005327,V-03,5,19.135656,72.906144,20.9,2026-06-16T07:41:30+05:30,2026-06-16T07:41:35+05:30
P-0005328,V-03,5,19.135572,72.90589,17.4,2026-06-16T07:41:40+05:30,2026-06-16T07:41:45+05:30
P-0005329,V-03,5,19.135293,72.905344,22.2,2026-06-16T07:41:50+05:30,2026-06-16T07:41:53+05:30
P-0005330,V-03,5,19.135194,72.905352,24.4,2026-06-16T07:42:00+05:30,2026-06-16T07:42:06+05:30
P-0005331,V-03,5,19.135356,72.904756,19.9,2026-06-16T07:42:10+05:30,2026-06-16T07:42:13+05:30
P-0005332,V-03,5,19.134853,72.904731,16.4,2026-06-16T07:42:20+05:30,2026-06-16T07:42:25+05:30
P-0005333,V-03,5,19.134936,72.904671,23.4,2026-06-16T07:42:30+05:30,2026-06-16T07:42:35+05:30
P-0005334,V-03,5,19.134961,72.904345,17.0,2026-06-16T07:42:40+05:30,2026-06-16T07:42:42+05:30
P-0005335,V-03,5,19.134783,72.903888,24.6,2026-06-16T07:42:50+05:30,2026-06-16T07:42:54+05:30
P-0005336,V-03,5,19.134419,72.903632,22.5,2026-06-16T07:43:00+05:30,2026-06-16T07:43:05+05:30
P-0005337,V-03,5,19.134287,72.90328,13.8,2026-06-16T07:43:10+05:30,2026-06-16T07:43:16+05:30
P-0005338,V-03,5,19.134054,72.903096,20.9,2026-06-16T07:43:20+05:30,2026-06-16T07:43:23+05:30
P-0005339,V-03,5,19.133784,72.903162,21.7,2026-06-16T07:43:30+05:30,2026-06-16T07:43:32+05:30
P-0005340,V-03,5,19.133895,72.902978,18.1,2026-06-16T07:43:40+05:30,2026-06-16T07:43:43+05:30
P-0005341,V-03,5,19.133696,72.902374,20.3,2026-06-16T07:43:50+05:30,2026-06-16T07:43:53+05:30
P-0005342,V-03,5,19.133404,72.902275,17.3,2026-06-16T07:44:00+05:30,2026-06-16T07:44:03+05:30
P-0005343,V-03,5,19.133362,72.902228,24.6,2026-06-16T07:44:10+05:30,2026-06-16T07:44:13+05:30
P-0005344,V-03,5,19.133148,72.901557,14.4,2026-06-16T07:44:20+05:30,2026-06-16T07:44:21+05:30
P-0005345,V-03,5,19.132812,72.901756,19.7,2026-06-16T07:44:30+05:30,2026-06-16T07:44:34+05:30
P-0005346,V-03,5,19.132737,72.901367,23.6,2026-06-16T07:44:40+05:30,2026-06-16T07:44:46+05:30
P-0005347,V-03,5,19.132492,72.901123,14.3,2026-06-16T07:44:50+05:30,2026-06-16T07:44:51+05:30
P-0005348,V-03,5,19.132325,72.900962,16.0,2026-06-16T07:45:00+05:30,2026-06-16T07:45:01+05:30
P-0005349,V-03,5,19.132482,72.90062,16.4,2026-06-16T07:45:10+05:30,2026-06-16T07:45:12+05:30
P-0005350,V-03,5,19.132067,72.900295,25.0,2026-06-16T07:45:20+05:30,2026-06-16T07:45:22+05:30
P-0005351,V-03,5,19.132193,72.90019,20.4,2026-06-16T07:45:30+05:30,2026-06-16T07:45:32+05:30
P-0005352,V-03,5,19.132116,72.899673,14.3,2026-06-16T07:45:40+05:30,2026-06-16T07:45:44+05:30
P-0005353,V-03,5,19.131687,72.899681,18.6,2026-06-16T07:45:50+05:30,2026-06-16T07:45:55+05:30
P-0005354,V-03,5,19.131617,72.899126,24.1,2026-06-16T07:46:00+05:30,2026-06-16T07:46:01+05:30
P-0005355,V-03,5,19.131545,72.898877,20.0,2026-06-16T07:46:10+05:30,2026-06-16T07:46:15+05:30
P-0005356,V-03,5,19.13151,72.89909,24.9,2026-06-16T07:46:20+05:30,2026-06-16T07:46:26+05:30
P-0005357,V-03,5,19.131264,72.898507,21.8,2026-06-16T07:46:30+05:30,2026-06-16T07:46:35+05:30
P-0005358,V-03,5,19.131164,72.898472,25.7,2026-06-16T07:46:40+05:30,2026-06-16T07:46:44+05:30
P-0005359,V-03,5,19.131012,72.897944,23.2,2026-06-16T07:46:50+05:30,2026-06-16T07:46:52+05:30
P-0005360,V-03,5,19.130772,72.898122,25.7,2026-06-16T07:47:00+05:30,2026-06-16T07:47:04+05:30
P-0005361,V-03,5,19.130644,72.897458,20.9,2026-06-16T07:47:10+05:30,2026-06-16T07:47:11+05:30
P-0005362,V-03,5,19.130136,72.897556,25.9,2026-06-16T07:47:20+05:30,2026-06-16T07:47:25+05:30
P-0005363,V-03,5,19.130073,72.897137,21.9,2026-06-16T07:47:30+05:30,2026-06-16T07:47:36+05:30
P-0005364,V-03,5,19.129975,72.896888,26.5,2026-06-16T07:47:40+05:30,2026-06-16T07:47:46+05:30
P-0005365,V-03,5,19.129697,72.896666,18.9,2026-06-16T07:47:50+05:30,2026-06-16T07:47:52+05:30
P-0005366,V-03,5,19.129675,72.896488,24.4,2026-06-16T07:48:00+05:30,2026-06-16T07:48:01+05:30
P-0005367,V-03,5,19.129509,72.896461,16.9,2026-06-16T07:48:10+05:30,2026-06-16T07:48:13+05:30
P-0005368,V-03,5,19.129149,72.896135,22.8,2026-06-16T07:48:20+05:30,2026-06-16T07:48:22+05:30
P-0005369,V-03,5,19.128912,72.895737,21.0,2026-06-16T07:48:30+05:30,2026-06-16T07:48:35+05:30
P-0005370,V-03,5,19.129101,72.895461,17.1,2026-06-16T07:48:40+05:30,2026-06-16T07:48:44+05:30
P-0005371,V-03,5,19.128803,72.895518,20.6,2026-06-16T07:48:50+05:30,2026-06-16T07:48:56+05:30
P-0005372,V-03,5,19.128521,72.895282,23.1,2026-06-16T07:49:00+05:30,2026-06-16T07:49:05+05:30
P-0005373,V-03,5,19.128551,72.894636,22.2,2026-06-16T07:49:10+05:30,2026-06-16T07:49:15+05:30
P-0005374,V-03,5,19.128366,72.894847,22.3,2026-06-16T07:49:20+05:30,2026-06-16T07:49:24+05:30
P-0005375,V-03,5,19.128242,72.894202,23.6,2026-06-16T07:49:30+05:30,2026-06-16T07:49:36+05:30
P-0005376,V-03,5,19.127884,72.894386,16.4,2026-06-16T07:49:40+05:30,2026-06-16T07:49:46+05:30
P-0005377,V-03,5,19.127819,72.894021,26.4,2026-06-16T07:49:50+05:30,2026-06-16T07:49:56+05:30
P-0005378,V-03,5,19.12749,72.893896,17.5,2026-06-16T07:50:00+05:30,2026-06-16T07:50:05+05:30
P-0005379,V-03,5,19.127187,72.893373,24.9,2026-06-16T07:50:10+05:30,2026-06-16T07:50:12+05:30
P-0005380,V-03,5,19.12718,72.893107,17.6,2026-06-16T07:50:20+05:30,2026-06-16T07:50:25+05:30
P-0005381,V-03,5,19.127005,72.892799,21.6,2026-06-16T07:50:30+05:30,2026-06-16T07:50:31+05:30
P-0005382,V-03,5,19.126877,72.893006,25.7,2026-06-16T07:50:40+05:30,2026-06-16T07:50:41+05:30
P-0005383,V-03,5,19.126595,72.892669,24.5,2026-06-16T07:50:50+05:30,2026-06-16T07:50:56+05:30
P-0005384,V-03,5,19.126286,72.892288,21.6,2026-06-16T07:51:00+05:30,2026-06-16T07:51:04+05:30
P-0005385,V-03,5,19.126175,72.892111,18.9,2026-06-16T07:51:10+05:30,2026-06-16T07:51:16+05:30
P-0005386,V-03,5,19.126067,72.891968,20.2,2026-06-16T07:51:20+05:30,2026-06-16T07:51:21+05:30
P-0005387,V-03,5,19.125815,72.891421,26.1,2026-06-16T07:51:30+05:30,2026-06-16T07:51:32+05:30
P-0005388,V-03,5,19.125716,72.891635,26.9,2026-06-16T07:51:40+05:30,2026-06-16T07:51:43+05:30
P-0005389,V-03,5,19.125692,72.890992,23.2,2026-06-16T07:51:50+05:30,2026-06-16T07:51:53+05:30
P-0005390,V-03,5,19.125536,72.890743,19.2,2026-06-16T07:52:00+05:30,2026-06-16T07:52:05+05:30
P-0005391,V-03,5,19.125015,72.890723,17.5,2026-06-16T07:52:10+05:30,2026-06-16T07:52:12+05:30
P-0005392,V-03,5,19.124932,72.890585,23.3,2026-06-16T07:52:20+05:30,2026-06-16T07:52:21+05:30
P-0005393,V-03,5,19.124868,72.890329,27.5,2026-06-16T07:52:30+05:30,2026-06-16T07:52:31+05:30
P-0005394,V-03,5,19.12453,72.890105,20.1,2026-06-16T07:52:40+05:30,2026-06-16T07:52:43+05:30
P-0005395,V-03,5,19.124622,72.889901,17.7,2026-06-16T07:52:50+05:30,2026-06-16T07:52:53+05:30
P-0005396,V-03,5,19.12446,72.889304,25.2,2026-06-16T07:53:00+05:30,2026-06-16T07:53:05+05:30
P-0005397,V-03,5,19.124091,72.88953,23.3,2026-06-16T07:53:10+05:30,2026-06-16T07:53:14+05:30
P-0005398,V-03,5,19.123909,72.889248,25.6,2026-06-16T07:53:20+05:30,2026-06-16T07:53:21+05:30
P-0005399,V-03,5,19.12357,72.88886,20.0,2026-06-16T07:53:30+05:30,2026-06-16T07:53:34+05:30
P-0005400,V-03,5,19.123567,72.888441,19.1,2026-06-16T07:53:40+05:30,2026-06-16T07:53:46+05:30
P-0005401,V-03,5,19.123468,72.888279,18.2,2026-06-16T07:53:50+05:30,2026-06-16T07:53:56+05:30
P-0005402,V-03,5,19.123371,72.888386,18.5,2026-06-16T07:54:00+05:30,2026-06-16T07:54:04+05:30
P-0005403,V-03,5,19.122874,72.888163,28.8,2026-06-16T07:54:10+05:30,2026-06-16T07:54:13+05:30
P-0005404,V-03,5,19.122991,72.887927,28.3,2026-06-16T07:54:20+05:30,2026-06-16T07:54:21+05:30
P-0005405,V-03,5,19.12264,72.887443,18.8,2026-06-16T07:54:30+05:30,2026-06-16T07:54:32+05:30
P-0005406,V-03,5,19.122667,72.887355,21.5,2026-06-16T07:54:40+05:30,2026-06-16T07:54:42+05:30
P-0005407,V-03,5,19.122575,72.88711,24.5,2026-06-16T07:54:50+05:30,2026-06-16T07:54:54+05:30
P-0005408,V-03,5,19.12238,72.88662,21.4,2026-06-16T07:55:00+05:30,2026-06-16T07:55:02+05:30
P-0005409,V-03,5,19.121845,72.886581,22.1,2026-06-16T07:55:10+05:30,2026-06-16T07:55:15+05:30
P-0005410,V-03,5,19.122037,72.886442,21.5,2026-06-16T07:55:20+05:30,2026-06-16T07:55:23+05:30
P-0005411,V-03,5,19.121799,72.8859,19.1,2026-06-16T07:55:30+05:30,2026-06-16T07:55:36+05:30
P-0005412,V-03,5,19.121661,72.885932,20.6,2026-06-16T07:55:40+05:30,2026-06-16T07:55:41+05:30
P-0005413,V-03,5,19.121075,72.885485,19.4,2026-06-16T07:55:50+05:30,2026-06-16T07:55:55+05:30
P-0005414,V-03,5,19.121203,72.885212,29.8,2026-06-16T07:56:00+05:30,2026-06-16T07:56:04+05:30
P-0005415,V-03,5,19.120988,72.88506,23.0,2026-06-16T07:56:10+05:30,2026-06-16T07:56:14+05:30
P-0005416,V-03,5,19.120589,72.88471,23.9,2026-06-16T07:56:20+05:30,2026-06-16T07:56:24+05:30
P-0005417,V-03,5,19.120705,72.884608,25.9,2026-06-16T07:56:30+05:30,2026-06-16T07:56:31+05:30
P-0005418,V-03,5,19.120609,72.88441,26.2,2026-06-16T07:56:40+05:30,2026-06-16T07:56:41+05:30
P-0005419,V-03,5,19.120468,72.884395,28.6,2026-06-16T07:56:50+05:30,2026-06-16T07:56:53+05:30
P-0005420,V-03,5,19.119891,72.88405,25.6,2026-06-16T07:57:00+05:30,2026-06-16T07:57:04+05:30
P-0005421,V-03,5,19.119661,72.883939,28.6,2026-06-16T07:57:10+05:30,2026-06-16T07:57:11+05:30
P-0005422,V-03,5,19.119478,72.883586,22.6,2026-06-16T07:57:20+05:30,2026-06-16T07:57:23+05:30
P-0005423,V-03,5,19.11945,72.88315,23.1,2026-06-16T07:57:30+05:30,2026-06-16T07:57:33+05:30
P-0005424,V-03,5,19.119165,72.883224,24.0,2026-06-16T07:57:40+05:30,2026-06-16T07:57:43+05:30
P-0005425,V-03,5,19.11934,72.882614,32.0,2026-06-16T07:57:50+05:30,2026-06-16T07:57:56+05:30
P-0005426,V-03,5,19.119337,72.882569,32.2,2026-06-16T07:58:00+05:30,2026-06-16T07:58:01+05:30
P-0005427,V-03,5,19.11873,72.882483,28.3,2026-06-16T07:58:10+05:30,2026-06-16T07:58:11+05:30
P-0005428,V-03,5,19.118843,72.8821,32.3,2026-06-16T07:58:20+05:30,2026-06-16T07:58:24+05:30
P-0005429,V-03,5,19.118852,72.88172,25.8,2026-06-16T07:58:30+05:30,2026-06-16T07:58:32+05:30
P-0005430,V-03,5,19.118455,72.881388,32.6,2026-06-16T07:58:40+05:30,2026-06-16T07:58:46+05:30
P-0005431,V-03,5,19.118587,72.881221,28.5,2026-06-16T07:58:50+05:30,2026-06-16T07:58:54+05:30
P-0005432,V-03,5,19.118311,72.880898,22.7,2026-06-16T07:59:00+05:30,2026-06-16T07:59:01+05:30
P-0005433,V-03,5,19.118515,72.880495,26.2,2026-06-16T07:59:10+05:30,2026-06-16T07:59:11+05:30
P-0005434,V-03,5,19.118186,72.880269,31.0,2026-06-16T07:59:20+05:30,2026-06-16T07:59:23+05:30
P-0005435,V-03,5,19.118025,72.879987,28.4,2026-06-16T07:59:30+05:30,2026-06-16T07:59:36+05:30
P-0005436,V-03,5,19.117882,72.879926,26.0,2026-06-16T07:59:40+05:30,2026-06-16T07:59:43+05:30
P-0005437,V-03,5,19.11771,72.879723,33.0,2026-06-16T07:59:50+05:30,2026-06-16T07:59:54+05:30
P-0005438,V-03,5,19.117903,72.879101,32.9,2026-06-16T08:00:00+05:30,2026-06-16T08:00:02+05:30
P-0005439,V-03,5,19.117546,72.879111,33.5,2026-06-16T08:00:10+05:30,2026-06-16T08:00:15+05:30
P-0005440,V-03,5,19.117376,72.878739,28.5,2026-06-16T08:00:20+05:30,2026-06-16T08:00:21+05:30
P-0005441,V-03,5,19.117278,72.878759,25.6,2026-06-16T08:00:30+05:30,2026-06-16T08:00:35+05:30
P-0005442,V-03,5,19.117234,72.8785,31.9,2026-06-16T08:00:40+05:30,2026-06-16T08:00:44+05:30
P-0005443,V-03,5,19.117247,72.877998,28.0,2026-06-16T08:00:50+05:30,2026-06-16T08:00:52+05:30
P-0005444,V-03,5,19.117231,72.877648,29.7,2026-06-16T08:01:00+05:30,2026-06-16T08:01:02+05:30
P-0005445,V-03,5,19.116875,72.877351,27.3,2026-06-16T08:01:10+05:30,2026-06-16T08:01:15+05:30
P-0005446,V-03,5,19.116555,72.877154,31.5,2026-06-16T08:01:20+05:30,2026-06-16T08:01:22+05:30
P-0005447,V-03,5,19.116569,72.876987,33.2,2026-06-16T08:01:30+05:30,2026-06-16T08:01:33+05:30
P-0005448,V-03,5,19.116594,72.876752,25.0,2026-06-16T08:01:40+05:30,2026-06-16T08:01:43+05:30
P-0005449,V-03,5,19.116337,72.87649,32.8,2026-06-16T08:01:50+05:30,2026-06-16T08:01:56+05:30
P-0005450,V-03,5,19.116576,72.875889,31.0,2026-06-16T08:02:00+05:30,2026-06-16T08:02:03+05:30
P-0005451,V-03,5,19.116449,72.875921,31.7,2026-06-16T08:02:10+05:30,2026-06-16T08:02:13+05:30
P-0005452,V-03,5,19.11604,72.875803,35.0,2026-06-16T08:02:20+05:30,2026-06-16T08:02:21+05:30
P-0005453,V-03,5,19.115807,72.875097,26.6,2026-06-16T08:02:30+05:30,2026-06-16T08:02:32+05:30
P-0005454,V-03,5,19.1157,72.875124,29.6,2026-06-16T08:02:40+05:30,2026-06-16T08:02:42+05:30
P-0005455,V-03,5,19.115896,72.874729,33.8,2026-06-16T08:02:50+05:30,2026-06-16T08:02:55+05:30
P-0005456,V-03,5,19.115819,72.874501,27.9,2026-06-16T08:03:00+05:30,2026-06-16T08:03:05+05:30
P-0005457,V-03,5,19.115423,72.874369,32.9,2026-06-16T08:03:10+05:30,2026-06-16T08:03:14+05:30
P-0005458,V-03,5,19.115535,72.874082,25.4,2026-06-16T08:03:20+05:30,2026-06-16T08:03:24+05:30
P-0005459,V-03,5,19.115339,72.873582,27.4,2026-06-16T08:03:30+05:30,2026-06-16T08:03:31+05:30
P-0005460,V-03,5,19.115087,72.873213,29.1,2026-06-16T08:03:40+05:30,2026-06-16T08:03:43+05:30
P-0005461,V-03,5,19.115257,72.873144,32.7,2026-06-16T08:03:50+05:30,2026-06-16T08:03:56+05:30
P-0005462,V-03,5,19.114831,72.872878,30.6,2026-06-16T08:04:00+05:30,2026-06-16T08:04:03+05:30
P-0005463,V-03,5,19.114652,72.87252,28.3,2026-06-16T08:04:10+05:30,2026-06-16T08:04:16+05:30
P-0005464,V-03,5,19.114772,72.872613,25.9,2026-06-16T08:04:20+05:30,2026-06-16T08:04:23+05:30
P-0005465,V-03,5,19.11439,72.872298,26.6,2026-06-16T08:04:30+05:30,2026-06-16T08:04:34+05:30
P-0005466,V-03,5,19.114324,72.871961,36.1,2026-06-16T08:04:40+05:30,2026-06-16T08:04:44+05:30
P-0005467,V-03,5,19.114559,72.871713,27.6,2026-06-16T08:04:50+05:30,2026-06-16T08:04:56+05:30
P-0005468,V-03,5,19.114227,72.871317,36.1,2026-06-16T08:05:00+05:30,2026-06-16T08:05:06+05:30
P-0005469,V-03,5,19.113988,72.871277,36.8,2026-06-16T08:05:10+05:30,2026-06-16T08:05:13+05:30
P-0005470,V-03,5,19.114244,72.870935,26.8,2026-06-16T08:05:20+05:30,2026-06-16T08:05:23+05:30
P-0005471,V-03,5,19.113981,72.870687,28.9,2026-06-16T08:05:30+05:30,2026-06-16T08:05:34+05:30
P-0005472,V-03,5,19.113756,72.870191,32.1,2026-06-16T08:05:40+05:30,2026-06-16T08:05:45+05:30
P-0005473,V-03,5,19.113531,72.869945,37.1,2026-06-16T08:05:50+05:30,2026-06-16T08:05:54+05:30
P-0005474,V-03,5,19.113392,72.869819,29.6,2026-06-16T08:06:00+05:30,2026-06-16T08:06:05+05:30
P-0005475,V-10,6,19.076009,73.000928,35.2,2026-06-16T07:20:00+05:30,2026-06-16T07:20:02+05:30
P-0005476,V-10,6,19.075782,73.000376,25.9,2026-06-16T07:20:10+05:30,2026-06-16T07:20:16+05:30
P-0005477,V-10,6,19.075526,72.999987,29.8,2026-06-16T07:20:20+05:30,2026-06-16T07:20:24+05:30
P-0005478,V-10,6,19.075401,72.999546,31.1,2026-06-16T07:20:30+05:30,2026-06-16T07:20:32+05:30
P-0005479,V-10,6,19.075443,72.998714,35.1,2026-06-16T07:20:40+05:30,2026-06-16T07:20:42+05:30
P-0005480,V-10,6,19.075351,72.998172,36.6,2026-06-16T07:20:50+05:30,2026-06-16T07:20:52+05:30
P-0005481,V-10,6,19.075521,72.997825,33.0,2026-06-16T07:21:00+05:30,2026-06-16T07:21:01+05:30
P-0005482,V-10,6,19.075208,72.997395,33.8,2026-06-16T07:21:10+05:30,2026-06-16T07:21:13+05:30
P-0005483,V-10,6,19.07481,72.997063,26.3,2026-06-16T07:21:20+05:30,2026-06-16T07:21:21+05:30
P-0005484,V-10,6,19.074853,72.996344,36.2,2026-06-16T07:21:30+05:30,2026-06-16T07:21:34+05:30
P-0005485,V-10,6,19.074877,72.995828,34.7,2026-06-16T07:21:40+05:30,2026-06-16T07:21:44+05:30
P-0005486,V-10,6,19.074601,72.995389,30.1,2026-06-16T07:21:50+05:30,2026-06-16T07:21:52+05:30
P-0005487,V-10,6,19.074388,72.994908,26.7,2026-06-16T07:22:00+05:30,2026-06-16T07:22:03+05:30
P-0005488,V-10,6,19.074303,72.994483,34.0,2026-06-16T07:22:10+05:30,2026-06-16T07:22:12+05:30
P-0005489,V-10,6,19.074452,72.993857,28.1,2026-06-16T07:22:20+05:30,2026-06-16T07:22:23+05:30
P-0005490,V-10,6,19.074141,72.993315,33.7,2026-06-16T07:22:30+05:30,2026-06-16T07:22:36+05:30
P-0005491,V-10,6,19.074063,72.993001,28.4,2026-06-16T07:22:40+05:30,2026-06-16T07:22:42+05:30
P-0005492,V-10,6,19.074026,72.992467,33.7,2026-06-16T07:22:50+05:30,2026-06-16T07:22:51+05:30
P-0005493,V-10,6,19.073811,72.991868,26.2,2026-06-16T07:23:00+05:30,2026-06-16T07:23:01+05:30
P-0005494,V-10,6,19.073599,72.991645,28.6,2026-06-16T07:23:10+05:30,2026-06-16T07:23:12+05:30
P-0005495,V-10,6,19.073537,72.991195,30.8,2026-06-16T07:23:20+05:30,2026-06-16T07:23:24+05:30
P-0005496,V-10,6,19.073544,72.990603,26.4,2026-06-16T07:23:30+05:30,2026-06-16T07:23:32+05:30
P-0005497,V-10,6,19.073144,72.989883,31.1,2026-06-16T07:23:40+05:30,2026-06-16T07:23:41+05:30
P-0005498,V-10,6,19.073183,72.989571,25.0,2026-06-16T07:23:50+05:30,2026-06-16T07:23:51+05:30
P-0005499,V-10,6,19.073143,72.98903,25.2,2026-06-16T07:24:00+05:30,2026-06-16T07:24:03+05:30
P-0005500,V-10,6,19.073008,72.988562,25.3,2026-06-16T07:24:10+05:30,2026-06-16T07:24:11+05:30
P-0005501,V-10,6,19.072867,72.988349,27.1,2026-06-16T07:24:20+05:30,2026-06-16T07:24:24+05:30
P-0005502,V-10,6,19.072788,72.987751,24.6,2026-06-16T07:24:30+05:30,2026-06-16T07:24:31+05:30
P-0005503,V-10,6,19.072644,72.987111,26.8,2026-06-16T07:24:40+05:30,2026-06-16T07:24:44+05:30
P-0005504,V-10,6,19.072273,72.986579,23.7,2026-06-16T07:24:50+05:30,2026-06-16T07:24:54+05:30
P-0005505,V-10,6,19.072424,72.986371,33.3,2026-06-16T07:25:00+05:30,2026-06-16T07:25:06+05:30
P-0005506,V-10,6,19.072316,72.985923,23.1,2026-06-16T07:25:10+05:30,2026-06-16T07:25:15+05:30
P-0005507,V-10,6,19.0721,72.985135,25.1,2026-06-16T07:25:20+05:30,2026-06-16T07:25:24+05:30
P-0005508,V-10,6,19.071881,72.984662,27.9,2026-06-16T07:25:30+05:30,2026-06-16T07:25:31+05:30
P-0005509,V-10,6,19.072145,72.984354,33.6,2026-06-16T07:25:40+05:30,2026-06-16T07:25:43+05:30
P-0005510,V-10,6,19.071641,72.983623,23.2,2026-06-16T07:25:50+05:30,2026-06-16T07:25:54+05:30
P-0005511,V-10,6,19.0715,72.983307,33.4,2026-06-16T07:26:00+05:30,2026-06-16T07:26:04+05:30
P-0005512,V-10,6,19.071495,72.982727,23.8,2026-06-16T07:26:10+05:30,2026-06-16T07:26:14+05:30
P-0005513,V-10,6,19.071351,72.982356,30.9,2026-06-16T07:26:20+05:30,2026-06-16T07:26:25+05:30
P-0005514,V-10,6,19.071372,72.981654,26.0,2026-06-16T07:26:30+05:30,2026-06-16T07:26:33+05:30
P-0005515,V-10,6,19.071385,72.981532,29.1,2026-06-16T07:26:40+05:30,2026-06-16T07:26:43+05:30
P-0005516,V-10,6,19.070856,72.981096,32.8,2026-06-16T07:26:50+05:30,2026-06-16T07:26:53+05:30
P-0005517,V-10,6,19.071067,72.980304,26.8,2026-06-16T07:27:00+05:30,2026-06-16T07:27:03+05:30
P-0005518,V-10,6,19.070864,72.980103,22.1,2026-06-16T07:27:10+05:30,2026-06-16T07:27:14+05:30
P-0005519,V-10,6,19.07066,72.979319,29.6,2026-06-16T07:27:20+05:30,2026-06-16T07:27:24+05:30
P-0005520,V-10,6,19.070567,72.978757,26.4,2026-06-16T07:27:30+05:30,2026-06-16T07:27:32+05:30
P-0005521,V-10,6,19.070628,72.978676,26.0,2026-06-16T07:27:40+05:30,2026-06-16T07:27:42+05:30
P-0005522,V-10,6,19.070331,72.977996,25.2,2026-06-16T07:27:50+05:30,2026-06-16T07:27:55+05:30
P-0005523,V-10,6,19.070264,72.977326,25.5,2026-06-16T07:28:00+05:30,2026-06-16T07:28:05+05:30
P-0005524,V-10,6,19.069909,72.977128,30.2,2026-06-16T07:28:10+05:30,2026-06-16T07:28:14+05:30
P-0005525,V-10,6,19.069924,72.976626,32.4,2026-06-16T07:28:20+05:30,2026-06-16T07:28:21+05:30
P-0005526,V-10,6,19.069889,72.975844,24.4,2026-06-16T07:28:30+05:30,2026-06-16T07:28:36+05:30
P-0005527,V-10,6,19.069391,72.975447,30.3,2026-06-16T07:28:40+05:30,2026-06-16T07:28:44+05:30
P-0005528,V-10,6,19.06958,72.97513,21.3,2026-06-16T07:28:50+05:30,2026-06-16T07:28:54+05:30
P-0005529,V-10,6,19.069124,72.974868,30.1,2026-06-16T07:29:00+05:30,2026-06-16T07:29:04+05:30
P-0005530,V-10,6,19.068936,72.974209,27.7,2026-06-16T07:29:10+05:30,2026-06-16T07:29:15+05:30
P-0005531,V-10,6,19.068874,72.973497,19.9,2026-06-16T07:29:20+05:30,2026-06-16T07:29:24+05:30
P-0005532,V-10,6,19.068663,72.973028,21.8,2026-06-16T07:29:30+05:30,2026-06-16T07:29:31+05:30
P-0005533,V-10,6,19.06842,72.972903,29.5,2026-06-16T07:29:40+05:30,2026-06-16T07:29:42+05:30
P-0005534,V-10,6,19.068451,72.9724,27.8,2026-06-16T07:29:50+05:30,2026-06-16T07:29:56+05:30
P-0005535,V-10,6,19.068209,72.97179,29.9,2026-06-16T07:30:00+05:30,2026-06-16T07:30:03+05:30
P-0005536,V-10,6,19.067979,72.971465,22.7,2026-06-16T07:30:10+05:30,2026-06-16T07:30:15+05:30
P-0005537,V-10,6,19.068103,72.970965,20.2,2026-06-16T07:30:20+05:30,2026-06-16T07:30:22+05:30
P-0005538,V-10,6,19.067579,72.970141,22.4,2026-06-16T07:30:30+05:30,2026-06-16T07:30:32+05:30
P-0005539,V-10,6,19.067747,72.970101,19.2,2026-06-16T07:30:40+05:30,2026-06-16T07:30:45+05:30
P-0005540,V-10,6,19.067696,72.969649,28.3,2026-06-16T07:30:50+05:30,2026-06-16T07:30:54+05:30
P-0005541,V-10,6,19.067087,72.968763,29.8,2026-06-16T07:31:00+05:30,2026-06-16T07:31:06+05:30
P-0005542,V-10,6,19.067138,72.968515,22.9,2026-06-16T07:31:10+05:30,2026-06-16T07:31:12+05:30
P-0005543,V-10,6,19.066921,72.96795,21.3,2026-06-16T07:31:20+05:30,2026-06-16T07:31:23+05:30
P-0005544,V-10,6,19.066798,72.967646,21.5,2026-06-16T07:31:30+05:30,2026-06-16T07:31:31+05:30
P-0005545,V-10,6,19.066446,72.966903,22.2,2026-06-16T07:31:40+05:30,2026-06-16T07:31:46+05:30
P-0005546,V-10,6,19.066449,72.966731,21.1,2026-06-16T07:31:50+05:30,2026-06-16T07:31:51+05:30
P-0005547,V-10,6,19.066157,72.966236,24.2,2026-06-16T07:32:00+05:30,2026-06-16T07:32:01+05:30
P-0005548,V-10,6,19.065964,72.965634,25.9,2026-06-16T07:32:10+05:30,2026-06-16T07:32:11+05:30
P-0005549,V-10,6,19.065919,72.965294,25.0,2026-06-16T07:32:20+05:30,2026-06-16T07:32:26+05:30
P-0005550,V-10,6,19.066046,72.964608,20.8,2026-06-16T07:32:30+05:30,2026-06-16T07:32:34+05:30
P-0005551,V-10,6,19.065653,72.96413,22.9,2026-06-16T07:32:40+05:30,2026-06-16T07:32:43+05:30
P-0005552,V-10,6,19.065571,72.963512,22.0,2026-06-16T07:32:50+05:30,2026-06-16T07:32:52+05:30
P-0005553,V-10,6,19.065509,72.963519,21.2,2026-06-16T07:33:00+05:30,2026-06-16T07:33:02+05:30
P-0005554,V-10,6,19.065239,72.962624,18.4,2026-06-16T07:33:10+05:30,2026-06-16T07:33:14+05:30
P-0005555,V-10,6,19.064859,72.962248,26.8,2026-06-16T07:33:20+05:30,2026-06-16T07:33:22+05:30
P-0005556,V-10,6,19.064756,72.961751,24.0,2026-06-16T07:33:30+05:30,2026-06-16T07:33:36+05:30
P-0005557,V-10,6,19.064809,72.961213,20.9,2026-06-16T07:33:40+05:30,2026-06-16T07:33:46+05:30
P-0005558,V-10,6,19.064744,72.960782,25.0,2026-06-16T07:33:50+05:30,2026-06-16T07:33:52+05:30
P-0005559,V-10,6,19.064588,72.960484,21.0,2026-06-16T07:34:00+05:30,2026-06-16T07:34:02+05:30
P-0005560,V-10,6,19.064044,72.959716,27.5,2026-06-16T07:34:10+05:30,2026-06-16T07:34:12+05:30
P-0005561,V-10,6,19.064101,72.959253,19.8,2026-06-16T07:34:20+05:30,2026-06-16T07:34:26+05:30
P-0005562,V-10,6,19.063737,72.959167,20.0,2026-06-16T07:34:30+05:30,2026-06-16T07:34:32+05:30
P-0005563,V-10,6,19.063906,72.958555,26.7,2026-06-16T07:34:40+05:30,2026-06-16T07:34:44+05:30
P-0005564,V-10,6,19.063543,72.958157,17.7,2026-06-16T07:34:50+05:30,2026-06-16T07:34:51+05:30
P-0005565,V-10,6,19.063516,72.957421,27.5,2026-06-16T07:35:00+05:30,2026-06-16T07:35:04+05:30
P-0005566,V-10,6,19.063082,72.957234,20.7,2026-06-16T07:35:10+05:30,2026-06-16T07:35:12+05:30
P-0005567,V-10,6,19.062987,72.956662,21.1,2026-06-16T07:35:20+05:30,2026-06-16T07:35:23+05:30
P-0005568,V-10,6,19.063184,72.956311,17.6,2026-06-16T07:35:30+05:30,2026-06-16T07:35:36+05:30
P-0005569,V-10,6,19.062866,72.955484,24.6,2026-06-16T07:35:40+05:30,2026-06-16T07:35:42+05:30
P-0005570,V-10,6,19.062661,72.955142,20.5,2026-06-16T07:35:50+05:30,2026-06-16T07:35:51+05:30
P-0005571,V-10,6,19.062356,72.954541,18.1,2026-06-16T07:36:00+05:30,2026-06-16T07:36:02+05:30
P-0005572,V-10,6,19.062515,72.954103,28.0,2026-06-16T07:36:10+05:30,2026-06-16T07:36:11+05:30
P-0005573,V-10,6,19.062273,72.953729,25.3,2026-06-16T07:36:20+05:30,2026-06-16T07:36:25+05:30
P-0005574,V-10,6,19.062227,72.953084,22.9,2026-06-16T07:36:30+05:30,2026-06-16T07:36:33+05:30
P-0005575,V-10,6,19.062078,72.952903,24.1,2026-06-16T07:36:40+05:30,2026-06-16T07:36:43+05:30
P-0005576,V-10,6,19.061711,72.952583,24.8,2026-06-16T07:36:50+05:30,2026-06-16T07:36:52+05:30
P-0005577,V-10,6,19.061388,72.952143,18.8,2026-06-16T07:37:00+05:30,2026-06-16T07:37:01+05:30
P-0005578,V-10,6,19.061411,72.951495,26.7,2026-06-16T07:37:10+05:30,2026-06-16T07:37:12+05:30
P-0005579,V-10,6,19.061138,72.95088,16.3,2026-06-16T07:37:20+05:30,2026-06-16T07:37:23+05:30
P-0005580,V-10,6,19.060962,72.950667,21.8,2026-06-16T07:37:30+05:30,2026-06-16T07:37:36+05:30
P-0005581,V-10,6,19.060827,72.950167,21.3,2026-06-16T07:37:40+05:30,2026-06-16T07:37:45+05:30
P-0005582,V-10,6,19.060636,72.949689,25.2,2026-06-16T07:37:50+05:30,2026-06-16T07:37:51+05:30
P-0005583,V-10,6,19.060536,72.949228,20.9,2026-06-16T07:38:00+05:30,2026-06-16T07:38:06+05:30
P-0005584,V-10,6,19.060206,72.948459,17.2,2026-06-16T07:38:10+05:30,2026-06-16T07:38:16+05:30
P-0005585,V-10,6,19.060339,72.948247,21.2,2026-06-16T07:38:20+05:30,2026-06-16T07:38:22+05:30
P-0005586,V-10,6,19.060065,72.947418,21.9,2026-06-16T07:38:30+05:30,2026-06-16T07:38:31+05:30
P-0005587,V-10,6,19.059814,72.947313,16.4,2026-06-16T07:38:40+05:30,2026-06-16T07:38:45+05:30
P-0005588,V-10,6,19.059696,72.946447,26.0,2026-06-16T07:38:50+05:30,2026-06-16T07:38:54+05:30
P-0005589,V-10,6,19.059579,72.946347,20.5,2026-06-16T07:39:00+05:30,2026-06-16T07:39:06+05:30
P-0005590,V-10,6,19.059377,72.945928,17.8,2026-06-16T07:39:10+05:30,2026-06-16T07:39:14+05:30
P-0005591,V-10,6,19.059247,72.945309,22.3,2026-06-16T07:39:20+05:30,2026-06-16T07:39:25+05:30
P-0005592,V-10,6,19.05952,72.944802,16.3,2026-06-16T07:39:30+05:30,2026-06-16T07:39:35+05:30
P-0005593,V-10,6,19.059212,72.944195,16.6,2026-06-16T07:39:40+05:30,2026-06-16T07:39:41+05:30
P-0005594,V-10,6,19.058909,72.943933,20.0,2026-06-16T07:39:50+05:30,2026-06-16T07:39:52+05:30
P-0005595,V-10,6,19.058763,72.94323,18.4,2026-06-16T07:40:00+05:30,2026-06-16T07:40:02+05:30
P-0005596,V-10,6,19.058608,72.942701,19.9,2026-06-16T07:40:10+05:30,2026-06-16T07:40:12+05:30
P-0005597,V-10,6,19.058375,72.942397,19.8,2026-06-16T07:40:20+05:30,2026-06-16T07:40:22+05:30
P-0005598,V-10,6,19.058497,72.9419,17.9,2026-06-16T07:40:30+05:30,2026-06-16T07:40:33+05:30
P-0005599,V-10,6,19.058321,72.941271,25.9,2026-06-16T07:40:40+05:30,2026-06-16T07:40:43+05:30
P-0005600,V-10,6,19.058341,72.940662,22.4,2026-06-16T07:40:50+05:30,2026-06-16T07:40:53+05:30
P-0005601,V-10,6,19.058277,72.940182,16.7,2026-06-16T07:41:00+05:30,2026-06-16T07:41:02+05:30
P-0005602,V-10,6,19.05792,72.939966,21.9,2026-06-16T07:41:10+05:30,2026-06-16T07:41:16+05:30
P-0005603,V-10,6,19.058045,72.939644,23.4,2026-06-16T07:41:20+05:30,2026-06-16T07:41:23+05:30
P-0005604,V-10,6,19.057861,72.938807,21.2,2026-06-16T07:41:30+05:30,2026-06-16T07:41:33+05:30
P-0005605,V-10,6,19.057662,72.938314,18.6,2026-06-16T07:41:40+05:30,2026-06-16T07:41:44+05:30
P-0005606,V-10,6,19.057511,72.938133,21.8,2026-06-16T07:41:50+05:30,2026-06-16T07:41:51+05:30
P-0005607,V-10,6,19.057485,72.937397,16.3,2026-06-16T07:42:00+05:30,2026-06-16T07:42:05+05:30
P-0005608,V-10,6,19.057084,72.937081,24.1,2026-06-16T07:42:10+05:30,2026-06-16T07:42:14+05:30
P-0005609,V-10,6,19.056924,72.93647,15.1,2026-06-16T07:42:20+05:30,2026-06-16T07:42:25+05:30
P-0005610,V-10,6,19.057132,72.935984,13.9,2026-06-16T07:42:30+05:30,2026-06-16T07:42:34+05:30
P-0005611,V-10,6,19.056595,72.93541,24.5,2026-06-16T07:42:40+05:30,2026-06-16T07:42:45+05:30
P-0005612,V-10,6,19.056445,72.935017,23.1,2026-06-16T07:42:50+05:30,2026-06-16T07:42:56+05:30
P-0005613,V-10,6,19.056469,72.934355,16.7,2026-06-16T07:43:00+05:30,2026-06-16T07:43:04+05:30
P-0005614,V-10,6,19.056656,72.934332,21.5,2026-06-16T07:43:10+05:30,2026-06-16T07:43:14+05:30
P-0005615,V-10,6,19.056443,72.933624,16.9,2026-06-16T07:43:20+05:30,2026-06-16T07:43:25+05:30
P-0005616,V-10,6,19.05627,72.933312,15.6,2026-06-16T07:43:30+05:30,2026-06-16T07:43:34+05:30
P-0005617,V-10,6,19.056228,72.932526,17.0,2026-06-16T07:43:40+05:30,2026-06-16T07:43:43+05:30
P-0005618,V-10,6,19.055932,72.932112,19.4,2026-06-16T07:43:50+05:30,2026-06-16T07:43:55+05:30
P-0005619,V-10,6,19.055925,72.931702,14.7,2026-06-16T07:44:00+05:30,2026-06-16T07:44:04+05:30
P-0005620,V-10,6,19.055712,72.931455,16.9,2026-06-16T07:44:10+05:30,2026-06-16T07:44:12+05:30
P-0005621,V-10,6,19.05571,72.930567,15.7,2026-06-16T07:44:20+05:30,2026-06-16T07:44:24+05:30
P-0005622,V-10,6,19.055227,72.930248,20.0,2026-06-16T07:44:30+05:30,2026-06-16T07:44:34+05:30
P-0005623,V-10,6,19.055277,72.92971,16.9,2026-06-16T07:44:40+05:30,2026-06-16T07:44:46+05:30
P-0005624,V-10,6,19.055191,72.929151,19.4,2026-06-16T07:44:50+05:30,2026-06-16T07:44:52+05:30
P-0005625,V-10,6,19.055132,72.929037,14.2,2026-06-16T07:45:00+05:30,2026-06-16T07:45:05+05:30
P-0005626,V-10,6,19.054802,72.928279,15.3,2026-06-16T07:45:10+05:30,2026-06-16T07:45:13+05:30
P-0005627,V-10,6,19.054727,72.927949,21.8,2026-06-16T07:45:20+05:30,2026-06-16T07:45:25+05:30
P-0005628,V-10,6,19.054482,72.92744,18.7,2026-06-16T07:45:30+05:30,2026-06-16T07:45:36+05:30
P-0005629,V-10,6,19.054494,72.926676,20.8,2026-06-16T07:45:40+05:30,2026-06-16T07:45:44+05:30
P-0005630,V-10,6,19.054418,72.92655,19.8,2026-06-16T07:45:50+05:30,2026-06-16T07:45:52+05:30
P-0005631,V-10,6,19.054118,72.925772,22.0,2026-06-16T07:46:00+05:30,2026-06-16T07:46:05+05:30
P-0005632,V-10,6,19.053927,72.925345,16.1,2026-06-16T07:46:10+05:30,2026-06-16T07:46:14+05:30
P-0005633,V-10,6,19.0542,72.924883,20.8,2026-06-16T07:46:20+05:30,2026-06-16T07:46:24+05:30
P-0005634,V-10,6,19.053979,72.924609,21.6,2026-06-16T07:46:30+05:30,2026-06-16T07:46:35+05:30
P-0005635,V-10,6,19.053755,72.923928,22.8,2026-06-16T07:46:40+05:30,2026-06-16T07:46:45+05:30
P-0005636,V-10,6,19.053442,72.92368,19.6,2026-06-16T07:46:50+05:30,2026-06-16T07:46:52+05:30
P-0005637,V-10,6,19.053671,72.922824,14.0,2026-06-16T07:47:00+05:30,2026-06-16T07:47:04+05:30
P-0005638,V-10,6,19.053501,72.922617,16.1,2026-06-16T07:47:10+05:30,2026-06-16T07:47:11+05:30
P-0005639,V-10,6,19.053236,72.922113,17.4,2026-06-16T07:47:20+05:30,2026-06-16T07:47:21+05:30
P-0005640,V-10,6,19.053094,72.921724,15.6,2026-06-16T07:47:30+05:30,2026-06-16T07:47:35+05:30
P-0005641,V-10,6,19.052991,72.921242,18.0,2026-06-16T07:47:40+05:30,2026-06-16T07:47:42+05:30
P-0005642,V-10,6,19.052482,72.920548,20.3,2026-06-16T07:47:50+05:30,2026-06-16T07:47:55+05:30
P-0005643,V-10,6,19.052666,72.920237,23.3,2026-06-16T07:48:00+05:30,2026-06-16T07:48:02+05:30
P-0005644,V-10,6,19.052431,72.919468,23.4,2026-06-16T07:48:10+05:30,2026-06-16T07:48:14+05:30
P-0005645,V-10,6,19.051961,72.919374,16.6,2026-06-16T07:48:20+05:30,2026-06-16T07:48:21+05:30
P-0005646,V-10,6,19.051981,72.918629,22.0,2026-06-16T07:48:30+05:30,2026-06-16T07:48:31+05:30
P-0005647,V-10,6,19.052022,72.918451,14.8,2026-06-16T07:48:40+05:30,2026-06-16T07:48:44+05:30
P-0005648,V-10,6,19.051912,72.917717,12.6,2026-06-16T07:48:50+05:30,2026-06-16T07:48:54+05:30
P-0005649,V-10,6,19.051474,72.917524,22.6,2026-06-16T07:49:00+05:30,2026-06-16T07:49:01+05:30
P-0005650,V-10,6,19.051618,72.916774,23.3,2026-06-16T07:49:10+05:30,2026-06-16T07:49:15+05:30
P-0005651,V-10,6,19.051024,72.916576,22.8,2026-06-16T07:49:20+05:30,2026-06-16T07:49:26+05:30
P-0005652,V-10,6,19.051241,72.91608,21.0,2026-06-16T07:49:30+05:30,2026-06-16T07:49:33+05:30
P-0005653,V-10,6,19.051043,72.915335,14.6,2026-06-16T07:49:40+05:30,2026-06-16T07:49:41+05:30
P-0005654,V-10,6,19.050649,72.914889,21.2,2026-06-16T07:49:50+05:30,2026-06-16T07:49:55+05:30
P-0005655,V-10,6,19.050718,72.914328,18.1,2026-06-16T07:50:00+05:30,2026-06-16T07:50:06+05:30
P-0005656,V-10,6,19.050545,72.914136,12.5,2026-06-16T07:50:10+05:30,2026-06-16T07:50:12+05:30
P-0005657,V-10,6,19.050431,72.913394,16.2,2026-06-16T07:50:20+05:30,2026-06-16T07:50:21+05:30
P-0005658,V-10,6,19.050269,72.912907,12.2,2026-06-16T07:50:30+05:30,2026-06-16T07:50:36+05:30
P-0005659,V-10,6,19.049826,72.91276,16.8,2026-06-16T07:50:40+05:30,2026-06-16T07:50:43+05:30
P-0005660,V-10,6,19.049735,72.912314,17.2,2026-06-16T07:50:50+05:30,2026-06-16T07:50:55+05:30
P-0005661,V-10,6,19.049629,72.911575,13.4,2026-06-16T07:51:00+05:30,2026-06-16T07:51:01+05:30
P-0005662,V-10,6,19.049431,72.911368,20.2,2026-06-16T07:51:10+05:30,2026-06-16T07:51:13+05:30
P-0005663,V-10,6,19.049405,72.910497,14.3,2026-06-16T07:51:20+05:30,2026-06-16T07:51:21+05:30
P-0005664,V-10,6,19.049133,72.91002,15.2,2026-06-16T07:51:30+05:30,2026-06-16T07:51:36+05:30
P-0005665,V-10,6,19.048903,72.909549,13.3,2026-06-16T07:51:40+05:30,2026-06-16T07:51:41+05:30
P-0005666,V-10,6,19.048757,72.909272,12.6,2026-06-16T07:51:50+05:30,2026-06-16T07:51:51+05:30
P-0005667,V-10,6,19.048511,72.908884,17.9,2026-06-16T07:52:00+05:30,2026-06-16T07:52:01+05:30
P-0005668,V-10,6,19.048408,72.908092,17.4,2026-06-16T07:52:10+05:30,2026-06-16T07:52:12+05:30
P-0005669,V-10,6,19.048571,72.907962,16.4,2026-06-16T07:52:20+05:30,2026-06-16T07:52:21+05:30
P-0005670,V-10,6,19.048342,72.907192,15.4,2026-06-16T07:52:30+05:30,2026-06-16T07:52:36+05:30
P-0005671,V-10,6,19.047894,72.906899,17.1,2026-06-16T07:52:40+05:30,2026-06-16T07:52:42+05:30
P-0005672,V-10,6,19.047892,72.906153,16.1,2026-06-16T07:52:50+05:30,2026-06-16T07:52:53+05:30
P-0005673,V-10,6,19.04762,72.906139,13.5,2026-06-16T07:53:00+05:30,2026-06-16T07:53:03+05:30
P-0005674,V-10,6,19.047475,72.905242,15.7,2026-06-16T07:53:10+05:30,2026-06-16T07:53:15+05:30
P-0005675,V-10,6,19.047356,72.904924,15.9,2026-06-16T07:53:20+05:30,2026-06-16T07:53:24+05:30
P-0005676,V-10,6,19.047137,72.904306,22.0,2026-06-16T07:53:30+05:30,2026-06-16T07:53:34+05:30
P-0005677,V-10,6,19.046868,72.904014,22.2,2026-06-16T07:53:40+05:30,2026-06-16T07:53:44+05:30
P-0005678,V-10,6,19.046691,72.903394,18.3,2026-06-16T07:53:50+05:30,2026-06-16T07:53:55+05:30
P-0005679,V-10,6,19.046747,72.903018,17.2,2026-06-16T07:54:00+05:30,2026-06-16T07:54:05+05:30
P-0005680,V-10,6,19.04666,72.902518,17.6,2026-06-16T07:54:10+05:30,2026-06-16T07:54:11+05:30
P-0005681,V-10,6,19.046567,72.902253,13.6,2026-06-16T07:54:20+05:30,2026-06-16T07:54:26+05:30
P-0005682,V-10,6,19.046073,72.901526,20.4,2026-06-16T07:54:30+05:30,2026-06-16T07:54:35+05:30
P-0005683,V-10,6,19.046158,72.901289,19.4,2026-06-16T07:54:40+05:30,2026-06-16T07:54:43+05:30
P-0005684,V-10,6,19.045896,72.900478,22.5,2026-06-16T07:54:50+05:30,2026-06-16T07:54:56+05:30
P-0005685,V-10,6,19.045623,72.90021,15.2,2026-06-16T07:55:00+05:30,2026-06-16T07:55:04+05:30
P-0005686,V-10,6,19.045837,72.899638,16.4,2026-06-16T07:55:10+05:30,2026-06-16T07:55:14+05:30
P-0005687,V-10,6,19.045316,72.89905,13.5,2026-06-16T07:55:20+05:30,2026-06-16T07:55:25+05:30
P-0005688,V-10,6,19.045354,72.898869,22.0,2026-06-16T07:55:30+05:30,2026-06-16T07:55:31+05:30
P-0005689,V-10,6,19.04526,72.898467,16.8,2026-06-16T07:55:40+05:30,2026-06-16T07:55:44+05:30
P-0005690,V-10,6,19.044872,72.897812,15.8,2026-06-16T07:55:50+05:30,2026-06-16T07:55:56+05:30
P-0005691,V-10,6,19.044911,72.897633,18.0,2026-06-16T07:56:00+05:30,2026-06-16T07:56:03+05:30
P-0005692,V-10,6,19.044811,72.89698,12.3,2026-06-16T07:56:10+05:30,2026-06-16T07:56:15+05:30
P-0005693,V-10,6,19.044362,72.896445,13.5,2026-06-16T07:56:20+05:30,2026-06-16T07:56:21+05:30
P-0005694,V-10,6,19.044378,72.895997,12.8,2026-06-16T07:56:30+05:30,2026-06-16T07:56:34+05:30
P-0005695,V-10,6,19.04399,72.895285,15.5,2026-06-16T07:56:40+05:30,2026-06-16T07:56:45+05:30
P-0005696,V-10,6,19.044217,72.894889,13.5,2026-06-16T07:56:50+05:30,2026-06-16T07:56:52+05:30
P-0005697,V-10,6,19.043982,72.894625,12.5,2026-06-16T07:57:00+05:30,2026-06-16T07:57:04+05:30
P-0005698,V-10,6,19.043901,72.894241,15.8,2026-06-16T07:57:10+05:30,2026-06-16T07:57:13+05:30
P-0005699,V-10,6,19.043536,72.893699,22.9,2026-06-16T07:57:20+05:30,2026-06-16T07:57:25+05:30
P-0005700,V-10,6,19.043467,72.893148,16.6,2026-06-16T07:57:30+05:30,2026-06-16T07:57:31+05:30
P-0005701,V-10,6,19.04332,72.892523,19.2,2026-06-16T07:57:40+05:30,2026-06-16T07:57:41+05:30
P-0005702,V-10,6,19.04292,72.891928,15.3,2026-06-16T07:57:50+05:30,2026-06-16T07:57:54+05:30
P-0005703,V-10,6,19.043002,72.891757,17.9,2026-06-16T07:58:00+05:30,2026-06-16T07:58:04+05:30
P-0005704,V-10,6,19.042764,72.891121,20.0,2026-06-16T07:58:10+05:30,2026-06-16T07:58:11+05:30
P-0005705,V-10,6,19.042956,72.890492,15.2,2026-06-16T07:58:20+05:30,2026-06-16T07:58:21+05:30
P-0005706,V-10,6,19.042669,72.89031,15.3,2026-06-16T07:58:30+05:30,2026-06-16T07:58:34+05:30
P-0005707,V-10,6,19.042361,72.889563,22.8,2026-06-16T07:58:40+05:30,2026-06-16T07:58:44+05:30
P-0005708,V-10,6,19.042205,72.889154,23.8,2026-06-16T07:58:50+05:30,2026-06-16T07:58:53+05:30
P-0005709,V-10,6,19.04222,72.888711,15.2,2026-06-16T07:59:00+05:30,2026-06-16T07:59:02+05:30
P-0005710,V-10,6,19.042093,72.888206,16.8,2026-06-16T07:59:10+05:30,2026-06-16T07:59:15+05:30
P-0005711,V-10,6,19.041589,72.88797,21.2,2026-06-16T07:59:20+05:30,2026-06-16T07:59:22+05:30
P-0005712,V-10,6,19.041893,72.887459,20.3,2026-06-16T07:59:30+05:30,2026-06-16T07:59:32+05:30
P-0005713,V-10,6,19.041377,72.886952,21.0,2026-06-16T07:59:40+05:30,2026-06-16T07:59:45+05:30
P-0005714,V-10,6,19.041582,72.886444,13.1,2026-06-16T07:59:50+05:30,2026-06-16T07:59:53+05:30
P-0005715,V-10,6,19.041429,72.885941,23.8,2026-06-16T08:00:00+05:30,2026-06-16T08:00:04+05:30
P-0005716,V-10,6,19.041157,72.885484,16.0,2026-06-16T08:00:10+05:30,2026-06-16T08:00:13+05:30
P-0005717,V-10,6,19.04113,72.884976,16.4,2026-06-16T08:00:20+05:30,2026-06-16T08:00:21+05:30
P-0005718,V-10,6,19.04061,72.884384,18.0,2026-06-16T08:00:30+05:30,2026-06-16T08:00:31+05:30
P-0005719,V-10,6,19.040615,72.883942,15.2,2026-06-16T08:00:40+05:30,2026-06-16T08:00:42+05:30
P-0005720,V-10,6,19.040346,72.88358,23.1,2026-06-16T08:00:50+05:30,2026-06-16T08:00:52+05:30
P-0005721,V-10,6,19.040597,72.883183,15.5,2026-06-16T08:01:00+05:30,2026-06-16T08:01:04+05:30
P-0005722,V-10,6,19.040001,72.882697,23.7,2026-06-16T08:01:10+05:30,2026-06-16T08:01:16+05:30
P-0005723,V-10,6,19.040126,72.881881,20.6,2026-06-16T08:01:20+05:30,2026-06-16T08:01:23+05:30
P-0005724,V-10,6,19.040087,72.881678,18.3,2026-06-16T08:01:30+05:30,2026-06-16T08:01:36+05:30
P-0005725,V-10,6,19.039821,72.88094,15.5,2026-06-16T08:01:40+05:30,2026-06-16T08:01:46+05:30
P-0005726,V-10,6,19.039397,72.880768,22.8,2026-06-16T08:01:50+05:30,2026-06-16T08:01:52+05:30
P-0005727,V-10,6,19.039521,72.880083,24.7,2026-06-16T08:02:00+05:30,2026-06-16T08:02:03+05:30
P-0005728,V-10,6,19.039338,72.879871,22.9,2026-06-16T08:02:10+05:30,2026-06-16T08:02:15+05:30
P-0005729,V-10,6,19.039382,72.879194,17.1,2026-06-16T08:02:20+05:30,2026-06-16T08:02:24+05:30
P-0005730,V-10,6,19.039155,72.878919,23.8,2026-06-16T08:02:30+05:30,2026-06-16T08:02:35+05:30
P-0005731,V-10,6,19.038635,72.878233,14.2,2026-06-16T08:02:40+05:30,2026-06-16T08:02:42+05:30
P-0005732,V-10,6,19.038761,72.87777,22.9,2026-06-16T08:02:50+05:30,2026-06-16T08:02:53+05:30
P-0005733,V-10,6,19.038611,72.87755,22.1,2026-06-16T08:03:00+05:30,2026-06-16T08:03:06+05:30
P-0005734,V-10,6,19.038649,72.876801,25.4,2026-06-16T08:03:10+05:30,2026-06-16T08:03:11+05:30
P-0005735,V-10,6,19.038234,72.876551,14.8,2026-06-16T08:03:20+05:30,2026-06-16T08:03:21+05:30
P-0005736,V-10,6,19.037955,72.875928,16.4,2026-06-16T08:03:30+05:30,2026-06-16T08:03:34+05:30
P-0005737,V-10,6,19.037898,72.875186,24.2,2026-06-16T08:03:40+05:30,2026-06-16T08:03:43+05:30
P-0005738,V-10,6,19.03795,72.875078,25.4,2026-06-16T08:03:50+05:30,2026-06-16T08:03:54+05:30
P-0005739,V-10,6,19.037903,72.874608,19.4,2026-06-16T08:04:00+05:30,2026-06-16T08:04:04+05:30
P-0005740,V-10,6,19.037727,72.873977,21.9,2026-06-16T08:04:10+05:30,2026-06-16T08:04:13+05:30
P-0005741,V-10,6,19.037513,72.873416,22.1,2026-06-16T08:04:20+05:30,2026-06-16T08:04:23+05:30
P-0005742,V-10,6,19.037157,72.872922,18.4,2026-06-16T08:04:30+05:30,2026-06-16T08:04:32+05:30
P-0005743,V-10,6,19.036879,72.872303,18.3,2026-06-16T08:04:40+05:30,2026-06-16T08:04:45+05:30
P-0005744,V-10,6,19.036768,72.872205,17.3,2026-06-16T08:04:50+05:30,2026-06-16T08:04:56+05:30
P-0005745,V-10,6,19.036942,72.871608,21.2,2026-06-16T08:05:00+05:30,2026-06-16T08:05:01+05:30
P-0005746,V-10,6,19.036716,72.871346,22.5,2026-06-16T08:05:10+05:30,2026-06-16T08:05:11+05:30
P-0005747,V-10,6,19.036551,72.87086,14.7,2026-06-16T08:05:20+05:30,2026-06-16T08:05:25+05:30
P-0005748,V-10,6,19.036216,72.870088,21.8,2026-06-16T08:05:30+05:30,2026-06-16T08:05:33+05:30
P-0005749,V-10,6,19.036116,72.869589,22.7,2026-06-16T08:05:40+05:30,2026-06-16T08:05:43+05:30
P-0005750,V-10,6,19.036195,72.869041,20.3,2026-06-16T08:05:50+05:30,2026-06-16T08:05:53+05:30
P-0005751,V-10,6,19.036112,72.868671,17.0,2026-06-16T08:06:00+05:30,2026-06-16T08:06:06+05:30
P-0005752,V-10,6,19.035729,72.868274,23.8,2026-06-16T08:06:10+05:30,2026-06-16T08:06:12+05:30
P-0005753,V-10,6,19.035357,72.868044,20.7,2026-06-16T08:06:20+05:30,2026-06-16T08:06:22+05:30
P-0005754,V-10,6,19.035348,72.86746,23.5,2026-06-16T08:06:30+05:30,2026-06-16T08:06:34+05:30
P-0005755,V-10,6,19.034704,72.867137,15.6,2026-06-16T08:06:40+05:30,2026-06-16T08:06:45+05:30
P-0005756,V-10,6,19.03476,72.866809,26.1,2026-06-16T08:06:50+05:30,2026-06-16T08:06:54+05:30
P-0005757,V-10,6,19.034518,72.866212,16.8,2026-06-16T08:07:00+05:30,2026-06-16T08:07:01+05:30
P-0005758,V-10,6,19.034057,72.865832,20.2,2026-06-16T08:07:10+05:30,2026-06-16T08:07:12+05:30
P-0005759,V-10,6,19.033706,72.86539,18.4,2026-06-16T08:07:20+05:30,2026-06-16T08:07:21+05:30
P-0005760,V-10,6,19.033661,72.86462,21.3,2026-06-16T08:07:30+05:30,2026-06-16T08:07:34+05:30
P-0005761,V-10,6,19.03318,72.864452,18.0,2026-06-16T08:07:40+05:30,2026-06-16T08:07:41+05:30
P-0005762,V-10,6,19.033103,72.863966,20.2,2026-06-16T08:07:50+05:30,2026-06-16T08:07:55+05:30
P-0005763,V-10,6,19.032945,72.863385,19.0,2026-06-16T08:08:00+05:30,2026-06-16T08:08:06+05:30
P-0005764,V-10,6,19.032786,72.862926,18.4,2026-06-16T08:08:10+05:30,2026-06-16T08:08:11+05:30
P-0005765,V-10,6,19.032405,72.862809,25.2,2026-06-16T08:08:20+05:30,2026-06-16T08:08:23+05:30
P-0005766,V-10,6,19.032179,72.86244,16.1,2026-06-16T08:08:30+05:30,2026-06-16T08:08:34+05:30
P-0005767,V-10,6,19.03199,72.861891,17.5,2026-06-16T08:08:40+05:30,2026-06-16T08:08:44+05:30
P-0005768,V-10,6,19.031903,72.861433,22.7,2026-06-16T08:08:50+05:30,2026-06-16T08:08:54+05:30
P-0005769,V-10,6,19.031653,72.860979,21.8,2026-06-16T08:09:00+05:30,2026-06-16T08:09:02+05:30
P-0005770,V-10,6,19.031276,72.860566,19.9,2026-06-16T08:09:10+05:30,2026-06-16T08:09:12+05:30
P-0005771,V-10,6,19.030909,72.859907,18.4,2026-06-16T08:09:20+05:30,2026-06-16T08:09:24+05:30
P-0005772,V-10,6,19.030544,72.8596,21.8,2026-06-16T08:09:30+05:30,2026-06-16T08:09:36+05:30
P-0005773,V-10,6,19.030523,72.859372,27.1,2026-06-16T08:09:40+05:30,2026-06-16T08:09:45+05:30
P-0005774,V-10,6,19.030316,72.858515,18.6,2026-06-16T08:09:50+05:30,2026-06-16T08:09:51+05:30
P-0005775,V-10,6,19.029742,72.858247,21.6,2026-06-16T08:10:00+05:30,2026-06-16T08:10:02+05:30
P-0005776,V-10,6,19.029781,72.857996,23.6,2026-06-16T08:10:10+05:30,2026-06-16T08:10:13+05:30
P-0005777,V-10,6,19.029661,72.85725,21.0,2026-06-16T08:10:20+05:30,2026-06-16T08:10:21+05:30
P-0005778,V-10,6,19.02923,72.856799,17.2,2026-06-16T08:10:30+05:30,2026-06-16T08:10:31+05:30
P-0005779,V-10,6,19.029167,72.856301,28.5,2026-06-16T08:10:40+05:30,2026-06-16T08:10:45+05:30
P-0005780,V-10,6,19.028626,72.855982,27.0,2026-06-16T08:10:50+05:30,2026-06-16T08:10:56+05:30
P-0005781,V-10,6,19.028352,72.855585,19.7,2026-06-16T08:11:00+05:30,2026-06-16T08:11:03+05:30
P-0005782,V-10,6,19.028355,72.855463,25.9,2026-06-16T08:11:10+05:30,2026-06-16T08:11:14+05:30
P-0005783,V-10,6,19.028113,72.85492,17.6,2026-06-16T08:11:20+05:30,2026-06-16T08:11:26+05:30
P-0005784,V-10,6,19.027829,72.854173,21.6,2026-06-16T08:11:30+05:30,2026-06-16T08:11:34+05:30
P-0005785,V-10,6,19.027606,72.853966,18.9,2026-06-16T08:11:40+05:30,2026-06-16T08:11:44+05:30
P-0005786,V-10,6,19.027295,72.853323,19.6,2026-06-16T08:11:50+05:30,2026-06-16T08:11:54+05:30
P-0005787,V-10,6,19.026765,72.853237,23.4,2026-06-16T08:12:00+05:30,2026-06-16T08:12:05+05:30
P-0005788,V-10,6,19.026578,72.852724,21.2,2026-06-16T08:12:10+05:30,2026-06-16T08:12:15+05:30
P-0005789,V-10,6,19.026374,72.852332,25.7,2026-06-16T08:12:20+05:30,2026-06-16T08:12:24+05:30
P-0005790,V-10,6,19.026459,72.851591,26.8,2026-06-16T08:12:30+05:30,2026-06-16T08:12:32+05:30
P-0005791,V-10,6,19.026253,72.85127,25.2,2026-06-16T08:12:40+05:30,2026-06-16T08:12:45+05:30
P-0005792,V-10,6,19.025919,72.850831,21.1,2026-06-16T08:12:50+05:30,2026-06-16T08:12:54+05:30
P-0005793,V-10,6,19.02567,72.850622,19.5,2026-06-16T08:13:00+05:30,2026-06-16T08:13:06+05:30
P-0005794,V-10,6,19.025226,72.850085,19.4,2026-06-16T08:13:10+05:30,2026-06-16T08:13:12+05:30
P-0005795,V-10,6,19.025239,72.849784,28.6,2026-06-16T08:13:20+05:30,2026-06-16T08:13:23+05:30
P-0005796,V-10,6,19.02473,72.849077,19.0,2026-06-16T08:13:30+05:30,2026-06-16T08:13:33+05:30
P-0005797,V-10,6,19.024282,72.848889,21.8,2026-06-16T08:13:40+05:30,2026-06-16T08:13:46+05:30
P-0005798,V-10,6,19.02412,72.848368,26.6,2026-06-16T08:13:50+05:30,2026-06-16T08:13:52+05:30
P-0005799,V-10,6,19.023942,72.847633,23.6,2026-06-16T08:14:00+05:30,2026-06-16T08:14:04+05:30
P-0005800,V-10,6,19.024014,72.847385,30.4,2026-06-16T08:14:10+05:30,2026-06-16T08:14:14+05:30
P-0005801,V-10,6,19.023358,72.847112,24.6,2026-06-16T08:14:20+05:30,2026-06-16T08:14:25+05:30
P-0005802,V-10,6,19.023297,72.846295,30.9,2026-06-16T08:14:30+05:30,2026-06-16T08:14:32+05:30
P-0005803,V-10,6,19.022902,72.84626,28.8,2026-06-16T08:14:40+05:30,2026-06-16T08:14:45+05:30
P-0005804,V-10,6,19.022817,72.845673,21.9,2026-06-16T08:14:50+05:30,2026-06-16T08:14:54+05:30
P-0005805,V-10,6,19.02246,72.845089,27.3,2026-06-16T08:15:00+05:30,2026-06-16T08:15:06+05:30
P-0005806,V-10,6,19.022708,72.844554,20.3,2026-06-16T08:15:10+05:30,2026-06-16T08:15:11+05:30
P-0005807,V-10,6,19.022273,72.844064,24.7,2026-06-16T08:15:20+05:30,2026-06-16T08:15:25+05:30
P-0005808,V-10,6,19.022256,72.843605,22.1,2026-06-16T08:15:30+05:30,2026-06-16T08:15:32+05:30
P-0005809,V-10,6,19.022224,72.843217,26.5,2026-06-16T08:15:40+05:30,2026-06-16T08:15:46+05:30
P-0005810,V-10,6,19.022062,72.842847,23.4,2026-06-16T08:15:50+05:30,2026-06-16T08:15:54+05:30
P-0005811,V-10,6,19.022244,72.842257,25.2,2026-06-16T08:16:00+05:30,2026-06-16T08:16:03+05:30
P-0005812,V-10,6,19.021985,72.84157,27.3,2026-06-16T08:16:10+05:30,2026-06-16T08:16:15+05:30
P-0005813,V-10,6,19.022094,72.841139,21.6,2026-06-16T08:16:20+05:30,2026-06-16T08:16:25+05:30
P-0005814,V-10,6,19.022143,72.840584,29.4,2026-06-16T08:16:30+05:30,2026-06-16T08:16:35+05:30
P-0005815,V-10,6,19.021798,72.840406,21.2,2026-06-16T08:16:40+05:30,2026-06-16T08:16:42+05:30
P-0005816,V-10,6,19.021729,72.839834,22.0,2026-06-16T08:16:50+05:30,2026-06-16T08:16:53+05:30
P-0005817,V-10,6,19.021675,72.839485,28.2,2026-06-16T08:17:00+05:30,2026-06-16T08:17:01+05:30
P-0005818,V-10,6,19.021579,72.838591,25.1,2026-06-16T08:17:10+05:30,2026-06-16T08:17:11+05:30
P-0005819,V-10,6,19.021257,72.838154,23.7,2026-06-16T08:17:20+05:30,2026-06-16T08:17:21+05:30
P-0005820,V-10,6,19.021632,72.837554,29.2,2026-06-16T08:17:30+05:30,2026-06-16T08:17:34+05:30
P-0005821,V-10,6,19.021558,72.837538,26.2,2026-06-16T08:17:40+05:30,2026-06-16T08:17:44+05:30
P-0005822,V-10,6,19.021412,72.836894,25.9,2026-06-16T08:17:50+05:30,2026-06-16T08:17:56+05:30
P-0005823,V-10,6,19.021198,72.836517,28.7,2026-06-16T08:18:00+05:30,2026-06-16T08:18:05+05:30
P-0005824,V-10,6,19.021241,72.835739,26.6,2026-06-16T08:18:10+05:30,2026-06-16T08:18:11+05:30
P-0005825,V-10,6,19.020868,72.835296,22.2,2026-06-16T08:18:20+05:30,2026-06-16T08:18:24+05:30
P-0005826,V-10,6,19.020744,72.834848,29.8,2026-06-16T08:18:30+05:30,2026-06-16T08:18:31+05:30
P-0005827,V-10,6,19.020747,72.834556,29.8,2026-06-16T08:18:40+05:30,2026-06-16T08:18:41+05:30
P-0005828,V-10,6,19.020506,72.833936,27.3,2026-06-16T08:18:50+05:30,2026-06-16T08:18:55+05:30
P-0005829,V-10,6,19.020417,72.833112,33.7,2026-06-16T08:19:00+05:30,2026-06-16T08:19:01+05:30
P-0005830,V-10,6,19.020611,72.832676,22.8,2026-06-16T08:19:10+05:30,2026-06-16T08:19:16+05:30
P-0005831,V-10,6,19.020317,72.832377,26.7,2026-06-16T08:19:20+05:30,2026-06-16T08:19:24+05:30
P-0005832,V-10,6,19.020376,72.832042,28.1,2026-06-16T08:19:30+05:30,2026-06-16T08:19:34+05:30
P-0005833,V-10,6,19.020368,72.831234,32.8,2026-06-16T08:19:40+05:30,2026-06-16T08:19:43+05:30
P-0005834,V-10,6,19.020261,72.830742,27.9,2026-06-16T08:19:50+05:30,2026-06-16T08:19:53+05:30
P-0005835,V-10,6,19.020066,72.830352,27.2,2026-06-16T08:20:00+05:30,2026-06-16T08:20:01+05:30
P-0005836,V-10,6,19.020231,72.830137,26.7,2026-06-16T08:20:10+05:30,2026-06-16T08:20:13+05:30
P-0005837,V-10,6,19.020143,72.829484,34.1,2026-06-16T08:20:20+05:30,2026-06-16T08:20:22+05:30
P-0005838,V-10,6,19.019755,72.828897,23.7,2026-06-16T08:20:30+05:30,2026-06-16T08:20:35+05:30
P-0005839,V-10,6,19.019939,72.828464,25.2,2026-06-16T08:20:40+05:30,2026-06-16T08:20:41+05:30
P-0005840,V-10,6,19.019602,72.827817,28.3,2026-06-16T08:20:50+05:30,2026-06-16T08:20:54+05:30
P-0005841,V-10,6,19.019421,72.827259,27.1,2026-06-16T08:21:00+05:30,2026-06-16T08:21:03+05:30
P-0005842,V-10,6,19.01963,72.827048,31.8,2026-06-16T08:21:10+05:30,2026-06-16T08:21:15+05:30
P-0005843,V-10,6,19.019482,72.826382,29.0,2026-06-16T08:21:20+05:30,2026-06-16T08:21:25+05:30
P-0005844,V-10,6,19.019499,72.826103,26.8,2026-06-16T08:21:30+05:30,2026-06-16T08:21:34+05:30
P-0005845,V-10,6,19.019431,72.82526,34.2,2026-06-16T08:21:40+05:30,2026-06-16T08:21:43+05:30
P-0005846,V-10,6,19.019074,72.824843,28.2,2026-06-16T08:21:50+05:30,2026-06-16T08:21:53+05:30
P-0005847,V-10,6,19.019198,72.824406,27.7,2026-06-16T08:22:00+05:30,2026-06-16T08:22:02+05:30
P-0005848,V-10,6,19.019258,72.823898,29.9,2026-06-16T08:22:10+05:30,2026-06-16T08:22:12+05:30
P-0005849,V-10,6,19.018963,72.823347,28.4,2026-06-16T08:22:20+05:30,2026-06-16T08:22:22+05:30
P-0005850,V-10,6,19.019088,72.822924,34.3,2026-06-16T08:22:30+05:30,2026-06-16T08:22:33+05:30
P-0005851,V-10,6,19.01896,72.822661,31.0,2026-06-16T08:22:40+05:30,2026-06-16T08:22:43+05:30
P-0005852,V-10,6,19.018728,72.821893,32.1,2026-06-16T08:22:50+05:30,2026-06-16T08:22:52+05:30
P-0005853,V-10,6,19.018702,72.821627,32.8,2026-06-16T08:23:00+05:30,2026-06-16T08:23:03+05:30
P-0005854,V-10,6,19.01863,72.82126,29.6,2026-06-16T08:23:10+05:30,2026-06-16T08:23:13+05:30
P-0005855,V-10,6,19.018554,72.820352,30.6,2026-06-16T08:23:20+05:30,2026-06-16T08:23:23+05:30
P-0005856,V-10,6,19.018292,72.820182,33.7,2026-06-16T08:23:30+05:30,2026-06-16T08:23:35+05:30
P-0005857,V-10,6,19.0181,72.819514,26.2,2026-06-16T08:23:40+05:30,2026-06-16T08:23:42+05:30
P-0005858,V-10,6,19.01836,72.818985,26.6,2026-06-16T08:23:50+05:30,2026-06-16T08:23:52+05:30
P-0005859,V-10,6,19.017879,72.818656,28.8,2026-06-16T08:24:00+05:30,2026-06-16T08:24:03+05:30
P-0005860,V-10,6,19.018101,72.817945,34.9,2026-06-16T08:24:10+05:30,2026-06-16T08:24:11+05:30
P-0005861,V-10,6,19.018043,72.817359,35.7,2026-06-16T08:24:20+05:30,2026-06-16T08:24:23+05:30
P-0005862,V-10,6,19.017649,72.81695,37.2,2026-06-16T08:24:30+05:30,2026-06-16T08:24:35+05:30
P-0005863,V-10,6,19.017962,72.816436,37.6,2026-06-16T08:24:40+05:30,2026-06-16T08:24:43+05:30
P-0005864,V-10,6,19.017498,72.816155,26.5,2026-06-16T08:24:50+05:30,2026-06-16T08:24:55+05:30
P-0005865,V-10,6,19.017777,72.815568,31.9,2026-06-16T08:25:00+05:30,2026-06-16T08:25:04+05:30
P-0005866,V-08,6,19.085971,72.909017,1.4,2026-06-16T07:00:00+05:30,2026-06-16T07:00:02+05:30
P-0005867,V-08,6,19.085802,72.908934,1.3,2026-06-16T07:00:10+05:30,2026-06-16T07:00:15+05:30
P-0005868,V-08,6,19.085868,72.908913,3.8,2026-06-16T07:00:20+05:30,2026-06-16T07:00:26+05:30
P-0005869,V-08,6,19.085621,72.909209,2.2,2026-06-16T07:00:30+05:30,2026-06-16T07:00:35+05:30
P-0005870,V-08,6,19.086262,72.90905,1.6,2026-06-16T07:00:40+05:30,2026-06-16T07:00:45+05:30
P-0005871,V-08,6,19.085666,72.909274,1.6,2026-06-16T07:00:50+05:30,2026-06-16T07:00:53+05:30
P-0005872,V-08,6,19.085634,72.909246,3.8,2026-06-16T07:01:00+05:30,2026-06-16T07:01:05+05:30
P-0005873,V-08,6,19.086277,72.909231,3.6,2026-06-16T07:01:10+05:30,2026-06-16T07:01:13+05:30
P-0005874,V-08,6,19.085809,72.90856,2.3,2026-06-16T07:01:20+05:30,2026-06-16T07:01:22+05:30
P-0005875,V-08,6,19.085683,72.909273,1.0,2026-06-16T07:01:30+05:30,2026-06-16T07:01:36+05:30
P-0005876,V-08,6,19.085911,72.90928,0.4,2026-06-16T07:01:40+05:30,2026-06-16T07:01:46+05:30
P-0005877,V-08,6,19.086298,72.909034,0.9,2026-06-16T07:01:50+05:30,2026-06-16T07:01:55+05:30
P-0005878,V-08,6,19.0858,72.908801,1.8,2026-06-16T07:02:00+05:30,2026-06-16T07:02:02+05:30
P-0005879,V-08,6,19.086086,72.908803,2.0,2026-06-16T07:02:10+05:30,2026-06-16T07:02:15+05:30
P-0005880,V-08,6,19.085634,72.908822,1.2,2026-06-16T07:02:20+05:30,2026-06-16T07:02:24+05:30
P-0005881,V-08,6,19.085656,72.908963,1.0,2026-06-16T07:02:30+05:30,2026-06-16T07:02:35+05:30
P-0005882,V-08,6,19.085603,72.908827,2.2,2026-06-16T07:02:40+05:30,2026-06-16T07:02:43+05:30
P-0005883,V-08,6,19.086191,72.909254,0.3,2026-06-16T07:02:50+05:30,2026-06-16T07:02:54+05:30
P-0005884,V-08,6,19.086215,72.908842,0.5,2026-06-16T07:03:00+05:30,2026-06-16T07:03:03+05:30
P-0005885,V-08,6,19.08566,72.908804,2.7,2026-06-16T07:03:10+05:30,2026-06-16T07:03:15+05:30
P-0005886,V-08,6,19.08599,72.908644,0.7,2026-06-16T07:03:20+05:30,2026-06-16T07:03:25+05:30
P-0005887,V-08,6,19.085935,72.908543,3.2,2026-06-16T07:03:30+05:30,2026-06-16T07:03:36+05:30
P-0005888,V-08,6,19.086067,72.908582,3.8,2026-06-16T07:03:40+05:30,2026-06-16T07:03:41+05:30
P-0005889,V-08,6,19.085883,72.909053,3.3,2026-06-16T07:03:50+05:30,2026-06-16T07:03:54+05:30
P-0005890,V-08,6,19.085732,72.908646,2.5,2026-06-16T07:04:00+05:30,2026-06-16T07:04:05+05:30
P-0005891,V-08,6,19.085888,72.908677,1.6,2026-06-16T07:04:10+05:30,2026-06-16T07:04:15+05:30
P-0005892,V-08,6,19.086004,72.908704,2.7,2026-06-16T07:04:20+05:30,2026-06-16T07:04:23+05:30
P-0005893,V-08,6,19.086008,72.908882,3.6,2026-06-16T07:04:30+05:30,2026-06-16T07:04:32+05:30
P-0005894,V-08,6,19.086394,72.909058,3.5,2026-06-16T07:04:40+05:30,2026-06-16T07:04:41+05:30
P-0005895,V-08,6,19.086101,72.908973,3.1,2026-06-16T07:04:50+05:30,2026-06-16T07:04:55+05:30
P-0005896,V-08,6,19.08592,72.909261,2.7,2026-06-16T07:05:00+05:30,2026-06-16T07:05:04+05:30
P-0005897,V-08,6,19.086058,72.909143,1.3,2026-06-16T07:05:10+05:30,2026-06-16T07:05:11+05:30
P-0005898,V-08,6,19.085619,72.908694,0.1,2026-06-16T07:05:20+05:30,2026-06-16T07:05:22+05:30
P-0005899,V-08,6,19.086129,72.90902,1.8,2026-06-16T07:05:30+05:30,2026-06-16T07:05:31+05:30
P-0005900,V-08,6,19.086158,72.908586,2.1,2026-06-16T07:05:40+05:30,2026-06-16T07:05:45+05:30
P-0005901,V-08,6,19.086364,72.908883,1.5,2026-06-16T07:05:50+05:30,2026-06-16T07:05:55+05:30
P-0005902,V-08,6,19.085809,72.908638,0.7,2026-06-16T07:06:00+05:30,2026-06-16T07:06:03+05:30
P-0005903,V-08,6,19.085886,72.908654,2.8,2026-06-16T07:06:10+05:30,2026-06-16T07:06:15+05:30
P-0005904,V-08,6,19.086282,72.909123,1.0,2026-06-16T07:06:20+05:30,2026-06-16T07:06:22+05:30
P-0005905,V-08,6,19.085674,72.909017,2.2,2026-06-16T07:06:30+05:30,2026-06-16T07:06:33+05:30
P-0005906,V-08,6,19.085834,72.908852,1.4,2026-06-16T07:06:40+05:30,2026-06-16T07:06:44+05:30
P-0005907,V-08,6,19.085681,72.908556,2.6,2026-06-16T07:06:50+05:30,2026-06-16T07:06:53+05:30
P-0005908,V-08,6,19.085884,72.909012,0.7,2026-06-16T07:07:00+05:30,2026-06-16T07:07:05+05:30
P-0005909,V-08,6,19.085883,72.909202,3.6,2026-06-16T07:07:10+05:30,2026-06-16T07:07:15+05:30
P-0005910,V-08,6,19.085812,72.908726,0.5,2026-06-16T07:07:20+05:30,2026-06-16T07:07:25+05:30
P-0005911,V-08,6,19.08573,72.908956,3.3,2026-06-16T07:07:30+05:30,2026-06-16T07:07:35+05:30
P-0005912,V-08,6,19.085879,72.908521,3.6,2026-06-16T07:07:40+05:30,2026-06-16T07:07:45+05:30
P-0005913,V-08,6,19.085848,72.909106,3.9,2026-06-16T07:07:50+05:30,2026-06-16T07:07:54+05:30
P-0005914,V-08,6,19.085614,72.909226,0.2,2026-06-16T07:08:00+05:30,2026-06-16T07:08:05+05:30
P-0005915,V-08,6,19.085845,72.908718,4.0,2026-06-16T07:08:10+05:30,2026-06-16T07:08:13+05:30
P-0005916,V-08,6,19.086094,72.908807,2.1,2026-06-16T07:08:20+05:30,2026-06-16T07:08:23+05:30
P-0005917,V-08,6,19.0864,72.908916,0.3,2026-06-16T07:08:30+05:30,2026-06-16T07:08:35+05:30
P-0005918,V-08,6,19.086148,72.909042,2.0,2026-06-16T07:08:40+05:30,2026-06-16T07:08:44+05:30
P-0005919,V-08,6,19.085896,72.909155,3.5,2026-06-16T07:08:50+05:30,2026-06-16T07:08:53+05:30
P-0005920,V-08,6,19.085703,72.909199,2.6,2026-06-16T07:09:00+05:30,2026-06-16T07:09:06+05:30
P-0005921,V-08,6,19.085639,72.909181,1.9,2026-06-16T07:09:10+05:30,2026-06-16T07:09:16+05:30
P-0005922,V-08,6,19.086217,72.908725,0.7,2026-06-16T07:09:20+05:30,2026-06-16T07:09:24+05:30
P-0005923,V-08,6,19.086351,72.90884,1.8,2026-06-16T07:09:30+05:30,2026-06-16T07:09:34+05:30
P-0005924,V-08,6,19.086167,72.908985,3.5,2026-06-16T07:09:40+05:30,2026-06-16T07:09:43+05:30
P-0005925,V-08,6,19.086236,72.90892,2.4,2026-06-16T07:09:50+05:30,2026-06-16T07:09:54+05:30
P-0005926,V-08,6,19.085624,72.908587,2.0,2026-06-16T07:10:00+05:30,2026-06-16T07:10:05+05:30
P-0005927,V-08,6,19.086167,72.908806,1.0,2026-06-16T07:10:10+05:30,2026-06-16T07:10:15+05:30
P-0005928,V-08,6,19.085828,72.908509,3.6,2026-06-16T07:10:20+05:30,2026-06-16T07:10:25+05:30
P-0005929,V-08,6,19.086362,72.908684,0.7,2026-06-16T07:10:30+05:30,2026-06-16T07:10:34+05:30
P-0005930,V-08,6,19.085789,72.908837,0.8,2026-06-16T07:10:40+05:30,2026-06-16T07:10:43+05:30
P-0005931,V-08,6,19.086368,72.908599,0.4,2026-06-16T07:10:50+05:30,2026-06-16T07:10:51+05:30
P-0005932,V-08,6,19.086164,72.909279,0.1,2026-06-16T07:11:00+05:30,2026-06-16T07:11:05+05:30
P-0005933,V-08,6,19.085919,72.909156,1.9,2026-06-16T07:11:10+05:30,2026-06-16T07:11:13+05:30
P-0005934,V-08,6,19.086011,72.908963,0.2,2026-06-16T07:11:20+05:30,2026-06-16T07:11:23+05:30
P-0005935,V-08,6,19.085708,72.909005,1.7,2026-06-16T07:11:30+05:30,2026-06-16T07:11:34+05:30
P-0005936,V-08,6,19.086118,72.908601,3.2,2026-06-16T07:11:40+05:30,2026-06-16T07:11:41+05:30
P-0005937,V-08,6,19.086137,72.909262,0.8,2026-06-16T07:11:50+05:30,2026-06-16T07:11:51+05:30
P-0005938,V-08,6,19.086153,72.909001,2.7,2026-06-16T07:12:00+05:30,2026-06-16T07:12:01+05:30
P-0005939,V-08,6,19.08577,72.909,2.8,2026-06-16T07:12:10+05:30,2026-06-16T07:12:15+05:30
P-0005940,V-08,6,19.086103,72.908619,3.3,2026-06-16T07:12:20+05:30,2026-06-16T07:12:23+05:30
P-0005941,V-08,6,19.085841,72.908501,2.6,2026-06-16T07:12:30+05:30,2026-06-16T07:12:35+05:30
P-0005942,V-08,6,19.085674,72.908694,1.8,2026-06-16T07:12:40+05:30,2026-06-16T07:12:46+05:30
P-0005943,V-08,6,19.085761,72.908589,0.2,2026-06-16T07:12:50+05:30,2026-06-16T07:12:56+05:30
P-0005944,V-08,6,19.085815,72.90905,1.8,2026-06-16T07:13:00+05:30,2026-06-16T07:13:06+05:30
P-0005945,V-08,6,19.086327,72.909287,1.4,2026-06-16T07:13:10+05:30,2026-06-16T07:13:11+05:30
P-0005946,V-08,6,19.085684,72.908618,0.9,2026-06-16T07:13:20+05:30,2026-06-16T07:13:23+05:30
P-0005947,V-08,6,19.08564,72.908599,0.6,2026-06-16T07:13:30+05:30,2026-06-16T07:13:31+05:30
P-0005948,V-08,6,19.086252,72.908716,0.6,2026-06-16T07:13:40+05:30,2026-06-16T07:13:46+05:30
P-0005949,V-08,6,19.085862,72.908795,2.7,2026-06-16T07:13:50+05:30,2026-06-16T07:13:54+05:30
P-0005950,V-08,6,19.085797,72.908863,0.3,2026-06-16T07:14:00+05:30,2026-06-16T07:14:05+05:30
P-0005951,V-08,6,19.0857,72.908567,2.7,2026-06-16T07:14:10+05:30,2026-06-16T07:14:14+05:30
P-0005952,V-08,6,19.086057,72.908733,3.0,2026-06-16T07:14:20+05:30,2026-06-16T07:14:22+05:30
P-0005953,V-08,6,19.086179,72.909223,2.8,2026-06-16T07:14:30+05:30,2026-06-16T07:14:34+05:30
P-0005954,V-08,6,19.086364,72.90877,0.5,2026-06-16T07:14:40+05:30,2026-06-16T07:14:45+05:30
P-0005955,V-08,6,19.08575,72.908825,0.2,2026-06-16T07:14:50+05:30,2026-06-16T07:14:56+05:30
P-0005956,V-08,6,19.085777,72.90926,0.9,2026-06-16T07:15:00+05:30,2026-06-16T07:15:05+05:30
P-0005957,V-08,6,19.085998,72.909129,2.3,2026-06-16T07:15:10+05:30,2026-06-16T07:15:15+05:30
P-0005958,V-08,6,19.085795,72.908843,3.5,2026-06-16T07:15:20+05:30,2026-06-16T07:15:22+05:30
P-0005959,V-08,6,19.086356,72.908991,3.5,2026-06-16T07:15:30+05:30,2026-06-16T07:15:31+05:30
P-0005960,V-08,6,19.08593,72.90903,1.9,2026-06-16T07:15:40+05:30,2026-06-16T07:15:42+05:30
P-0005961,V-08,6,19.086394,72.908788,2.6,2026-06-16T07:15:50+05:30,2026-06-16T07:15:55+05:30
P-0005962,V-08,6,19.086357,72.908678,2.4,2026-06-16T07:16:00+05:30,2026-06-16T07:16:05+05:30
P-0005963,V-08,6,19.085758,72.908676,2.0,2026-06-16T07:16:10+05:30,2026-06-16T07:16:16+05:30
P-0005964,V-08,6,19.086226,72.908936,1.1,2026-06-16T07:16:20+05:30,2026-06-16T07:16:24+05:30
P-0005965,V-08,6,19.086257,72.908739,0.5,2026-06-16T07:16:30+05:30,2026-06-16T07:16:33+05:30
P-0005966,V-08,6,19.085964,72.909254,2.1,2026-06-16T07:16:40+05:30,2026-06-16T07:16:42+05:30
P-0005967,V-08,6,19.086013,72.909179,1.1,2026-06-16T07:16:50+05:30,2026-06-16T07:16:52+05:30
P-0005968,V-08,6,19.085724,72.908929,3.1,2026-06-16T07:17:00+05:30,2026-06-16T07:17:05+05:30
P-0005969,V-08,6,19.085834,72.908645,3.5,2026-06-16T07:17:10+05:30,2026-06-16T07:17:16+05:30
P-0005970,V-08,6,19.086067,72.908511,0.3,2026-06-16T07:17:20+05:30,2026-06-16T07:17:24+05:30
P-0005971,V-08,6,19.086287,72.908523,1.1,2026-06-16T07:17:30+05:30,2026-06-16T07:17:33+05:30
P-0005972,V-08,6,19.086378,72.909266,1.5,2026-06-16T07:17:40+05:30,2026-06-16T07:17:42+05:30
P-0005973,V-08,6,19.085847,72.90918,2.5,2026-06-16T07:17:50+05:30,2026-06-16T07:17:55+05:30
P-0005974,V-08,6,19.085661,72.909294,3.7,2026-06-16T07:18:00+05:30,2026-06-16T07:18:02+05:30
P-0005975,V-08,6,19.085636,72.909185,3.9,2026-06-16T07:18:10+05:30,2026-06-16T07:18:12+05:30
P-0005976,V-08,6,19.086227,72.908901,2.4,2026-06-16T07:18:20+05:30,2026-06-16T07:18:24+05:30
P-0005977,V-08,6,19.08625,72.908615,3.7,2026-06-16T07:18:30+05:30,2026-06-16T07:18:31+05:30
P-0005978,V-08,6,19.086319,72.908676,2.3,2026-06-16T07:18:40+05:30,2026-06-16T07:18:42+05:30
P-0005979,V-08,6,19.086251,72.909079,3.0,2026-06-16T07:18:50+05:30,2026-06-16T07:18:52+05:30
P-0005980,V-08,6,19.085926,72.909258,1.3,2026-06-16T07:19:00+05:30,2026-06-16T07:19:02+05:30
P-0005981,V-08,6,19.086281,72.90914,0.1,2026-06-16T07:19:10+05:30,2026-06-16T07:19:13+05:30
P-0005982,V-08,6,19.085818,72.908551,1.5,2026-06-16T07:19:20+05:30,2026-06-16T07:19:23+05:30
P-0005983,V-08,6,19.085821,72.909005,1.8,2026-06-16T07:19:30+05:30,2026-06-16T07:19:34+05:30
P-0005984,V-08,6,19.086166,72.908525,2.6,2026-06-16T07:19:40+05:30,2026-06-16T07:19:45+05:30
P-0005985,V-08,6,19.086026,72.908867,3.4,2026-06-16T07:19:50+05:30,2026-06-16T07:19:52+05:30
P-0005986,V-08,6,19.086104,72.908849,2.3,2026-06-16T07:20:00+05:30,2026-06-16T07:20:02+05:30
P-0005987,V-08,6,19.085868,72.908863,0.5,2026-06-16T07:20:10+05:30,2026-06-16T07:20:11+05:30
P-0005988,V-08,6,19.085758,72.908809,3.5,2026-06-16T07:20:20+05:30,2026-06-16T07:20:23+05:30
P-0005989,V-08,6,19.086381,72.909272,1.5,2026-06-16T07:20:30+05:30,2026-06-16T07:20:34+05:30
P-0005990,V-08,6,19.08607,72.909239,1.0,2026-06-16T07:20:40+05:30,2026-06-16T07:20:46+05:30
P-0005991,V-08,6,19.085668,72.908617,0.4,2026-06-16T07:20:50+05:30,2026-06-16T07:20:56+05:30
P-0005992,V-08,6,19.085804,72.908918,2.2,2026-06-16T07:21:00+05:30,2026-06-16T07:21:05+05:30
P-0005993,V-08,6,19.086022,72.908744,1.7,2026-06-16T07:21:10+05:30,2026-06-16T07:21:16+05:30
P-0005994,V-08,6,19.085938,72.908769,3.4,2026-06-16T07:21:20+05:30,2026-06-16T07:21:23+05:30
P-0005995,V-08,6,19.08608,72.909251,2.1,2026-06-16T07:21:30+05:30,2026-06-16T07:21:33+05:30
P-0005996,V-08,6,19.086126,72.909267,1.1,2026-06-16T07:21:40+05:30,2026-06-16T07:21:45+05:30
P-0005997,V-08,6,19.086387,72.908789,0.4,2026-06-16T07:21:50+05:30,2026-06-16T07:21:52+05:30
P-0005998,V-08,6,19.086236,72.909271,2.8,2026-06-16T07:22:00+05:30,2026-06-16T07:22:03+05:30
P-0005999,V-08,6,19.086038,72.909046,2.4,2026-06-16T07:22:10+05:30,2026-06-16T07:22:11+05:30
P-0006000,V-08,6,19.085783,72.909269,3.9,2026-06-16T07:22:20+05:30,2026-06-16T07:22:25+05:30
P-0006001,V-08,6,19.086277,72.908768,2.8,2026-06-16T07:22:30+05:30,2026-06-16T07:22:31+05:30
P-0006002,V-08,6,19.086012,72.909129,3.6,2026-06-16T07:22:40+05:30,2026-06-16T07:22:46+05:30
P-0006003,V-08,6,19.085989,72.909231,3.5,2026-06-16T07:22:50+05:30,2026-06-16T07:22:54+05:30
P-0006004,V-08,6,19.08593,72.909108,1.8,2026-06-16T07:23:00+05:30,2026-06-16T07:23:01+05:30
P-0006005,V-08,6,19.086238,72.909236,0.6,2026-06-16T07:23:10+05:30,2026-06-16T07:23:14+05:30
P-0006006,V-08,6,19.08582,72.909262,1.0,2026-06-16T07:23:20+05:30,2026-06-16T07:23:24+05:30
P-0006007,V-08,6,19.085624,72.908555,2.1,2026-06-16T07:23:30+05:30,2026-06-16T07:23:36+05:30
P-0006008,V-08,6,19.086011,72.908882,0.6,2026-06-16T07:23:40+05:30,2026-06-16T07:23:41+05:30
P-0006009,V-08,6,19.086039,72.908764,3.9,2026-06-16T07:23:50+05:30,2026-06-16T07:23:54+05:30
P-0006010,V-08,6,19.086288,72.909125,2.9,2026-06-16T07:24:00+05:30,2026-06-16T07:24:03+05:30
P-0006011,V-08,6,19.085846,72.90854,1.2,2026-06-16T07:24:10+05:30,2026-06-16T07:24:13+05:30
P-0006012,V-08,6,19.085908,72.90891,2.8,2026-06-16T07:24:20+05:30,2026-06-16T07:24:23+05:30
P-0006013,V-08,6,19.085921,72.909225,0.8,2026-06-16T07:24:30+05:30,2026-06-16T07:24:33+05:30
P-0006014,V-08,6,19.086184,72.9089,3.5,2026-06-16T07:24:40+05:30,2026-06-16T07:24:46+05:30
P-0006015,V-08,6,19.085609,72.908761,3.8,2026-06-16T07:24:50+05:30,2026-06-16T07:24:55+05:30
P-0006016,V-08,6,19.085754,72.908762,3.0,2026-06-16T07:25:00+05:30,2026-06-16T07:25:06+05:30
P-0006017,V-08,6,19.085988,72.908538,0.2,2026-06-16T07:25:10+05:30,2026-06-16T07:25:15+05:30
P-0006018,V-08,6,19.086151,72.908579,3.5,2026-06-16T07:25:20+05:30,2026-06-16T07:25:21+05:30
P-0006019,V-08,6,19.085687,72.908708,0.1,2026-06-16T07:25:30+05:30,2026-06-16T07:25:32+05:30
P-0006020,V-08,6,19.086102,72.908647,2.9,2026-06-16T07:25:40+05:30,2026-06-16T07:25:42+05:30
P-0006021,V-08,6,19.085639,72.909163,2.7,2026-06-16T07:25:50+05:30,2026-06-16T07:25:56+05:30
P-0006022,V-08,6,19.085679,72.908762,1.1,2026-06-16T07:26:00+05:30,2026-06-16T07:26:04+05:30
P-0006023,V-08,6,19.085912,72.908928,4.0,2026-06-16T07:26:10+05:30,2026-06-16T07:26:12+05:30
P-0006024,V-08,6,19.086239,72.909072,3.8,2026-06-16T07:26:20+05:30,2026-06-16T07:26:23+05:30
P-0006025,V-08,6,19.085912,72.908626,3.3,2026-06-16T07:26:30+05:30,2026-06-16T07:26:35+05:30
P-0006026,V-08,6,19.086184,72.908695,3.9,2026-06-16T07:26:40+05:30,2026-06-16T07:26:41+05:30
P-0006027,V-08,6,19.08635,72.908889,2.4,2026-06-16T07:26:50+05:30,2026-06-16T07:26:55+05:30
P-0006028,V-08,6,19.085956,72.908671,0.4,2026-06-16T07:27:00+05:30,2026-06-16T07:27:05+05:30
P-0006029,V-08,6,19.086214,72.908554,3.7,2026-06-16T07:27:10+05:30,2026-06-16T07:27:15+05:30
P-0006030,V-08,6,19.086298,72.909235,1.4,2026-06-16T07:27:20+05:30,2026-06-16T07:27:24+05:30
P-0006031,V-08,6,19.086378,72.908509,2.0,2026-06-16T07:27:30+05:30,2026-06-16T07:27:36+05:30
P-0006032,V-08,6,19.085808,72.908927,1.6,2026-06-16T07:27:40+05:30,2026-06-16T07:27:46+05:30
P-0006033,V-08,6,19.086113,72.909084,0.7,2026-06-16T07:27:50+05:30,2026-06-16T07:27:51+05:30
P-0006034,V-08,6,19.085791,72.90893,35.7,2026-06-16T07:28:00+05:30,2026-06-16T07:28:03+05:30
P-0006035,V-08,6,19.086219,72.90847,37.6,2026-06-16T07:28:10+05:30,2026-06-16T07:28:13+05:30
P-0006036,V-08,6,19.086096,72.908558,29.5,2026-06-16T07:28:20+05:30,2026-06-16T07:28:24+05:30
P-0006037,V-08,6,19.0859,72.908427,33.5,2026-06-16T07:28:30+05:30,2026-06-16T07:28:31+05:30
P-0006038,V-08,6,19.085696,72.90793,27.2,2026-06-16T07:28:40+05:30,2026-06-16T07:28:45+05:30
P-0006039,V-08,6,19.085882,72.908061,30.4,2026-06-16T07:28:50+05:30,2026-06-16T07:28:53+05:30
P-0006040,V-08,6,19.08604,72.907691,25.0,2026-06-16T07:29:00+05:30,2026-06-16T07:29:04+05:30
P-0006041,V-08,6,19.086032,72.907309,34.2,2026-06-16T07:29:10+05:30,2026-06-16T07:29:13+05:30
P-0006042,V-08,6,19.085992,72.907082,32.8,2026-06-16T07:29:20+05:30,2026-06-16T07:29:26+05:30
P-0006043,V-08,6,19.085698,72.907332,25.6,2026-06-16T07:29:30+05:30,2026-06-16T07:29:32+05:30
P-0006044,V-08,6,19.085558,72.907003,26.8,2026-06-16T07:29:40+05:30,2026-06-16T07:29:44+05:30
P-0006045,V-08,6,19.085745,72.90695,24.2,2026-06-16T07:29:50+05:30,2026-06-16T07:29:53+05:30
P-0006046,V-08,6,19.085594,72.906422,24.6,2026-06-16T07:30:00+05:30,2026-06-16T07:30:05+05:30
P-0006047,V-08,6,19.085745,72.906103,31.5,2026-06-16T07:30:10+05:30,2026-06-16T07:30:12+05:30
P-0006048,V-08,6,19.085779,72.906046,26.7,2026-06-16T07:30:20+05:30,2026-06-16T07:30:24+05:30
P-0006049,V-08,6,19.085563,72.905726,24.8,2026-06-16T07:30:30+05:30,2026-06-16T07:30:34+05:30
P-0006050,V-08,6,19.085682,72.90579,24.5,2026-06-16T07:30:40+05:30,2026-06-16T07:30:45+05:30
P-0006051,V-08,6,19.085819,72.905381,31.6,2026-06-16T07:30:50+05:30,2026-06-16T07:30:54+05:30
P-0006052,V-08,6,19.085644,72.905122,33.7,2026-06-16T07:31:00+05:30,2026-06-16T07:31:05+05:30
P-0006053,V-08,6,19.085337,72.905381,31.9,2026-06-16T07:31:10+05:30,2026-06-16T07:31:14+05:30
P-0006054,V-08,6,19.085436,72.905018,24.7,2026-06-16T07:31:20+05:30,2026-06-16T07:31:26+05:30
P-0006055,V-08,6,19.085384,72.904641,29.7,2026-06-16T07:31:30+05:30,2026-06-16T07:31:32+05:30
P-0006056,V-08,6,19.085631,72.904598,26.2,2026-06-16T07:31:40+05:30,2026-06-16T07:31:42+05:30
P-0006057,V-08,6,19.085308,72.904168,21.8,2026-06-16T07:31:50+05:30,2026-06-16T07:31:54+05:30
P-0006058,V-08,6,19.085476,72.904061,24.5,2026-06-16T07:32:00+05:30,2026-06-16T07:32:01+05:30
P-0006059,V-08,6,19.085567,72.903994,24.8,2026-06-16T07:32:10+05:30,2026-06-16T07:32:16+05:30
P-0006060,V-08,6,19.085312,72.903595,29.9,2026-06-16T07:32:20+05:30,2026-06-16T07:32:26+05:30
P-0006061,V-08,6,19.085131,72.903569,31.9,2026-06-16T07:32:30+05:30,2026-06-16T07:32:32+05:30
P-0006062,V-08,6,19.085133,72.903245,30.1,2026-06-16T07:32:40+05:30,2026-06-16T07:32:43+05:30
P-0006063,V-08,6,19.085262,72.903111,31.5,2026-06-16T07:32:50+05:30,2026-06-16T07:32:56+05:30
P-0006064,V-08,6,19.085116,72.902981,25.1,2026-06-16T07:33:00+05:30,2026-06-16T07:33:06+05:30
P-0006065,V-08,6,19.085246,72.902721,27.4,2026-06-16T07:33:10+05:30,2026-06-16T07:33:13+05:30
P-0006066,V-08,6,19.085183,72.902366,30.5,2026-06-16T07:33:20+05:30,2026-06-16T07:33:26+05:30
P-0006067,V-08,6,19.085058,72.902246,26.1,2026-06-16T07:33:30+05:30,2026-06-16T07:33:36+05:30
P-0006068,V-08,6,19.085107,72.902258,21.2,2026-06-16T07:33:40+05:30,2026-06-16T07:33:42+05:30
P-0006069,V-08,6,19.084949,72.901787,20.9,2026-06-16T07:33:50+05:30,2026-06-16T07:33:52+05:30
P-0006070,V-08,6,19.084921,72.901899,21.5,2026-06-16T07:34:00+05:30,2026-06-16T07:34:02+05:30
P-0006071,V-08,6,19.085278,72.90183,26.7,2026-06-16T07:34:10+05:30,2026-06-16T07:34:12+05:30
P-0006072,V-08,6,19.085212,72.901246,22.0,2026-06-16T07:34:20+05:30,2026-06-16T07:34:21+05:30
P-0006073,V-08,6,19.084888,72.901214,25.6,2026-06-16T07:34:30+05:30,2026-06-16T07:34:33+05:30
P-0006074,V-08,6,19.085036,72.901071,25.1,2026-06-16T07:34:40+05:30,2026-06-16T07:34:43+05:30
P-0006075,V-08,6,19.084924,72.900962,21.5,2026-06-16T07:34:50+05:30,2026-06-16T07:34:52+05:30
P-0006076,V-08,6,19.085169,72.900445,22.3,2026-06-16T07:35:00+05:30,2026-06-16T07:35:03+05:30
P-0006077,V-08,6,19.084945,72.900159,23.5,2026-06-16T07:35:10+05:30,2026-06-16T07:35:13+05:30
P-0006078,V-08,6,19.084905,72.900185,21.4,2026-06-16T07:35:20+05:30,2026-06-16T07:35:23+05:30
P-0006079,V-08,6,19.084793,72.900098,22.0,2026-06-16T07:35:30+05:30,2026-06-16T07:35:36+05:30
P-0006080,V-08,6,19.084763,72.899598,27.6,2026-06-16T07:35:40+05:30,2026-06-16T07:35:43+05:30
P-0006081,V-08,6,19.08459,72.899409,23.6,2026-06-16T07:35:50+05:30,2026-06-16T07:35:54+05:30
P-0006082,V-08,6,19.084643,72.899422,21.4,2026-06-16T07:36:00+05:30,2026-06-16T07:36:04+05:30
P-0006083,V-08,6,19.084917,72.899301,19.4,2026-06-16T07:36:10+05:30,2026-06-16T07:36:11+05:30
P-0006084,V-08,6,19.084484,72.898884,18.4,2026-06-16T07:36:20+05:30,2026-06-16T07:36:24+05:30
P-0006085,V-08,6,19.084705,72.898863,26.3,2026-06-16T07:36:30+05:30,2026-06-16T07:36:31+05:30
P-0006086,V-08,6,19.084247,72.898787,20.5,2026-06-16T07:36:40+05:30,2026-06-16T07:36:43+05:30
P-0006087,V-08,6,19.084274,72.898361,24.0,2026-06-16T07:36:50+05:30,2026-06-16T07:36:55+05:30
P-0006088,V-08,6,19.084147,72.89853,19.8,2026-06-16T07:37:00+05:30,2026-06-16T07:37:05+05:30
P-0006089,V-08,6,19.084065,72.898457,26.6,2026-06-16T07:37:10+05:30,2026-06-16T07:37:14+05:30
P-0006090,V-08,6,19.08399,72.898215,18.7,2026-06-16T07:37:20+05:30,2026-06-16T07:37:23+05:30
P-0006091,V-08,6,19.083756,72.897762,17.5,2026-06-16T07:37:30+05:30,2026-06-16T07:37:31+05:30
P-0006092,V-08,6,19.083512,72.897913,18.7,2026-06-16T07:37:40+05:30,2026-06-16T07:37:43+05:30
P-0006093,V-08,6,19.083449,72.8976,23.1,2026-06-16T07:37:50+05:30,2026-06-16T07:37:54+05:30
P-0006094,V-08,6,19.083402,72.897459,23.0,2026-06-16T07:38:00+05:30,2026-06-16T07:38:03+05:30
P-0006095,V-08,6,19.083258,72.897443,24.5,2026-06-16T07:38:10+05:30,2026-06-16T07:38:16+05:30
P-0006096,V-08,6,19.083034,72.897141,23.1,2026-06-16T07:38:20+05:30,2026-06-16T07:38:21+05:30
P-0006097,V-08,6,19.083022,72.896996,18.8,2026-06-16T07:38:30+05:30,2026-06-16T07:38:35+05:30
P-0006098,V-08,6,19.082739,72.89691,24.6,2026-06-16T07:38:40+05:30,2026-06-16T07:38:46+05:30
P-0006099,V-08,6,19.082667,72.896848,21.8,2026-06-16T07:38:50+05:30,2026-06-16T07:38:51+05:30
P-0006100,V-08,6,19.082721,72.896709,18.2,2026-06-16T07:39:00+05:30,2026-06-16T07:39:05+05:30
P-0006101,V-08,6,19.082582,72.89647,18.4,2026-06-16T07:39:10+05:30,2026-06-16T07:39:12+05:30
P-0006102,V-08,6,19.082536,72.896391,19.3,2026-06-16T07:39:20+05:30,2026-06-16T07:39:26+05:30
P-0006103,V-08,6,19.082332,72.895991,18.6,2026-06-16T07:39:30+05:30,2026-06-16T07:39:34+05:30
P-0006104,V-08,6,19.08203,72.896174,23.5,2026-06-16T07:39:40+05:30,2026-06-16T07:39:45+05:30
P-0006105,V-08,6,19.082185,72.895946,19.4,2026-06-16T07:39:50+05:30,2026-06-16T07:39:53+05:30
P-0006106,V-08,6,19.08206,72.89567,16.6,2026-06-16T07:40:00+05:30,2026-06-16T07:40:06+05:30
P-0006107,V-08,6,19.081501,72.895721,26.1,2026-06-16T07:40:10+05:30,2026-06-16T07:40:14+05:30
P-0006108,V-08,6,19.081724,72.895625,22.8,2026-06-16T07:40:20+05:30,2026-06-16T07:40:21+05:30
P-0006109,V-08,6,19.081281,72.895203,20.9,2026-06-16T07:40:30+05:30,2026-06-16T07:40:35+05:30
P-0006110,V-08,6,19.081247,72.894963,23.3,2026-06-16T07:40:40+05:30,2026-06-16T07:40:44+05:30
P-0006111,V-08,6,19.081139,72.894937,19.1,2026-06-16T07:40:50+05:30,2026-06-16T07:40:51+05:30
P-0006112,V-08,6,19.080805,72.894982,19.4,2026-06-16T07:41:00+05:30,2026-06-16T07:41:04+05:30
P-0006113,V-08,6,19.080774,72.894815,17.1,2026-06-16T07:41:10+05:30,2026-06-16T07:41:14+05:30
P-0006114,V-08,6,19.081011,72.89438,15.8,2026-06-16T07:41:20+05:30,2026-06-16T07:41:21+05:30
P-0006115,V-08,6,19.080772,72.894562,20.6,2026-06-16T07:41:30+05:30,2026-06-16T07:41:35+05:30
P-0006116,V-08,6,19.080626,72.894169,15.8,2026-06-16T07:41:40+05:30,2026-06-16T07:41:43+05:30
P-0006117,V-08,6,19.08027,72.893796,24.9,2026-06-16T07:41:50+05:30,2026-06-16T07:41:56+05:30
P-0006118,V-08,6,19.080095,72.893697,24.6,2026-06-16T07:42:00+05:30,2026-06-16T07:42:04+05:30
P-0006119,V-08,6,19.080038,72.893719,18.4,2026-06-16T07:42:10+05:30,2026-06-16T07:42:12+05:30
P-0006120,V-08,6,19.080138,72.893584,23.9,2026-06-16T07:42:20+05:30,2026-06-16T07:42:23+05:30
P-0006121,V-08,6,19.080091,72.893258,17.8,2026-06-16T07:42:30+05:30,2026-06-16T07:42:34+05:30
P-0006122,V-08,6,19.07985,72.893123,19.1,2026-06-16T07:42:40+05:30,2026-06-16T07:42:46+05:30
P-0006123,V-08,6,19.079459,72.893233,24.2,2026-06-16T07:42:50+05:30,2026-06-16T07:42:53+05:30
P-0006124,V-08,6,19.079425,72.892918,17.1,2026-06-16T07:43:00+05:30,2026-06-16T07:43:03+05:30
P-0006125,V-08,6,19.07961,72.892729,14.1,2026-06-16T07:43:10+05:30,2026-06-16T07:43:13+05:30
P-0006126,V-08,6,19.079049,72.892532,24.4,2026-06-16T07:43:20+05:30,2026-06-16T07:43:26+05:30
P-0006127,V-08,6,19.079059,72.892533,24.0,2026-06-16T07:43:30+05:30,2026-06-16T07:43:32+05:30
P-0006128,V-08,6,19.07876,72.892343,23.8,2026-06-16T07:43:40+05:30,2026-06-16T07:43:42+05:30
P-0006129,V-08,6,19.078924,72.892,21.9,2026-06-16T07:43:50+05:30,2026-06-16T07:43:54+05:30
P-0006130,V-08,6,19.07896,72.891966,13.3,2026-06-16T07:44:00+05:30,2026-06-16T07:44:04+05:30
P-0006131,V-08,6,19.07838,72.891982,19.1,2026-06-16T07:44:10+05:30,2026-06-16T07:44:16+05:30
P-0006132,V-08,6,19.07856,72.891676,21.2,2026-06-16T07:44:20+05:30,2026-06-16T07:44:25+05:30
P-0006133,V-08,6,19.078402,72.891765,12.9,2026-06-16T07:44:30+05:30,2026-06-16T07:44:32+05:30
P-0006134,V-08,6,19.078077,72.891579,22.8,2026-06-16T07:44:40+05:30,2026-06-16T07:44:44+05:30
P-0006135,V-08,6,19.077855,72.891263,12.4,2026-06-16T07:44:50+05:30,2026-06-16T07:44:56+05:30
P-0006136,V-08,6,19.077958,72.891131,17.1,2026-06-16T07:45:00+05:30,2026-06-16T07:45:01+05:30
P-0006137,V-08,6,19.077789,72.891023,13.1,2026-06-16T07:45:10+05:30,2026-06-16T07:45:14+05:30
P-0006138,V-08,6,19.077764,72.890948,13.8,2026-06-16T07:45:20+05:30,2026-06-16T07:45:25+05:30
P-0006139,V-08,6,19.077805,72.89066,13.0,2026-06-16T07:45:30+05:30,2026-06-16T07:45:36+05:30
P-0006140,V-08,6,19.077759,72.890667,23.3,2026-06-16T07:45:40+05:30,2026-06-16T07:45:41+05:30
P-0006141,V-08,6,19.077361,72.890442,16.0,2026-06-16T07:45:50+05:30,2026-06-16T07:45:56+05:30
P-0006142,V-08,6,19.077325,72.890161,17.9,2026-06-16T07:46:00+05:30,2026-06-16T07:46:02+05:30
P-0006143,V-08,6,19.077362,72.889919,19.7,2026-06-16T07:46:10+05:30,2026-06-16T07:46:14+05:30
P-0006144,V-08,6,19.077225,72.889572,16.3,2026-06-16T07:46:20+05:30,2026-06-16T07:46:25+05:30
P-0006145,V-08,6,19.077395,72.889321,13.1,2026-06-16T07:46:30+05:30,2026-06-16T07:46:34+05:30
P-0006146,V-08,6,19.077328,72.889561,22.6,2026-06-16T07:46:40+05:30,2026-06-16T07:46:45+05:30
P-0006147,V-08,6,19.07718,72.889103,19.3,2026-06-16T07:46:50+05:30,2026-06-16T07:46:56+05:30
P-0006148,V-08,6,19.077089,72.889028,15.3,2026-06-16T07:47:00+05:30,2026-06-16T07:47:04+05:30
P-0006149,V-08,6,19.076596,72.88866,22.2,2026-06-16T07:47:10+05:30,2026-06-16T07:47:14+05:30
P-0006150,V-08,6,19.076756,72.888528,18.9,2026-06-16T07:47:20+05:30,2026-06-16T07:47:24+05:30
P-0006151,V-08,6,19.07686,72.888684,21.8,2026-06-16T07:47:30+05:30,2026-06-16T07:47:35+05:30
P-0006152,V-08,6,19.076565,72.888326,19.8,2026-06-16T07:47:40+05:30,2026-06-16T07:47:44+05:30
P-0006153,V-08,6,19.07666,72.88819,16.2,2026-06-16T07:47:50+05:30,2026-06-16T07:47:52+05:30
P-0006154,V-08,6,19.076411,72.887818,22.8,2026-06-16T07:48:00+05:30,2026-06-16T07:48:04+05:30
P-0006155,V-08,6,19.076177,72.887617,22.1,2026-06-16T07:48:10+05:30,2026-06-16T07:48:15+05:30
P-0006156,V-08,6,19.076351,72.887517,19.8,2026-06-16T07:48:20+05:30,2026-06-16T07:48:25+05:30
P-0006157,V-08,6,19.076343,72.88748,23.7,2026-06-16T07:48:30+05:30,2026-06-16T07:48:34+05:30
P-0006158,V-08,6,19.076025,72.887428,16.1,2026-06-16T07:48:40+05:30,2026-06-16T07:48:42+05:30
P-0006159,V-08,6,19.075989,72.886852,23.6,2026-06-16T07:48:50+05:30,2026-06-16T07:48:53+05:30
P-0006160,V-08,6,19.0759,72.886741,13.9,2026-06-16T07:49:00+05:30,2026-06-16T07:49:05+05:30
P-0006161,V-08,6,19.075593,72.886603,14.1,2026-06-16T07:49:10+05:30,2026-06-16T07:49:11+05:30
P-0006162,V-08,6,19.075919,72.886694,14.2,2026-06-16T07:49:20+05:30,2026-06-16T07:49:23+05:30
P-0006163,V-08,6,19.075404,72.886479,18.9,2026-06-16T07:49:30+05:30,2026-06-16T07:49:32+05:30
P-0006164,V-08,6,19.075682,72.886201,15.7,2026-06-16T07:49:40+05:30,2026-06-16T07:49:44+05:30
P-0006165,V-08,6,19.075536,72.886071,17.2,2026-06-16T07:49:50+05:30,2026-06-16T07:49:52+05:30
P-0006166,V-08,6,19.075555,72.885832,14.8,2026-06-16T07:50:00+05:30,2026-06-16T07:50:01+05:30
P-0006167,V-08,6,19.075118,72.885572,19.7,2026-06-16T07:50:10+05:30,2026-06-16T07:50:15+05:30
P-0006168,V-08,6,19.074949,72.88562,22.7,2026-06-16T07:50:20+05:30,2026-06-16T07:50:26+05:30
P-0006169,V-08,6,19.074781,72.885482,15.2,2026-06-16T07:50:30+05:30,2026-06-16T07:50:31+05:30
P-0006170,V-08,6,19.074697,72.885107,15.7,2026-06-16T07:50:40+05:30,2026-06-16T07:50:46+05:30
P-0006171,V-08,6,19.074692,72.88476,22.8,2026-06-16T07:50:50+05:30,2026-06-16T07:50:54+05:30
P-0006172,V-08,6,19.074753,72.884738,23.5,2026-06-16T07:51:00+05:30,2026-06-16T07:51:06+05:30
P-0006173,V-08,6,19.074582,72.88453,15.9,2026-06-16T07:51:10+05:30,2026-06-16T07:51:12+05:30
P-0006174,V-08,6,19.074519,72.884602,22.9,2026-06-16T07:51:20+05:30,2026-06-16T07:51:26+05:30
P-0006175,V-08,6,19.074624,72.884338,21.3,2026-06-16T07:51:30+05:30,2026-06-16T07:51:34+05:30
P-0006176,V-08,6,19.074348,72.883841,22.4,2026-06-16T07:51:40+05:30,2026-06-16T07:51:42+05:30
P-0006177,V-08,6,19.074196,72.88416,24.7,2026-06-16T07:51:50+05:30,2026-06-16T07:51:53+05:30
P-0006178,V-08,6,19.07422,72.883757,19.5,2026-06-16T07:52:00+05:30,2026-06-16T07:52:04+05:30
P-0006179,V-08,6,19.07404,72.883718,15.9,2026-06-16T07:52:10+05:30,2026-06-16T07:52:13+05:30
P-0006180,V-08,6,19.074006,72.883566,20.3,2026-06-16T07:52:20+05:30,2026-06-16T07:52:25+05:30
P-0006181,V-08,6,19.073782,72.883034,18.9,2026-06-16T07:52:30+05:30,2026-06-16T07:52:35+05:30
P-0006182,V-08,6,19.07352,72.88323,17.3,2026-06-16T07:52:40+05:30,2026-06-16T07:52:43+05:30
P-0006183,V-08,6,19.073404,72.883014,16.0,2026-06-16T07:52:50+05:30,2026-06-16T07:52:53+05:30
P-0006184,V-08,6,19.073627,72.882869,14.5,2026-06-16T07:53:00+05:30,2026-06-16T07:53:01+05:30
P-0006185,V-08,6,19.073495,72.882492,23.8,2026-06-16T07:53:10+05:30,2026-06-16T07:53:12+05:30
P-0006186,V-08,6,19.073195,72.882186,14.9,2026-06-16T07:53:20+05:30,2026-06-16T07:53:21+05:30
P-0006187,V-08,6,19.073332,72.882236,21.1,2026-06-16T07:53:30+05:30,2026-06-16T07:53:35+05:30
P-0006188,V-08,6,19.072873,72.881969,18.6,2026-06-16T07:53:40+05:30,2026-06-16T07:53:41+05:30
P-0006189,V-08,6,19.072919,72.881634,20.0,2026-06-16T07:53:50+05:30,2026-06-16T07:53:56+05:30
P-0006190,V-08,6,19.072651,72.881492,26.0,2026-06-16T07:54:00+05:30,2026-06-16T07:54:01+05:30
P-0006191,V-08,6,19.072914,72.881413,14.6,2026-06-16T07:54:10+05:30,2026-06-16T07:54:11+05:30
P-0006192,V-08,6,19.072816,72.881613,16.0,2026-06-16T07:54:20+05:30,2026-06-16T07:54:24+05:30
P-0006193,V-08,6,19.072492,72.881319,17.9,2026-06-16T07:54:30+05:30,2026-06-16T07:54:35+05:30
P-0006194,V-08,6,19.072558,72.880865,22.9,2026-06-16T07:54:40+05:30,2026-06-16T07:54:44+05:30
P-0006195,V-08,6,19.072281,72.880921,19.7,2026-06-16T07:54:50+05:30,2026-06-16T07:54:55+05:30
P-0006196,V-08,6,19.072308,72.880491,23.5,2026-06-16T07:55:00+05:30,2026-06-16T07:55:02+05:30
P-0006197,V-08,6,19.07193,72.880297,26.7,2026-06-16T07:55:10+05:30,2026-06-16T07:55:15+05:30
P-0006198,V-08,6,19.071964,72.880274,22.1,2026-06-16T07:55:20+05:30,2026-06-16T07:55:23+05:30
P-0006199,V-08,6,19.07194,72.880323,17.0,2026-06-16T07:55:30+05:30,2026-06-16T07:55:35+05:30
P-0006200,V-08,6,19.071796,72.880216,21.0,2026-06-16T07:55:40+05:30,2026-06-16T07:55:45+05:30
P-0006201,V-08,6,19.071705,72.87965,16.0,2026-06-16T07:55:50+05:30,2026-06-16T07:55:54+05:30
P-0006202,V-08,6,19.071559,72.879451,22.9,2026-06-16T07:56:00+05:30,2026-06-16T07:56:01+05:30
P-0006203,V-08,6,19.071532,72.879354,21.2,2026-06-16T07:56:10+05:30,2026-06-16T07:56:13+05:30
P-0006204,V-08,6,19.071375,72.879461,20.5,2026-06-16T07:56:20+05:30,2026-06-16T07:56:25+05:30
P-0006205,V-08,6,19.071106,72.879,28.1,2026-06-16T07:56:30+05:30,2026-06-16T07:56:32+05:30
P-0006206,V-08,6,19.07137,72.879108,20.4,2026-06-16T07:56:40+05:30,2026-06-16T07:56:42+05:30
P-0006207,V-08,6,19.07114,72.878772,25.4,2026-06-16T07:56:50+05:30,2026-06-16T07:56:53+05:30
P-0006208,V-08,6,19.070845,72.878545,27.0,2026-06-16T07:57:00+05:30,2026-06-16T07:57:06+05:30
P-0006209,V-08,6,19.070635,72.87834,21.4,2026-06-16T07:57:10+05:30,2026-06-16T07:57:14+05:30
P-0006210,V-08,6,19.070847,72.87847,23.7,2026-06-16T07:57:20+05:30,2026-06-16T07:57:24+05:30
P-0006211,V-08,6,19.070441,72.878392,18.0,2026-06-16T07:57:30+05:30,2026-06-16T07:57:34+05:30
P-0006212,V-08,6,19.07049,72.87782,25.4,2026-06-16T07:57:40+05:30,2026-06-16T07:57:45+05:30
P-0006213,V-08,6,19.070275,72.877555,18.9,2026-06-16T07:57:50+05:30,2026-06-16T07:57:56+05:30
P-0006214,V-08,6,19.070351,72.877414,21.1,2026-06-16T07:58:00+05:30,2026-06-16T07:58:02+05:30
P-0006215,V-08,6,19.070141,72.877423,27.5,2026-06-16T07:58:10+05:30,2026-06-16T07:58:11+05:30
P-0006216,V-08,6,19.070284,72.877466,27.4,2026-06-16T07:58:20+05:30,2026-06-16T07:58:23+05:30
P-0006217,V-08,6,19.070266,72.876948,23.0,2026-06-16T07:58:30+05:30,2026-06-16T07:58:34+05:30
P-0006218,V-08,6,19.069779,72.876825,24.4,2026-06-16T07:58:40+05:30,2026-06-16T07:58:43+05:30
P-0006219,V-08,6,19.070029,72.876936,30.1,2026-06-16T07:58:50+05:30,2026-06-16T07:58:51+05:30
P-0006220,V-08,6,19.069625,72.876465,21.2,2026-06-16T07:59:00+05:30,2026-06-16T07:59:04+05:30
P-0006221,V-08,6,19.069926,72.87652,24.4,2026-06-16T07:59:10+05:30,2026-06-16T07:59:14+05:30
P-0006222,V-08,6,19.069611,72.87618,27.5,2026-06-16T07:59:20+05:30,2026-06-16T07:59:22+05:30
P-0006223,V-08,6,19.069801,72.875894,19.1,2026-06-16T07:59:30+05:30,2026-06-16T07:59:32+05:30
P-0006224,V-08,6,19.069457,72.875909,22.8,2026-06-16T07:59:40+05:30,2026-06-16T07:59:41+05:30
P-0006225,V-08,6,19.069289,72.875529,27.4,2026-06-16T07:59:50+05:30,2026-06-16T07:59:55+05:30
P-0006226,V-08,6,19.069097,72.875563,23.1,2026-06-16T08:00:00+05:30,2026-06-16T08:00:05+05:30
P-0006227,V-08,6,19.068981,72.875458,23.2,2026-06-16T08:00:10+05:30,2026-06-16T08:00:12+05:30
P-0006228,V-08,6,19.06913,72.875275,25.5,2026-06-16T08:00:20+05:30,2026-06-16T08:00:25+05:30
P-0006229,V-08,6,19.068885,72.874927,31.2,2026-06-16T08:00:30+05:30,2026-06-16T08:00:35+05:30
P-0006230,V-08,6,19.068765,72.874903,30.6,2026-06-16T08:00:40+05:30,2026-06-16T08:00:44+05:30
P-0006231,V-08,6,19.068716,72.8748,27.1,2026-06-16T08:00:50+05:30,2026-06-16T08:00:54+05:30
P-0006232,V-08,6,19.068584,72.87416,31.7,2026-06-16T08:01:00+05:30,2026-06-16T08:01:05+05:30
P-0006233,V-08,6,19.06848,72.874165,30.7,2026-06-16T08:01:10+05:30,2026-06-16T08:01:16+05:30
P-0006234,V-08,6,19.068849,72.87398,24.6,2026-06-16T08:01:20+05:30,2026-06-16T08:01:26+05:30
P-0006235,V-08,6,19.068432,72.874005,30.9,2026-06-16T08:01:30+05:30,2026-06-16T08:01:36+05:30
P-0006236,V-08,6,19.068634,72.873524,27.8,2026-06-16T08:01:40+05:30,2026-06-16T08:01:44+05:30
P-0006237,V-08,6,19.06844,72.873501,24.3,2026-06-16T08:01:50+05:30,2026-06-16T08:01:54+05:30
P-0006238,V-08,6,19.068087,72.873539,24.2,2026-06-16T08:02:00+05:30,2026-06-16T08:02:02+05:30
P-0006239,V-08,6,19.068396,72.873341,30.3,2026-06-16T08:02:10+05:30,2026-06-16T08:02:14+05:30
P-0006240,V-08,6,19.067883,72.873123,29.0,2026-06-16T08:02:20+05:30,2026-06-16T08:02:25+05:30
P-0006241,V-08,6,19.068008,72.872977,33.6,2026-06-16T08:02:30+05:30,2026-06-16T08:02:34+05:30
P-0006242,V-08,6,19.067912,72.872709,32.3,2026-06-16T08:02:40+05:30,2026-06-16T08:02:41+05:30
P-0006243,V-08,6,19.067641,72.872652,32.4,2026-06-16T08:02:50+05:30,2026-06-16T08:02:53+05:30
P-0006244,V-08,6,19.067646,72.872281,26.6,2026-06-16T08:03:00+05:30,2026-06-16T08:03:03+05:30
P-0006245,V-08,6,19.067578,72.872268,31.2,2026-06-16T08:03:10+05:30,2026-06-16T08:03:15+05:30
P-0006246,V-08,6,19.067345,72.872114,32.6,2026-06-16T08:03:20+05:30,2026-06-16T08:03:21+05:30
P-0006247,V-08,6,19.067623,72.871523,31.5,2026-06-16T08:03:30+05:30,2026-06-16T08:03:35+05:30
P-0006248,V-08,6,19.067414,72.871608,31.5,2026-06-16T08:03:40+05:30,2026-06-16T08:03:44+05:30
P-0006249,V-08,6,19.067527,72.871547,29.4,2026-06-16T08:03:50+05:30,2026-06-16T08:03:52+05:30
P-0006250,V-08,6,19.067268,72.871308,24.9,2026-06-16T08:04:00+05:30,2026-06-16T08:04:06+05:30
P-0006251,V-08,6,19.067183,72.870832,34.3,2026-06-16T08:04:10+05:30,2026-06-16T08:04:13+05:30
P-0006252,V-08,6,19.067186,72.87056,28.7,2026-06-16T08:04:20+05:30,2026-06-16T08:04:23+05:30
P-0006253,V-08,6,19.066833,72.870683,34.6,2026-06-16T08:04:30+05:30,2026-06-16T08:04:33+05:30
P-0006254,V-08,6,19.067042,72.870298,25.9,2026-06-16T08:04:40+05:30,2026-06-16T08:04:44+05:30
P-0006255,V-08,6,19.066718,72.870383,30.8,2026-06-16T08:04:50+05:30,2026-06-16T08:04:54+05:30
P-0006256,V-08,6,19.066657,72.870143,30.3,2026-06-16T08:05:00+05:30,2026-06-16T08:05:02+05:30
P-0006257,V-08,6,19.066581,72.869939,25.3,2026-06-16T08:05:10+05:30,2026-06-16T08:05:11+05:30
P-0006258,V-08,6,19.066714,72.869565,35.8,2026-06-16T08:05:20+05:30,2026-06-16T08:05:23+05:30
P-0006259,V-08,6,19.066658,72.869543,34.4,2026-06-16T08:05:30+05:30,2026-06-16T08:05:34+05:30
P-0006260,V-08,6,19.066201,72.86951,30.5,2026-06-16T08:05:40+05:30,2026-06-16T08:05:41+05:30
P-0006261,V-08,6,19.066331,72.869143,31.4,2026-06-16T08:05:50+05:30,2026-06-16T08:05:55+05:30
P-0006262,V-08,6,19.066066,72.869002,37.1,2026-06-16T08:06:00+05:30,2026-06-16T08:06:06+05:30
P-0006263,V-04,5,19.204206,72.852678,31.6,2026-06-16T06:43:00+05:30,2026-06-16T07:30:06+05:30
P-0006264,V-04,5,19.203713,72.852391,30.1,2026-06-16T06:43:10+05:30,2026-06-16T07:30:15+05:30
P-0006265,V-04,5,19.203192,72.852323,31.8,2026-06-16T06:43:20+05:30,2026-06-16T07:30:22+05:30
P-0006266,V-04,5,19.202851,72.852778,30.4,2026-06-16T06:43:30+05:30,2026-06-16T07:30:35+05:30
P-0006267,V-04,5,19.202192,72.852395,33.9,2026-06-16T06:43:40+05:30,2026-06-16T07:30:43+05:30
P-0006268,V-04,5,19.201806,72.85247,28.0,2026-06-16T06:43:50+05:30,2026-06-16T07:30:52+05:30
P-0006269,V-04,5,19.201654,72.852468,35.2,2026-06-16T06:44:00+05:30,2026-06-16T07:31:01+05:30
P-0006270,V-04,5,19.200992,72.852589,30.8,2026-06-16T06:44:10+05:30,2026-06-16T07:31:11+05:30
P-0006271,V-04,5,19.200566,72.852389,32.6,2026-06-16T06:44:20+05:30,2026-06-16T07:31:25+05:30
P-0006272,V-04,5,19.199966,72.852787,26.8,2026-06-16T06:44:30+05:30,2026-06-16T07:31:35+05:30
P-0006273,V-04,5,19.199634,72.852603,34.4,2026-06-16T06:44:40+05:30,2026-06-16T07:31:42+05:30
P-0006274,V-04,5,19.199009,72.852478,36.2,2026-06-16T06:44:50+05:30,2026-06-16T07:31:56+05:30
P-0006275,V-04,5,19.198912,72.852542,31.4,2026-06-16T06:45:00+05:30,2026-06-16T07:32:02+05:30
P-0006276,V-04,5,19.1982,72.852805,29.5,2026-06-16T06:45:10+05:30,2026-06-16T07:32:11+05:30
P-0006277,V-04,5,19.198039,72.852862,31.4,2026-06-16T06:45:20+05:30,2026-06-16T07:32:25+05:30
P-0006278,V-04,5,19.197283,72.852786,30.1,2026-06-16T06:45:30+05:30,2026-06-16T07:32:35+05:30
P-0006279,V-04,5,19.196966,72.8529,30.3,2026-06-16T06:45:40+05:30,2026-06-16T07:32:46+05:30
P-0006280,V-04,5,19.196756,72.852728,28.6,2026-06-16T06:45:50+05:30,2026-06-16T07:32:52+05:30
P-0006281,V-04,5,19.195999,72.852546,29.0,2026-06-16T06:46:00+05:30,2026-06-16T07:33:05+05:30
P-0006282,V-04,5,19.195751,72.852849,27.4,2026-06-16T06:46:10+05:30,2026-06-16T07:33:11+05:30
P-0006283,V-04,5,19.195332,72.8527,30.5,2026-06-16T06:46:20+05:30,2026-06-16T07:33:25+05:30
P-0006284,V-04,5,19.194519,72.852723,28.3,2026-06-16T06:46:30+05:30,2026-06-16T07:33:34+05:30
P-0006285,V-04,5,19.194303,72.85255,29.3,2026-06-16T06:46:40+05:30,2026-06-16T07:33:42+05:30
P-0006286,V-04,5,19.193577,72.852681,29.1,2026-06-16T06:46:50+05:30,2026-06-16T07:33:56+05:30
P-0006287,V-04,5,19.193382,72.852684,28.3,2026-06-16T06:47:00+05:30,2026-06-16T07:34:06+05:30
P-0006288,V-04,5,19.192767,72.853035,31.9,2026-06-16T06:47:10+05:30,2026-06-16T07:34:12+05:30
P-0006289,V-04,5,19.192475,72.852942,33.1,2026-06-16T06:47:20+05:30,2026-06-16T07:34:26+05:30
P-0006290,V-04,5,19.192182,72.853027,34.1,2026-06-16T06:47:30+05:30,2026-06-16T07:34:35+05:30
P-0006291,V-04,5,19.191288,72.852739,30.1,2026-06-16T06:47:40+05:30,2026-06-16T07:34:41+05:30
P-0006292,V-04,5,19.190953,72.853121,34.5,2026-06-16T06:47:50+05:30,2026-06-16T07:34:51+05:30
P-0006293,V-04,5,19.19059,72.852958,27.1,2026-06-16T06:48:00+05:30,2026-06-16T07:35:01+05:30
P-0006294,V-04,5,19.190184,72.852751,29.9,2026-06-16T06:48:10+05:30,2026-06-16T07:35:15+05:30
P-0006295,V-04,5,19.18949,72.852991,27.9,2026-06-16T06:48:20+05:30,2026-06-16T07:35:21+05:30
P-0006296,V-04,5,19.189335,72.852868,26.4,2026-06-16T06:48:30+05:30,2026-06-16T07:35:32+05:30
P-0006297,V-04,5,19.188646,72.853099,23.7,2026-06-16T06:48:40+05:30,2026-06-16T07:35:44+05:30
P-0006298,V-04,5,19.188233,72.853033,31.0,2026-06-16T06:48:50+05:30,2026-06-16T07:35:51+05:30
P-0006299,V-04,5,19.187749,72.85318,26.7,2026-06-16T06:49:00+05:30,2026-06-16T07:36:06+05:30
P-0006300,V-04,5,19.187388,72.852895,26.8,2026-06-16T06:49:10+05:30,2026-06-16T07:36:12+05:30
P-0006301,V-04,5,19.186818,72.852819,23.7,2026-06-16T06:49:20+05:30,2026-06-16T07:36:25+05:30
P-0006302,V-04,5,19.186443,72.852848,23.3,2026-06-16T06:49:30+05:30,2026-06-16T07:36:34+05:30
P-0006303,V-04,5,19.186002,72.852916,22.7,2026-06-16T06:49:40+05:30,2026-06-16T07:36:43+05:30
P-0006304,V-04,5,19.185542,72.852975,29.9,2026-06-16T06:49:50+05:30,2026-06-16T07:36:53+05:30
P-0006305,V-04,5,19.185402,72.853132,32.1,2026-06-16T06:50:00+05:30,2026-06-16T07:37:02+05:30
P-0006306,V-04,5,19.184681,72.852972,31.5,2026-06-16T06:50:10+05:30,2026-06-16T07:37:12+05:30
P-0006307,V-04,5,19.184138,72.853066,31.9,2026-06-16T06:50:20+05:30,2026-06-16T07:37:24+05:30
P-0006308,V-04,5,19.183587,72.853097,28.0,2026-06-16T06:50:30+05:30,2026-06-16T07:37:34+05:30
P-0006309,V-04,5,19.18358,72.852922,26.0,2026-06-16T06:50:40+05:30,2026-06-16T07:37:45+05:30
P-0006310,V-04,5,19.183067,72.853284,27.5,2026-06-16T06:50:50+05:30,2026-06-16T07:37:51+05:30
P-0006311,V-04,5,19.182387,72.853268,23.8,2026-06-16T06:51:00+05:30,2026-06-16T07:38:01+05:30
P-0006312,V-04,5,19.182006,72.85307,30.7,2026-06-16T06:51:10+05:30,2026-06-16T07:38:11+05:30
P-0006313,V-04,5,19.181353,72.853159,29.3,2026-06-16T06:51:20+05:30,2026-06-16T07:38:26+05:30
P-0006314,V-04,5,19.181331,72.852581,30.9,2026-06-16T06:51:30+05:30,2026-06-16T07:38:33+05:30
P-0006315,V-04,5,19.180669,72.852412,30.0,2026-06-16T06:51:40+05:30,2026-06-16T07:38:41+05:30
P-0006316,V-04,5,19.180438,72.852583,25.8,2026-06-16T06:51:50+05:30,2026-06-16T07:38:54+05:30
P-0006317,V-04,5,19.179699,72.85231,31.4,2026-06-16T06:52:00+05:30,2026-06-16T07:39:06+05:30
P-0006318,V-04,5,19.179485,72.852287,24.5,2026-06-16T06:52:10+05:30,2026-06-16T07:39:13+05:30
P-0006319,V-04,5,19.178803,72.852024,22.7,2026-06-16T06:52:20+05:30,2026-06-16T07:39:21+05:30
P-0006320,V-04,5,19.178541,72.852176,31.4,2026-06-16T06:52:30+05:30,2026-06-16T07:39:36+05:30
P-0006321,V-04,5,19.178305,72.851926,21.8,2026-06-16T06:52:40+05:30,2026-06-16T07:39:44+05:30
P-0006322,V-04,5,19.177559,72.851523,25.2,2026-06-16T06:52:50+05:30,2026-06-16T07:39:51+05:30
P-0006323,V-04,5,19.177045,72.851562,26.9,2026-06-16T06:53:00+05:30,2026-06-16T07:40:06+05:30
P-0006324,V-04,5,19.177003,72.851671,30.6,2026-06-16T06:53:10+05:30,2026-06-16T07:40:12+05:30
P-0006325,V-04,5,19.176155,72.851588,21.2,2026-06-16T06:53:20+05:30,2026-06-16T07:40:25+05:30
P-0006326,V-04,5,19.176201,72.851388,25.6,2026-06-16T06:53:30+05:30,2026-06-16T07:40:34+05:30
P-0006327,V-04,5,19.175549,72.851108,21.2,2026-06-16T06:53:40+05:30,2026-06-16T07:40:45+05:30
P-0006328,V-04,5,19.175226,72.851067,22.5,2026-06-16T06:53:50+05:30,2026-06-16T07:40:55+05:30
P-0006329,V-04,5,19.17473,72.85092,23.3,2026-06-16T06:54:00+05:30,2026-06-16T07:41:02+05:30
P-0006330,V-04,5,19.174192,72.850785,26.4,2026-06-16T06:54:10+05:30,2026-06-16T07:41:16+05:30
P-0006331,V-04,5,19.1736,72.850652,28.5,2026-06-16T06:54:20+05:30,2026-06-16T07:41:26+05:30
P-0006332,V-04,5,19.173198,72.850351,29.5,2026-06-16T06:54:30+05:30,2026-06-16T07:41:31+05:30
P-0006333,V-04,5,19.172878,72.850473,30.1,2026-06-16T06:54:40+05:30,2026-06-16T07:41:41+05:30
P-0006334,V-04,5,19.172666,72.850165,23.2,2026-06-16T06:54:50+05:30,2026-06-16T07:41:54+05:30
P-0006335,V-04,5,19.172052,72.850086,28.6,2026-06-16T06:55:00+05:30,2026-06-16T07:42:02+05:30
P-0006336,V-04,5,19.171649,72.84974,29.0,2026-06-16T06:55:10+05:30,2026-06-16T07:42:15+05:30
P-0006337,V-04,5,19.1713,72.849901,24.5,2026-06-16T06:55:20+05:30,2026-06-16T07:42:23+05:30
P-0006338,V-04,5,19.170792,72.849819,21.5,2026-06-16T06:55:30+05:30,2026-06-16T07:42:31+05:30
P-0006339,V-04,5,19.170448,72.8496,25.1,2026-06-16T06:55:40+05:30,2026-06-16T07:42:45+05:30
P-0006340,V-04,5,19.169824,72.849416,20.2,2026-06-16T06:55:50+05:30,2026-06-16T07:42:55+05:30
P-0006341,V-04,5,19.169612,72.849428,18.8,2026-06-16T06:56:00+05:30,2026-06-16T07:43:04+05:30
P-0006342,V-04,5,19.169134,72.84888,25.8,2026-06-16T06:56:10+05:30,2026-06-16T07:43:11+05:30
P-0006343,V-04,5,19.16846,72.848836,21.7,2026-06-16T06:56:20+05:30,2026-06-16T07:43:26+05:30
P-0006344,V-04,5,19.168317,72.849084,23.3,2026-06-16T06:56:30+05:30,2026-06-16T07:43:35+05:30
P-0006345,V-04,5,19.16785,72.848501,19.6,2026-06-16T06:56:40+05:30,2026-06-16T07:43:45+05:30
P-0006346,V-04,5,19.167063,72.848343,22.0,2026-06-16T06:56:50+05:30,2026-06-16T07:43:51+05:30
P-0006347,V-04,5,19.1667,72.848291,19.1,2026-06-16T06:57:00+05:30,2026-06-16T07:44:02+05:30
P-0006348,V-04,5,19.166517,72.848304,30.1,2026-06-16T06:57:10+05:30,2026-06-16T07:44:11+05:30
P-0006349,V-04,5,19.166128,72.848094,28.2,2026-06-16T06:57:20+05:30,2026-06-16T07:44:21+05:30
P-0006350,V-04,5,19.165428,72.848004,25.1,2026-06-16T06:57:30+05:30,2026-06-16T07:44:32+05:30
P-0006351,V-04,5,19.165127,72.84781,23.8,2026-06-16T06:57:40+05:30,2026-06-16T07:44:44+05:30
P-0006352,V-04,5,19.164727,72.847569,18.6,2026-06-16T06:57:50+05:30,2026-06-16T07:44:54+05:30
P-0006353,V-04,5,19.164333,72.847874,23.7,2026-06-16T06:58:00+05:30,2026-06-16T07:45:05+05:30
P-0006354,V-04,5,19.163881,72.84765,17.9,2026-06-16T06:58:10+05:30,2026-06-16T07:45:14+05:30
P-0006355,V-04,5,19.16364,72.847594,25.8,2026-06-16T06:58:20+05:30,2026-06-16T07:45:24+05:30
P-0006356,V-04,5,19.162881,72.847271,27.9,2026-06-16T06:58:30+05:30,2026-06-16T07:45:34+05:30
P-0006357,V-04,5,19.162746,72.847072,18.2,2026-06-16T06:58:40+05:30,2026-06-16T07:45:44+05:30
P-0006358,V-04,5,19.161898,72.846906,26.6,2026-06-16T06:58:50+05:30,2026-06-16T07:45:52+05:30
P-0006359,V-04,5,19.161779,72.846946,17.7,2026-06-16T06:59:00+05:30,2026-06-16T07:46:05+05:30
P-0006360,V-04,5,19.161171,72.846966,23.5,2026-06-16T06:59:10+05:30,2026-06-16T07:46:15+05:30
P-0006361,V-04,5,19.16091,72.846785,23.5,2026-06-16T06:59:20+05:30,2026-06-16T07:46:24+05:30
P-0006362,V-04,5,19.160379,72.846432,28.3,2026-06-16T06:59:30+05:30,2026-06-16T07:46:31+05:30
P-0006363,V-04,5,19.159854,72.846647,25.1,2026-06-16T06:59:40+05:30,2026-06-16T07:46:45+05:30
P-0006364,V-04,5,19.159567,72.846712,23.1,2026-06-16T06:59:50+05:30,2026-06-16T07:46:53+05:30
P-0006365,V-04,5,19.159181,72.846288,26.6,2026-06-16T07:00:00+05:30,2026-06-16T07:47:03+05:30
P-0006366,V-04,5,19.158472,72.846256,26.7,2026-06-16T07:00:10+05:30,2026-06-16T07:47:16+05:30
P-0006367,V-04,5,19.158102,72.846195,26.4,2026-06-16T07:00:20+05:30,2026-06-16T07:47:26+05:30
P-0006368,V-04,5,19.157816,72.846289,18.2,2026-06-16T07:00:30+05:30,2026-06-16T07:47:32+05:30
P-0006369,V-04,5,19.156972,72.846159,18.3,2026-06-16T07:00:40+05:30,2026-06-16T07:47:45+05:30
P-0006370,V-04,5,19.156967,72.846465,21.7,2026-06-16T07:00:50+05:30,2026-06-16T07:47:53+05:30
P-0006371,V-04,5,19.156455,72.846231,25.3,2026-06-16T07:01:00+05:30,2026-06-16T07:48:03+05:30
P-0006372,V-04,5,19.155679,72.846414,18.7,2026-06-16T07:01:10+05:30,2026-06-16T07:48:11+05:30
P-0006373,V-04,5,19.155342,72.846129,19.3,2026-06-16T07:01:20+05:30,2026-06-16T07:48:23+05:30
P-0006374,V-04,5,19.154706,72.846063,19.7,2026-06-16T07:01:30+05:30,2026-06-16T07:48:34+05:30
P-0006375,V-04,5,19.154449,72.845954,27.6,2026-06-16T07:01:40+05:30,2026-06-16T07:48:43+05:30
P-0006376,V-04,5,19.153914,72.846196,23.8,2026-06-16T07:01:50+05:30,2026-06-16T07:48:56+05:30
P-0006377,V-04,5,19.153762,72.846067,25.9,2026-06-16T07:02:00+05:30,2026-06-16T07:49:06+05:30
P-0006378,V-04,5,19.153195,72.845835,22.4,2026-06-16T07:02:10+05:30,2026-06-16T07:49:14+05:30
P-0006379,V-04,5,19.152615,72.845703,22.5,2026-06-16T07:02:20+05:30,2026-06-16T07:49:21+05:30
P-0006380,V-04,5,19.152162,72.84574,26.5,2026-06-16T07:02:30+05:30,2026-06-16T07:49:35+05:30
P-0006381,V-04,5,19.151751,72.845649,24.4,2026-06-16T07:02:40+05:30,2026-06-16T07:49:46+05:30
P-0006382,V-04,5,19.151566,72.845721,24.1,2026-06-16T07:02:50+05:30,2026-06-16T07:49:55+05:30
P-0006383,V-04,5,19.150707,72.845777,23.3,2026-06-16T07:03:00+05:30,2026-06-16T07:50:01+05:30
P-0006384,V-04,5,19.150542,72.845745,18.9,2026-06-16T07:03:10+05:30,2026-06-16T07:50:15+05:30
P-0006385,V-04,5,19.150164,72.845692,26.5,2026-06-16T07:03:20+05:30,2026-06-16T07:50:23+05:30
P-0006386,V-04,5,19.149461,72.845655,20.5,2026-06-16T07:03:30+05:30,2026-06-16T07:50:31+05:30
P-0006387,V-04,5,19.148881,72.845614,23.3,2026-06-16T07:03:40+05:30,2026-06-16T07:50:46+05:30
P-0006388,V-04,5,19.148509,72.84574,25.2,2026-06-16T07:03:50+05:30,2026-06-16T07:50:51+05:30
P-0006389,V-04,5,19.148173,72.845433,23.0,2026-06-16T07:04:00+05:30,2026-06-16T07:51:02+05:30
P-0006390,V-04,5,19.14794,72.845385,25.2,2026-06-16T07:04:10+05:30,2026-06-16T07:51:11+05:30
P-0006391,V-04,5,19.147113,72.845153,16.1,2026-06-16T07:04:20+05:30,2026-06-16T07:51:23+05:30
P-0006392,V-04,5,19.147059,72.845393,26.2,2026-06-16T07:04:30+05:30,2026-06-16T07:51:36+05:30
P-0006393,V-04,5,19.146622,72.845512,23.0,2026-06-16T07:04:40+05:30,2026-06-16T07:51:41+05:30
P-0006394,V-04,5,19.145831,72.845161,18.4,2026-06-16T07:04:50+05:30,2026-06-16T07:51:54+05:30
P-0006395,V-04,5,19.145588,72.845373,25.9,2026-06-16T07:05:00+05:30,2026-06-16T07:52:05+05:30
P-0006396,V-04,5,19.145248,72.845141,24.7,2026-06-16T07:05:10+05:30,2026-06-16T07:52:16+05:30
P-0006397,V-04,5,19.144583,72.84517,16.9,2026-06-16T07:05:20+05:30,2026-06-16T07:52:22+05:30
P-0006398,V-04,5,19.14417,72.844943,19.9,2026-06-16T07:05:30+05:30,2026-06-16T07:52:34+05:30
P-0006399,V-04,5,19.143886,72.844849,18.6,2026-06-16T07:05:40+05:30,2026-06-16T07:52:43+05:30
P-0006400,V-04,5,19.143329,72.844786,18.5,2026-06-16T07:05:50+05:30,2026-06-16T07:52:56+05:30
P-0006401,V-04,5,19.142541,72.845086,16.6,2026-06-16T07:06:00+05:30,2026-06-16T07:53:01+05:30
P-0006402,V-04,5,19.142517,72.84473,19.2,2026-06-16T07:06:10+05:30,2026-06-16T07:53:14+05:30
P-0006403,V-04,5,19.141747,72.844871,22.2,2026-06-16T07:06:20+05:30,2026-06-16T07:53:24+05:30
P-0006404,V-04,5,19.141283,72.845025,26.0,2026-06-16T07:06:30+05:30,2026-06-16T07:53:32+05:30
P-0006405,V-04,5,19.140816,72.844968,20.0,2026-06-16T07:06:40+05:30,2026-06-16T07:53:44+05:30
P-0006406,V-04,5,19.14049,72.844901,24.9,2026-06-16T07:06:50+05:30,2026-06-16T07:53:54+05:30
P-0006407,V-04,5,19.139976,72.844686,25.5,2026-06-16T07:07:00+05:30,2026-06-16T07:54:05+05:30
P-0006408,V-04,5,19.139471,72.844626,17.5,2026-06-16T07:07:10+05:30,2026-06-16T07:54:16+05:30
P-0006409,V-04,5,19.13914,72.844718,21.4,2026-06-16T07:07:20+05:30,2026-06-16T07:54:22+05:30
P-0006410,V-04,5,19.1389,72.844367,22.8,2026-06-16T07:07:30+05:30,2026-06-16T07:54:36+05:30
P-0006411,V-04,5,19.138397,72.844617,19.4,2026-06-16T07:07:40+05:30,2026-06-16T07:54:43+05:30
P-0006412,V-04,5,19.137581,72.844487,20.7,2026-06-16T07:07:50+05:30,2026-06-16T07:54:53+05:30
P-0006413,V-04,5,19.137401,72.844653,25.4,2026-06-16T07:08:00+05:30,2026-06-16T07:55:04+05:30
P-0006414,V-04,5,19.136917,72.844343,24.6,2026-06-16T07:08:10+05:30,2026-06-16T07:55:11+05:30
P-0006415,V-04,5,19.13666,72.844376,22.5,2026-06-16T07:08:20+05:30,2026-06-16T07:55:23+05:30
P-0006416,V-04,5,19.136068,72.844391,18.6,2026-06-16T07:08:30+05:30,2026-06-16T07:55:33+05:30
P-0006417,V-04,5,19.135616,72.844334,18.1,2026-06-16T07:08:40+05:30,2026-06-16T07:55:43+05:30
P-0006418,V-04,5,19.135318,72.844143,21.0,2026-06-16T07:08:50+05:30,2026-06-16T07:55:55+05:30
P-0006419,V-04,5,19.1348,72.844541,17.7,2026-06-16T07:09:00+05:30,2026-06-16T07:56:05+05:30
P-0006420,V-04,5,19.134232,72.844341,25.0,2026-06-16T07:09:10+05:30,2026-06-16T07:56:15+05:30
P-0006421,V-04,5,19.133673,72.844487,17.3,2026-06-16T07:09:20+05:30,2026-06-16T07:56:24+05:30
P-0006422,V-04,5,19.133158,72.844416,16.2,2026-06-16T07:09:30+05:30,2026-06-16T07:56:31+05:30
P-0006423,V-04,5,19.132927,72.844648,13.9,2026-06-16T07:09:40+05:30,2026-06-16T07:56:45+05:30
P-0006424,V-04,5,19.132382,72.844309,18.0,2026-06-16T07:09:50+05:30,2026-06-16T07:56:51+05:30
P-0006425,V-04,5,19.13192,72.844726,18.5,2026-06-16T07:10:00+05:30,2026-06-16T07:57:03+05:30
P-0006426,V-04,5,19.13132,72.844673,23.5,2026-06-16T07:10:10+05:30,2026-06-16T07:57:12+05:30
P-0006427,V-04,5,19.130968,72.844717,16.0,2026-06-16T07:10:20+05:30,2026-06-16T07:57:25+05:30
P-0006428,V-04,5,19.130818,72.844625,14.3,2026-06-16T07:10:30+05:30,2026-06-16T07:57:35+05:30
P-0006429,V-04,5,19.129894,72.844812,22.3,2026-06-16T07:10:40+05:30,2026-06-16T07:57:46+05:30
P-0006430,V-04,5,19.129592,72.844776,20.7,2026-06-16T07:10:50+05:30,2026-06-16T07:57:53+05:30
P-0006431,V-04,5,19.129115,72.844513,18.3,2026-06-16T07:11:00+05:30,2026-06-16T07:58:04+05:30
P-0006432,V-04,5,19.128965,72.844762,21.2,2026-06-16T07:11:10+05:30,2026-06-16T07:58:15+05:30
P-0006433,V-04,5,19.128185,72.844663,22.8,2026-06-16T07:11:20+05:30,2026-06-16T07:58:21+05:30
P-0006434,V-04,5,19.12782,72.844928,20.7,2026-06-16T07:11:30+05:30,2026-06-16T07:58:36+05:30
P-0006435,V-04,5,19.127287,72.845087,19.3,2026-06-16T07:11:40+05:30,2026-06-16T07:58:46+05:30
P-0006436,V-04,5,19.127083,72.844963,16.9,2026-06-16T07:11:50+05:30,2026-06-16T07:58:52+05:30
P-0006437,V-04,5,19.126387,72.845075,20.9,2026-06-16T07:12:00+05:30,2026-06-16T07:59:03+05:30
P-0006438,V-04,5,19.126071,72.844991,15.1,2026-06-16T07:12:10+05:30,2026-06-16T07:59:14+05:30
P-0006439,V-04,5,19.125418,72.845157,18.4,2026-06-16T07:12:20+05:30,2026-06-16T07:59:26+05:30
P-0006440,V-04,5,19.125102,72.845065,12.9,2026-06-16T07:12:30+05:30,2026-06-16T07:59:35+05:30
P-0006441,V-04,5,19.124561,72.845242,22.7,2026-06-16T07:12:40+05:30,2026-06-16T07:59:45+05:30
P-0006442,V-04,5,19.124085,72.845026,22.0,2026-06-16T07:12:50+05:30,2026-06-16T07:59:54+05:30
P-0006443,V-04,5,19.123873,72.845072,17.1,2026-06-16T07:13:00+05:30,2026-06-16T08:00:02+05:30
P-0006444,V-04,5,19.123511,72.84506,16.6,2026-06-16T07:13:10+05:30,2026-06-16T08:00:11+05:30
P-0006445,V-04,5,19.122788,72.844996,12.9,2026-06-16T07:13:20+05:30,2026-06-16T08:00:21+05:30
P-0006446,V-04,5,19.122403,72.84525,17.2,2026-06-16T07:13:30+05:30,2026-06-16T08:00:35+05:30
P-0006447,V-04,5,19.122034,72.845006,18.4,2026-06-16T07:13:40+05:30,2026-06-16T08:00:41+05:30
P-0006448,V-04,5,19.121509,72.845409,22.5,2026-06-16T07:13:50+05:30,2026-06-16T08:00:53+05:30
P-0006449,V-04,5,19.120856,72.84504,16.6,2026-06-16T07:14:00+05:30,2026-06-16T08:01:06+05:30
P-0006450,V-04,5,19.120467,72.845404,15.9,2026-06-16T07:14:10+05:30,2026-06-16T08:01:14+05:30
P-0006451,V-04,5,19.120293,72.84555,15.4,2026-06-16T07:14:20+05:30,2026-06-16T08:01:23+05:30
P-0006452,V-04,5,19.119626,72.845247,18.1,2026-06-16T07:14:30+05:30,2026-06-16T08:01:33+05:30
P-0006453,V-04,5,19.119067,72.845585,14.8,2026-06-16T07:14:40+05:30,2026-06-16T08:01:45+05:30
P-0006454,V-04,5,19.118717,72.845561,23.9,2026-06-16T07:14:50+05:30,2026-06-16T08:01:55+05:30
P-0006455,V-04,5,19.118416,72.845519,20.0,2026-06-16T07:15:00+05:30,2026-06-16T08:02:06+05:30
P-0006456,V-04,5,19.117991,72.845602,18.6,2026-06-16T07:15:10+05:30,2026-06-16T08:02:13+05:30
P-0006457,V-04,5,19.117662,72.845544,14.1,2026-06-16T07:15:20+05:30,2026-06-16T08:02:26+05:30
P-0006458,V-04,5,19.117155,72.845716,13.6,2026-06-16T07:15:30+05:30,2026-06-16T08:02:35+05:30
P-0006459,V-04,5,19.116607,72.845453,24.2,2026-06-16T07:15:40+05:30,2026-06-16T08:02:42+05:30
P-0006460,V-04,5,19.115939,72.84572,13.9,2026-06-16T07:15:50+05:30,2026-06-16T08:02:56+05:30
P-0006461,V-04,5,19.115924,72.845565,19.1,2026-06-16T07:16:00+05:30,2026-06-16T08:03:02+05:30
P-0006462,V-04,5,19.115074,72.845818,18.8,2026-06-16T07:16:10+05:30,2026-06-16T08:03:13+05:30
P-0006463,V-04,5,19.114573,72.845834,17.3,2026-06-16T07:16:20+05:30,2026-06-16T08:03:22+05:30
P-0006464,V-04,5,19.114085,72.845532,23.4,2026-06-16T07:16:30+05:30,2026-06-16T08:03:36+05:30
P-0006465,V-04,5,19.11398,72.845833,22.2,2026-06-16T07:16:40+05:30,2026-06-16T08:03:45+05:30
P-0006466,V-04,5,19.113535,72.845909,16.6,2026-06-16T07:16:50+05:30,2026-06-16T08:03:56+05:30
P-0006467,V-04,5,19.112899,72.845571,23.9,2026-06-16T07:17:00+05:30,2026-06-16T08:04:01+05:30
P-0006468,V-04,5,19.112677,72.845852,18.8,2026-06-16T07:17:10+05:30,2026-06-16T08:04:14+05:30
P-0006469,V-04,5,19.111963,72.845693,21.6,2026-06-16T07:17:20+05:30,2026-06-16T08:04:23+05:30
P-0006470,V-04,5,19.111495,72.846025,21.3,2026-06-16T07:17:30+05:30,2026-06-16T08:04:33+05:30
P-0006471,V-04,5,19.111416,72.845936,18.3,2026-06-16T07:17:40+05:30,2026-06-16T08:04:46+05:30
P-0006472,V-04,5,19.110651,72.845508,17.9,2026-06-16T07:17:50+05:30,2026-06-16T08:04:54+05:30
P-0006473,V-04,5,19.110434,72.845532,22.3,2026-06-16T07:18:00+05:30,2026-06-16T08:05:03+05:30
P-0006474,V-04,5,19.109873,72.84559,14.5,2026-06-16T07:18:10+05:30,2026-06-16T08:05:16+05:30
P-0006475,V-04,5,19.109367,72.845535,13.6,2026-06-16T07:18:20+05:30,2026-06-16T08:05:23+05:30
P-0006476,V-04,5,19.108971,72.845291,19.4,2026-06-16T07:18:30+05:30,2026-06-16T08:05:36+05:30
P-0006477,V-04,5,19.108447,72.845186,21.1,2026-06-16T07:18:40+05:30,2026-06-16T08:05:42+05:30
P-0006478,V-04,5,19.10797,72.845137,14.9,2026-06-16T07:18:50+05:30,2026-06-16T08:05:51+05:30
P-0006479,V-04,5,19.10778,72.845024,12.6,2026-06-16T07:19:00+05:30,2026-06-16T08:06:02+05:30
P-0006480,V-04,5,19.107136,72.845236,21.7,2026-06-16T07:19:10+05:30,2026-06-16T08:06:13+05:30
P-0006481,V-04,5,19.106655,72.844867,23.1,2026-06-16T07:19:20+05:30,2026-06-16T08:06:22+05:30
P-0006482,V-04,5,19.106457,72.845054,17.0,2026-06-16T07:19:30+05:30,2026-06-16T08:06:33+05:30
P-0006483,V-04,5,19.105819,72.844923,16.6,2026-06-16T07:19:40+05:30,2026-06-16T08:06:41+05:30
P-0006484,V-04,5,19.105478,72.844569,12.1,2026-06-16T07:19:50+05:30,2026-06-16T08:06:56+05:30
P-0006485,V-04,5,19.104867,72.844655,22.9,2026-06-16T07:20:00+05:30,2026-06-16T08:07:05+05:30
P-0006486,V-04,5,19.104629,72.84462,18.1,2026-06-16T07:20:10+05:30,2026-06-16T08:07:13+05:30
P-0006487,V-04,5,19.104171,72.84437,14.6,2026-06-16T07:20:20+05:30,2026-06-16T08:07:21+05:30
P-0006488,V-04,5,19.103704,72.844525,12.8,2026-06-16T07:20:30+05:30,2026-06-16T08:07:33+05:30
P-0006489,V-04,5,19.103305,72.844069,16.0,2026-06-16T07:20:40+05:30,2026-06-16T08:07:43+05:30
P-0006490,V-04,5,19.102784,72.844352,18.1,2026-06-16T07:20:50+05:30,2026-06-16T08:07:52+05:30
P-0006491,V-04,5,19.102035,72.84398,20.8,2026-06-16T07:21:00+05:30,2026-06-16T08:08:01+05:30
P-0006492,V-04,5,19.101757,72.844139,19.4,2026-06-16T07:21:10+05:30,2026-06-16T08:08:16+05:30
P-0006493,V-04,5,19.101159,72.843858,16.5,2026-06-16T07:21:20+05:30,2026-06-16T08:08:25+05:30
P-0006494,V-04,5,19.100921,72.843678,19.7,2026-06-16T07:21:30+05:30,2026-06-16T08:08:32+05:30
P-0006495,V-04,5,19.100406,72.843981,15.8,2026-06-16T07:21:40+05:30,2026-06-16T08:08:45+05:30
P-0006496,V-04,5,19.100082,72.843539,16.2,2026-06-16T07:21:50+05:30,2026-06-16T08:08:55+05:30
P-0006497,V-04,5,19.099352,72.843622,18.0,2026-06-16T07:22:00+05:30,2026-06-16T08:09:01+05:30
P-0006498,V-04,5,19.099052,72.843259,17.9,2026-06-16T07:22:10+05:30,2026-06-16T08:09:12+05:30
P-0006499,V-04,5,19.09867,72.843454,22.6,2026-06-16T07:22:20+05:30,2026-06-16T08:09:26+05:30
P-0006500,V-04,5,19.098423,72.843267,15.7,2026-06-16T07:22:30+05:30,2026-06-16T08:09:33+05:30
P-0006501,V-04,5,19.097969,72.843309,20.2,2026-06-16T07:22:40+05:30,2026-06-16T08:09:41+05:30
P-0006502,V-04,5,19.097416,72.843086,21.7,2026-06-16T07:22:50+05:30,2026-06-16T08:09:53+05:30
P-0006503,V-04,5,19.096913,72.843054,20.2,2026-06-16T07:23:00+05:30,2026-06-16T08:10:04+05:30
P-0006504,V-04,5,19.096605,72.842866,23.6,2026-06-16T07:23:10+05:30,2026-06-16T08:10:16+05:30
P-0006505,V-04,5,19.096248,72.843073,13.2,2026-06-16T07:23:20+05:30,2026-06-16T08:10:24+05:30
P-0006506,V-04,5,19.095838,72.843061,16.4,2026-06-16T07:23:30+05:30,2026-06-16T08:10:36+05:30
P-0006507,V-04,5,19.095309,72.842659,19.0,2026-06-16T07:23:40+05:30,2026-06-16T08:10:41+05:30
P-0006508,V-04,5,19.09459,72.842787,12.8,2026-06-16T07:23:50+05:30,2026-06-16T08:10:56+05:30
P-0006509,V-04,5,19.094142,72.84267,17.0,2026-06-16T07:24:00+05:30,2026-06-16T08:11:03+05:30
P-0006510,V-04,5,19.09379,72.842545,17.7,2026-06-16T07:24:10+05:30,2026-06-16T08:11:13+05:30
P-0006511,V-04,5,19.093528,72.842224,13.8,2026-06-16T07:24:20+05:30,2026-06-16T08:11:25+05:30
P-0006512,V-04,5,19.093011,72.842126,15.1,2026-06-16T07:24:30+05:30,2026-06-16T08:11:32+05:30
P-0006513,V-04,5,19.092717,72.842309,13.6,2026-06-16T07:24:40+05:30,2026-06-16T08:11:42+05:30
P-0006514,V-04,5,19.091953,72.842314,19.7,2026-06-16T07:24:50+05:30,2026-06-16T08:11:55+05:30
P-0006515,V-04,5,19.091469,72.841898,12.6,2026-06-16T07:25:00+05:30,2026-06-16T08:12:04+05:30
P-0006516,V-04,5,19.090987,72.842054,18.7,2026-06-16T07:25:10+05:30,2026-06-16T08:12:12+05:30
P-0006517,V-04,5,19.090683,72.84154,21.8,2026-06-16T07:25:20+05:30,2026-06-16T08:12:23+05:30
P-0006518,V-04,5,19.090151,72.841741,17.7,2026-06-16T07:25:30+05:30,2026-06-16T08:12:32+05:30
P-0006519,V-04,5,19.089937,72.841559,16.2,2026-06-16T07:25:40+05:30,2026-06-16T08:12:41+05:30
P-0006520,V-04,5,19.089442,72.841557,13.5,2026-06-16T07:25:50+05:30,2026-06-16T08:12:53+05:30
P-0006521,V-04,5,19.089082,72.841431,13.1,2026-06-16T07:26:00+05:30,2026-06-16T08:13:06+05:30
P-0006522,V-04,5,19.088674,72.84109,17.6,2026-06-16T07:26:10+05:30,2026-06-16T08:13:14+05:30
P-0006523,V-04,5,19.088182,72.841318,12.9,2026-06-16T07:26:20+05:30,2026-06-16T08:13:21+05:30
P-0006524,V-04,5,19.087877,72.841058,20.8,2026-06-16T07:26:30+05:30,2026-06-16T08:13:36+05:30
P-0006525,V-04,5,19.087387,72.841017,20.0,2026-06-16T07:26:40+05:30,2026-06-16T08:13:44+05:30
P-0006526,V-04,5,19.086587,72.840616,20.2,2026-06-16T07:26:50+05:30,2026-06-16T08:13:56+05:30
P-0006527,V-04,5,19.086328,72.840425,13.3,2026-06-16T07:27:00+05:30,2026-06-16T08:14:03+05:30
P-0006528,V-04,5,19.085799,72.840504,14.6,2026-06-16T07:27:10+05:30,2026-06-16T08:14:14+05:30
P-0006529,V-04,5,19.085467,72.840381,14.6,2026-06-16T07:27:20+05:30,2026-06-16T08:14:21+05:30
P-0006530,V-04,5,19.085002,72.840443,17.4,2026-06-16T07:27:30+05:30,2026-06-16T08:14:35+05:30
P-0006531,V-04,5,19.08444,72.840217,14.1,2026-06-16T07:27:40+05:30,2026-06-16T08:14:44+05:30
P-0006532,V-04,5,19.084118,72.840023,19.2,2026-06-16T07:27:50+05:30,2026-06-16T08:14:56+05:30
P-0006533,V-04,5,19.083486,72.839757,14.7,2026-06-16T07:28:00+05:30,2026-06-16T08:15:03+05:30
P-0006534,V-04,5,19.083518,72.839923,12.9,2026-06-16T07:28:10+05:30,2026-06-16T08:15:15+05:30
P-0006535,V-04,5,19.083073,72.839817,22.5,2026-06-16T07:28:20+05:30,2026-06-16T08:15:25+05:30
P-0006536,V-04,5,19.08217,72.83941,20.7,2026-06-16T07:28:30+05:30,2026-06-16T08:15:31+05:30
P-0006537,V-04,5,19.08196,72.839781,24.2,2026-06-16T07:28:40+05:30,2026-06-16T08:15:43+05:30
P-0006538,V-04,5,19.081491,72.83921,19.3,2026-06-16T07:28:50+05:30,2026-06-16T08:15:52+05:30
P-0006539,V-04,5,19.080992,72.839376,24.1,2026-06-16T07:29:00+05:30,2026-06-16T08:16:06+05:30
P-0006540,V-04,5,19.080551,72.839146,17.6,2026-06-16T07:29:10+05:30,2026-06-16T08:16:16+05:30
P-0006541,V-04,5,19.080098,72.839319,17.8,2026-06-16T07:29:20+05:30,2026-06-16T08:16:22+05:30
P-0006542,V-04,5,19.079935,72.839177,18.1,2026-06-16T07:29:30+05:30,2026-06-16T08:16:36+05:30
P-0006543,V-04,5,19.079314,72.838766,15.9,2026-06-16T07:29:40+05:30,2026-06-16T08:16:46+05:30
P-0006544,V-04,5,19.079081,72.838896,14.6,2026-06-16T07:29:50+05:30,2026-06-16T08:16:54+05:30
P-0006545,V-04,5,19.078434,72.838654,21.2,2026-06-16T07:30:00+05:30,2026-06-16T08:17:02+05:30
P-0006546,V-04,5,19.077847,72.838316,24.4,2026-06-16T07:30:10+05:30,2026-06-16T08:17:15+05:30
P-0006547,V-04,5,19.077439,72.838664,14.7,2026-06-16T07:30:20+05:30,2026-06-16T08:17:26+05:30
P-0006548,V-04,5,19.077186,72.838294,23.7,2026-06-16T07:30:30+05:30,2026-06-16T08:17:36+05:30
P-0006549,V-04,5,19.076931,72.838208,23.6,2026-06-16T07:30:40+05:30,2026-06-16T08:17:45+05:30
P-0006550,V-04,5,19.07648,72.838341,18.2,2026-06-16T07:30:50+05:30,2026-06-16T08:17:52+05:30
P-0006551,V-04,5,19.07592,72.838195,14.8,2026-06-16T07:31:00+05:30,2026-06-16T08:18:05+05:30
P-0006552,V-04,5,19.075138,72.837717,21.8,2026-06-16T07:31:10+05:30,2026-06-16T08:18:14+05:30
P-0006553,V-04,5,19.074931,72.837602,15.0,2026-06-16T07:31:20+05:30,2026-06-16T08:18:24+05:30
P-0006554,V-04,5,19.074261,72.837428,16.1,2026-06-16T07:31:30+05:30,2026-06-16T08:18:33+05:30
P-0006555,V-04,5,19.074255,72.837636,25.0,2026-06-16T07:31:40+05:30,2026-06-16T08:18:46+05:30
P-0006556,V-04,5,19.073856,72.837489,14.0,2026-06-16T07:31:50+05:30,2026-06-16T08:18:54+05:30
P-0006557,V-04,5,19.073352,72.837125,14.1,2026-06-16T07:32:00+05:30,2026-06-16T08:19:02+05:30
P-0006558,V-04,5,19.072889,72.837375,18.6,2026-06-16T07:32:10+05:30,2026-06-16T08:19:14+05:30
P-0006559,V-04,5,19.072218,72.836961,19.4,2026-06-16T07:32:20+05:30,2026-06-16T08:19:26+05:30
P-0006560,V-04,5,19.071709,72.837045,17.1,2026-06-16T07:32:30+05:30,2026-06-16T08:19:35+05:30
P-0006561,V-04,5,19.071312,72.836923,17.8,2026-06-16T07:32:40+05:30,2026-06-16T08:19:44+05:30
P-0006562,V-04,5,19.070781,72.836822,15.0,2026-06-16T07:32:50+05:30,2026-06-16T08:19:55+05:30
P-0006563,V-04,5,19.070752,72.836881,23.1,2026-06-16T07:33:00+05:30,2026-06-16T08:20:02+05:30
P-0006564,V-04,5,19.070227,72.836319,24.3,2026-06-16T07:33:10+05:30,2026-06-16T08:20:13+05:30
P-0006565,V-04,5,19.069668,72.836334,23.4,2026-06-16T07:33:20+05:30,2026-06-16T08:20:26+05:30
P-0006566,V-04,5,19.069176,72.836116,15.3,2026-06-16T07:33:30+05:30,2026-06-16T08:20:35+05:30
P-0006567,V-04,5,19.068679,72.836075,15.4,2026-06-16T07:33:40+05:30,2026-06-16T08:20:44+05:30
P-0006568,V-04,5,19.068258,72.836187,20.6,2026-06-16T07:33:50+05:30,2026-06-16T08:20:51+05:30
P-0006569,V-04,5,19.067771,72.83602,16.3,2026-06-16T07:34:00+05:30,2026-06-16T08:21:02+05:30
P-0006570,V-04,5,19.06735,72.83575,24.8,2026-06-16T07:34:10+05:30,2026-06-16T08:21:14+05:30
P-0006571,V-04,5,19.067152,72.835804,19.9,2026-06-16T07:34:20+05:30,2026-06-16T08:21:23+05:30
P-0006572,V-04,5,19.066752,72.835502,20.8,2026-06-16T07:34:30+05:30,2026-06-16T08:21:31+05:30
P-0006573,V-04,5,19.065981,72.835408,21.0,2026-06-16T07:34:40+05:30,2026-06-16T08:21:43+05:30
P-0006574,V-04,5,19.065465,72.835757,15.8,2026-06-16T07:34:50+05:30,2026-06-16T08:21:56+05:30
P-0006575,V-04,5,19.065359,72.835278,24.1,2026-06-16T07:35:00+05:30,2026-06-16T08:22:02+05:30
P-0006576,V-04,5,19.064993,72.835428,22.9,2026-06-16T07:35:10+05:30,2026-06-16T08:22:12+05:30
P-0006577,V-04,5,19.064253,72.835075,25.0,2026-06-16T07:35:20+05:30,2026-06-16T08:22:22+05:30
P-0006578,V-04,5,19.063819,72.83544,26.6,2026-06-16T07:35:30+05:30,2026-06-16T08:22:33+05:30
P-0006579,V-04,5,19.06338,72.835364,23.9,2026-06-16T07:35:40+05:30,2026-06-16T08:22:44+05:30
P-0006580,V-04,5,19.062911,72.834899,23.0,2026-06-16T07:35:50+05:30,2026-06-16T08:22:51+05:30
P-0006581,V-04,5,19.062789,72.834989,25.0,2026-06-16T07:36:00+05:30,2026-06-16T08:23:05+05:30
P-0006582,V-04,5,19.062031,72.834621,14.9,2026-06-16T07:36:10+05:30,2026-06-16T08:23:11+05:30
P-0006583,V-04,5,19.061812,72.834741,17.0,2026-06-16T07:36:20+05:30,2026-06-16T08:23:21+05:30
P-0006584,V-04,5,19.061182,72.834687,19.4,2026-06-16T07:36:30+05:30,2026-06-16T08:23:32+05:30
P-0006585,V-04,5,19.060612,72.834513,24.1,2026-06-16T07:36:40+05:30,2026-06-16T08:23:42+05:30
P-0006586,V-04,5,19.060407,72.834488,18.1,2026-06-16T07:36:50+05:30,2026-06-16T08:23:56+05:30
P-0006587,V-04,5,19.060036,72.834605,24.4,2026-06-16T07:37:00+05:30,2026-06-16T08:24:06+05:30
P-0006588,V-04,5,19.059532,72.834451,21.5,2026-06-16T07:37:10+05:30,2026-06-16T08:24:15+05:30
P-0006589,V-04,5,19.058993,72.834247,21.6,2026-06-16T07:37:20+05:30,2026-06-16T08:24:25+05:30
P-0006590,V-04,5,19.058334,72.834372,19.3,2026-06-16T07:37:30+05:30,2026-06-16T08:24:36+05:30
P-0006591,V-04,5,19.058358,72.833943,18.0,2026-06-16T07:37:40+05:30,2026-06-16T08:24:44+05:30
P-0006592,V-04,5,19.057937,72.833897,17.4,2026-06-16T07:37:50+05:30,2026-06-16T08:24:51+05:30
P-0006593,V-04,5,19.057143,72.833732,21.6,2026-06-16T07:38:00+05:30,2026-06-16T08:25:03+05:30
P-0006594,V-04,5,19.056831,72.833965,24.4,2026-06-16T07:38:10+05:30,2026-06-16T08:25:14+05:30
P-0006595,V-04,5,19.056179,72.833674,15.8,2026-06-16T07:38:20+05:30,2026-06-16T08:25:21+05:30
P-0006596,V-04,5,19.055995,72.83371,23.9,2026-06-16T07:38:30+05:30,2026-06-16T08:25:36+05:30
P-0006597,V-04,5,19.055318,72.833434,16.8,2026-06-16T07:38:40+05:30,2026-06-16T08:25:42+05:30
P-0006598,V-04,5,19.055203,72.833465,19.8,2026-06-16T07:38:50+05:30,2026-06-16T08:25:54+05:30
P-0006599,V-04,5,19.054409,72.833218,23.5,2026-06-16T07:39:00+05:30,2026-06-16T08:26:02+05:30
P-0006600,V-04,5,19.054159,72.833465,24.6,2026-06-16T07:39:10+05:30,2026-06-16T08:26:13+05:30
P-0006601,V-04,5,19.053715,72.833026,23.1,2026-06-16T07:39:20+05:30,2026-06-16T08:26:22+05:30
P-0006602,V-04,5,19.053069,72.833118,21.1,2026-06-16T07:39:30+05:30,2026-06-16T08:26:36+05:30
P-0006603,V-04,5,19.052917,72.833038,18.3,2026-06-16T07:39:40+05:30,2026-06-16T08:26:42+05:30
P-0006604,V-04,5,19.052286,72.833036,20.8,2026-06-16T07:39:50+05:30,2026-06-16T08:26:51+05:30
P-0006605,V-04,5,19.051934,72.833119,18.8,2026-06-16T07:40:00+05:30,2026-06-16T08:27:04+05:30
P-0006606,V-04,5,19.051409,72.832876,26.7,2026-06-16T07:40:10+05:30,2026-06-16T08:27:13+05:30
P-0006607,V-04,5,19.050918,72.832922,25.3,2026-06-16T07:40:20+05:30,2026-06-16T08:27:26+05:30
P-0006608,V-04,5,19.050371,72.832398,17.1,2026-06-16T07:40:30+05:30,2026-06-16T08:27:35+05:30
P-0006609,V-04,5,19.049973,72.832538,28.4,2026-06-16T07:40:40+05:30,2026-06-16T08:27:42+05:30
P-0006610,V-04,5,19.04968,72.832243,21.8,2026-06-16T07:40:50+05:30,2026-06-16T08:27:56+05:30
P-0006611,V-04,5,19.049262,72.832338,20.4,2026-06-16T07:41:00+05:30,2026-06-16T08:28:04+05:30
P-0006612,V-04,5,19.048611,72.83204,22.9,2026-06-16T07:41:10+05:30,2026-06-16T08:28:15+05:30
P-0006613,V-04,5,19.048384,72.832192,22.3,2026-06-16T07:41:20+05:30,2026-06-16T08:28:25+05:30
P-0006614,V-04,5,19.047974,72.832151,20.4,2026-06-16T07:41:30+05:30,2026-06-16T08:28:31+05:30
P-0006615,V-04,5,19.047517,72.832212,19.7,2026-06-16T07:41:40+05:30,2026-06-16T08:28:42+05:30
P-0006616,V-04,5,19.047124,72.832285,22.3,2026-06-16T07:41:50+05:30,2026-06-16T08:28:54+05:30
P-0006617,V-04,5,19.046714,72.832248,27.6,2026-06-16T07:42:00+05:30,2026-06-16T08:29:02+05:30
P-0006618,V-04,5,19.045957,72.832434,26.4,2026-06-16T07:42:10+05:30,2026-06-16T08:29:12+05:30
P-0006619,V-04,5,19.045732,72.832481,21.6,2026-06-16T07:42:20+05:30,2026-06-16T08:29:24+05:30
P-0006620,V-04,5,19.045313,72.832244,28.2,2026-06-16T07:42:30+05:30,2026-06-16T08:29:32+05:30
P-0006621,V-04,5,19.044707,72.832404,23.7,2026-06-16T07:42:40+05:30,2026-06-16T08:29:42+05:30
P-0006622,V-04,5,19.044452,72.832243,21.7,2026-06-16T07:42:50+05:30,2026-06-16T08:29:56+05:30
P-0006623,V-04,5,19.043847,72.832526,24.2,2026-06-16T07:43:00+05:30,2026-06-16T08:30:03+05:30
P-0006624,V-04,5,19.043513,72.832588,19.7,2026-06-16T07:43:10+05:30,2026-06-16T08:30:14+05:30
P-0006625,V-04,5,19.04313,72.832283,24.4,2026-06-16T07:43:20+05:30,2026-06-16T08:30:25+05:30
P-0006626,V-04,5,19.042487,72.832419,23.4,2026-06-16T07:43:30+05:30,2026-06-16T08:30:34+05:30
P-0006627,V-04,5,19.042278,72.832625,20.3,2026-06-16T07:43:40+05:30,2026-06-16T08:30:42+05:30
P-0006628,V-04,5,19.041441,72.832544,20.4,2026-06-16T07:43:50+05:30,2026-06-16T08:30:51+05:30
P-0006629,V-04,5,19.041067,72.832429,26.7,2026-06-16T07:44:00+05:30,2026-06-16T08:31:03+05:30
P-0006630,V-04,5,19.040589,72.832337,22.6,2026-06-16T07:44:10+05:30,2026-06-16T08:31:14+05:30
P-0006631,V-04,5,19.040118,72.832682,27.4,2026-06-16T07:44:20+05:30,2026-06-16T08:31:23+05:30
P-0006632,V-04,5,19.039928,72.832572,24.8,2026-06-16T07:44:30+05:30,2026-06-16T08:31:34+05:30
P-0006633,V-04,5,19.039378,72.832458,27.5,2026-06-16T07:44:40+05:30,2026-06-16T08:31:45+05:30
P-0006634,V-04,5,19.038632,72.832492,21.7,2026-06-16T07:44:50+05:30,2026-06-16T08:31:54+05:30
P-0006635,V-04,5,19.038655,72.832352,23.0,2026-06-16T07:45:00+05:30,2026-06-16T08:32:04+05:30
P-0006636,V-04,5,19.037848,72.832373,26.9,2026-06-16T07:45:10+05:30,2026-06-16T08:32:14+05:30
P-0006637,V-04,5,19.037623,72.832689,19.4,2026-06-16T07:45:20+05:30,2026-06-16T08:32:23+05:30
P-0006638,V-04,5,19.037248,72.832464,19.9,2026-06-16T07:45:30+05:30,2026-06-16T08:32:36+05:30
P-0006639,V-04,5,19.036416,72.832867,25.2,2026-06-16T07:45:40+05:30,2026-06-16T08:32:45+05:30
P-0006640,V-04,5,19.035966,72.832532,22.2,2026-06-16T07:45:50+05:30,2026-06-16T08:32:53+05:30
P-0006641,V-04,5,19.035528,72.83294,29.9,2026-06-16T07:46:00+05:30,2026-06-16T08:33:02+05:30
P-0006642,V-04,5,19.035056,72.832941,25.8,2026-06-16T07:46:10+05:30,2026-06-16T08:33:14+05:30
P-0006643,V-04,5,19.034948,72.832954,24.4,2026-06-16T07:46:20+05:30,2026-06-16T08:33:21+05:30
P-0006644,V-04,5,19.0342,72.832939,21.9,2026-06-16T07:46:30+05:30,2026-06-16T08:33:31+05:30
P-0006645,V-04,5,19.03408,72.832939,19.7,2026-06-16T07:46:40+05:30,2026-06-16T08:33:43+05:30
P-0006646,V-04,5,19.033627,72.832693,24.2,2026-06-16T07:46:50+05:30,2026-06-16T08:33:56+05:30
P-0006647,V-04,5,19.032983,72.832987,21.4,2026-06-16T07:47:00+05:30,2026-06-16T08:34:04+05:30
P-0006648,V-04,5,19.032328,72.832739,24.3,2026-06-16T07:47:10+05:30,2026-06-16T08:34:16+05:30
P-0006649,V-04,5,19.032089,72.83299,20.0,2026-06-16T07:47:20+05:30,2026-06-16T08:34:26+05:30
P-0006650,V-04,5,19.03144,72.832862,24.2,2026-06-16T07:47:30+05:30,2026-06-16T08:34:34+05:30
P-0006651,V-04,5,19.031276,72.832815,27.2,2026-06-16T07:47:40+05:30,2026-06-16T08:34:42+05:30
P-0006652,V-04,5,19.030869,72.833085,22.5,2026-06-16T07:47:50+05:30,2026-06-16T08:34:52+05:30
P-0006653,V-04,5,19.030246,72.832729,21.0,2026-06-16T07:48:00+05:30,2026-06-16T08:35:06+05:30
P-0006654,V-04,5,19.02994,72.83314,28.7,2026-06-16T07:48:10+05:30,2026-06-16T08:35:16+05:30
P-0006655,V-04,5,19.029379,72.833,26.0,2026-06-16T07:48:20+05:30,2026-06-16T08:35:23+05:30
P-0006656,V-04,5,19.029071,72.832926,22.6,2026-06-16T07:48:30+05:30,2026-06-16T08:35:34+05:30
P-0006657,V-04,5,19.028395,72.832991,22.9,2026-06-16T07:48:40+05:30,2026-06-16T08:35:46+05:30
P-0006658,V-04,5,19.028045,72.833281,32.0,2026-06-16T07:48:50+05:30,2026-06-16T08:35:56+05:30
P-0006659,V-04,5,19.027543,72.833255,22.1,2026-06-16T07:49:00+05:30,2026-06-16T08:36:04+05:30
P-0006660,V-04,5,19.027331,72.832971,25.2,2026-06-16T07:49:10+05:30,2026-06-16T08:36:16+05:30
P-0006661,V-04,5,19.026824,72.833321,29.8,2026-06-16T07:49:20+05:30,2026-06-16T08:36:23+05:30
P-0006662,V-04,5,19.026194,72.833105,24.7,2026-06-16T07:49:30+05:30,2026-06-16T08:36:33+05:30
P-0006663,V-04,5,19.025624,72.833212,33.1,2026-06-16T07:49:40+05:30,2026-06-16T08:36:43+05:30
P-0006664,V-04,5,19.025214,72.833377,27.7,2026-06-16T07:49:50+05:30,2026-06-16T08:36:54+05:30
P-0006665,V-04,5,19.025058,72.833179,27.9,2026-06-16T07:50:00+05:30,2026-06-16T08:37:06+05:30
P-0006666,V-04,5,19.024622,72.83328,25.5,2026-06-16T07:50:10+05:30,2026-06-16T08:37:14+05:30
P-0006667,V-04,5,19.023914,72.833491,21.6,2026-06-16T07:50:20+05:30,2026-06-16T08:37:24+05:30
P-0006668,V-04,5,19.023565,72.833532,31.9,2026-06-16T07:50:30+05:30,2026-06-16T08:37:36+05:30
P-0006669,V-04,5,19.022907,72.833287,28.7,2026-06-16T07:50:40+05:30,2026-06-16T08:37:45+05:30
P-0006670,V-04,5,19.022752,72.833431,26.1,2026-06-16T07:50:50+05:30,2026-06-16T08:37:53+05:30
P-0006671,V-04,5,19.021947,72.833248,25.9,2026-06-16T07:51:00+05:30,2026-06-16T08:38:02+05:30
P-0006672,V-04,5,19.021762,72.833134,25.8,2026-06-16T07:51:10+05:30,2026-06-16T08:38:11+05:30
P-0006673,V-04,5,19.021166,72.832873,32.5,2026-06-16T07:51:20+05:30,2026-06-16T08:38:23+05:30
P-0006674,V-04,5,19.021026,72.833221,26.9,2026-06-16T07:51:30+05:30,2026-06-16T08:38:31+05:30
P-0006675,V-04,5,19.020448,72.832821,22.4,2026-06-16T07:51:40+05:30,2026-06-16T08:38:41+05:30
P-0006676,V-04,5,19.019994,72.83266,27.0,2026-06-16T07:51:50+05:30,2026-06-16T08:38:53+05:30
P-0006677,V-04,5,19.019238,72.832596,26.8,2026-06-16T07:52:00+05:30,2026-06-16T08:39:06+05:30
P-0006678,V-04,5,19.019161,72.832507,25.5,2026-06-16T07:52:10+05:30,2026-06-16T08:39:16+05:30
P-0006679,V-04,5,19.01851,72.832518,31.2,2026-06-16T07:52:20+05:30,2026-06-16T08:39:26+05:30
P-0006680,V-04,5,19.017934,72.832317,32.0,2026-06-16T07:52:30+05:30,2026-06-16T08:39:32+05:30
P-0006681,V-04,5,19.017778,72.83268,32.4,2026-06-16T07:52:40+05:30,2026-06-16T08:39:43+05:30
P-0006682,V-04,5,19.017286,72.832551,33.3,2026-06-16T07:52:50+05:30,2026-06-16T08:39:51+05:30
P-0006683,V-04,5,19.017032,72.832271,24.1,2026-06-16T07:53:00+05:30,2026-06-16T08:40:01+05:30
P-0006684,V-04,5,19.01637,72.832187,31.9,2026-06-16T07:53:10+05:30,2026-06-16T08:40:13+05:30
P-0006685,V-04,5,19.016041,72.832374,29.1,2026-06-16T07:53:20+05:30,2026-06-16T08:40:21+05:30
P-0006686,V-04,5,19.015389,72.832202,27.7,2026-06-16T07:53:30+05:30,2026-06-16T08:40:32+05:30
P-0006687,V-04,5,19.015151,72.831997,27.4,2026-06-16T07:53:40+05:30,2026-06-16T08:40:45+05:30
P-0006688,V-04,5,19.014757,72.831988,26.2,2026-06-16T07:53:50+05:30,2026-06-16T08:40:54+05:30
P-0006689,V-04,5,19.014271,72.831629,27.9,2026-06-16T07:54:00+05:30,2026-06-16T08:41:02+05:30
P-0006690,V-04,5,19.013683,72.831686,24.2,2026-06-16T07:54:10+05:30,2026-06-16T08:41:15+05:30
P-0006691,V-04,5,19.013132,72.831564,29.1,2026-06-16T07:54:20+05:30,2026-06-16T08:41:22+05:30
P-0006692,V-04,5,19.012825,72.831394,24.9,2026-06-16T07:54:30+05:30,2026-06-16T08:41:31+05:30
P-0006693,V-04,5,19.012412,72.831776,27.9,2026-06-16T07:54:40+05:30,2026-06-16T08:41:43+05:30
P-0006694,V-04,5,19.011662,72.831418,35.9,2026-06-16T07:54:50+05:30,2026-06-16T08:41:55+05:30
P-0006695,V-04,5,19.011468,72.831534,30.6,2026-06-16T07:55:00+05:30,2026-06-16T08:42:01+05:30
P-0006696,V-04,5,19.011232,72.831117,26.1,2026-06-16T07:55:10+05:30,2026-06-16T08:42:13+05:30
P-0006697,V-04,5,19.010445,72.831154,31.3,2026-06-16T07:55:20+05:30,2026-06-16T08:42:26+05:30
P-0006698,V-04,5,19.009875,72.83096,27.7,2026-06-16T07:55:30+05:30,2026-06-16T08:42:32+05:30
P-0006699,V-04,5,19.009709,72.831262,30.3,2026-06-16T07:55:40+05:30,2026-06-16T08:42:42+05:30
P-0006700,V-04,5,19.009277,72.830968,36.7,2026-06-16T07:55:50+05:30,2026-06-16T08:42:55+05:30
P-0006701,V-04,5,19.008657,72.830796,31.0,2026-06-16T07:56:00+05:30,2026-06-16T08:43:02+05:30
P-0006702,V-04,5,19.008352,72.830612,31.9,2026-06-16T07:56:10+05:30,2026-06-16T08:43:16+05:30
P-0006703,V-04,5,19.007755,72.830767,33.8,2026-06-16T07:56:20+05:30,2026-06-16T08:43:23+05:30
P-0006704,V-04,5,19.007483,72.830838,30.8,2026-06-16T07:56:30+05:30,2026-06-16T08:43:35+05:30
P-0006705,V-04,5,19.007158,72.830515,28.4,2026-06-16T07:56:40+05:30,2026-06-16T08:43:45+05:30
P-0006706,V-04,5,19.006753,72.8307,31.8,2026-06-16T07:56:50+05:30,2026-06-16T08:43:51+05:30
P-0006707,V-04,5,19.006062,72.830612,27.0,2026-06-16T07:57:00+05:30,2026-06-16T08:44:04+05:30
P-0006708,V-04,5,19.005536,72.830265,27.0,2026-06-16T07:57:10+05:30,2026-06-16T08:44:11+05:30
P-0006709,V-04,5,19.005418,72.830152,33.3,2026-06-16T07:57:20+05:30,2026-06-16T08:44:25+05:30
P-0006710,V-04,5,19.004954,72.830119,37.6,2026-06-16T07:57:30+05:30,2026-06-16T08:44:33+05:30
P-0006711,V-04,5,19.004433,72.830197,29.5,2026-06-16T07:57:40+05:30,2026-06-16T08:44:44+05:30
P-0006712,V-04,5,19.003913,72.830107,36.9,2026-06-16T07:57:50+05:30,2026-06-16T08:44:55+05:30
P-0006713,V-04,5,19.003156,72.830053,34.4,2026-06-16T07:58:00+05:30,2026-06-16T08:45:03+05:30
P-0006714,V-05,5,19.20429,72.852486,30.7,2026-06-16T09:00:00+05:30,2026-06-16T09:00:03+05:30
P-0006715,V-05,5,19.203957,72.852548,33.6,2026-06-16T09:00:10+05:30,2026-06-16T09:00:15+05:30
P-0006716,V-05,5,19.20336,72.852599,32.6,2026-06-16T09:00:20+05:30,2026-06-16T09:00:25+05:30
P-0006717,V-05,5,19.203057,72.852362,35.2,2026-06-16T09:00:30+05:30,2026-06-16T09:00:31+05:30
P-0006718,V-05,5,19.202357,72.85246,35.0,2026-06-16T09:00:40+05:30,2026-06-16T09:00:43+05:30
P-0006719,V-05,5,19.202266,72.852582,36.2,2026-06-16T09:00:50+05:30,2026-06-16T09:00:54+05:30
P-0006720,V-05,5,19.201812,72.852574,37.3,2026-06-16T09:01:00+05:30,2026-06-16T09:01:05+05:30
P-0006721,V-05,5,19.201224,72.852729,31.4,2026-06-16T09:01:10+05:30,2026-06-16T09:01:14+05:30
P-0006722,V-05,5,19.200735,72.852637,31.2,2026-06-16T09:01:20+05:30,2026-06-16T09:01:22+05:30
P-0006723,V-05,5,19.20019,72.852453,33.6,2026-06-16T09:01:30+05:30,2026-06-16T09:01:31+05:30
P-0006724,V-05,5,19.199869,72.852814,35.6,2026-06-16T09:01:40+05:30,2026-06-16T09:01:44+05:30
P-0006725,V-05,5,19.199357,72.852677,36.1,2026-06-16T09:01:50+05:30,2026-06-16T09:01:53+05:30
P-0006726,V-05,5,19.19887,72.852696,33.7,2026-06-16T09:02:00+05:30,2026-06-16T09:02:05+05:30
P-0006727,V-05,5,19.198316,72.852616,35.3,2026-06-16T09:02:10+05:30,2026-06-16T09:02:11+05:30
P-0006728,V-05,5,19.197949,72.852546,32.6,2026-06-16T09:02:20+05:30,2026-06-16T09:02:26+05:30
P-0006729,V-05,5,19.197799,72.852474,26.7,2026-06-16T09:02:30+05:30,2026-06-16T09:02:33+05:30
P-0006730,V-05,5,19.197077,72.852941,34.8,2026-06-16T09:02:40+05:30,2026-06-16T09:02:42+05:30
P-0006731,V-05,5,19.196646,72.852555,30.5,2026-06-16T09:02:50+05:30,2026-06-16T09:02:56+05:30
P-0006732,V-05,5,19.196586,72.852845,36.0,2026-06-16T09:03:00+05:30,2026-06-16T09:03:04+05:30
P-0006733,V-05,5,19.19618,72.852937,27.8,2026-06-16T09:03:10+05:30,2026-06-16T09:03:12+05:30
P-0006734,V-05,5,19.1954,72.852831,28.9,2026-06-16T09:03:20+05:30,2026-06-16T09:03:24+05:30
P-0006735,V-05,5,19.195229,72.852955,27.2,2026-06-16T09:03:30+05:30,2026-06-16T09:03:32+05:30
P-0006736,V-05,5,19.194556,72.852802,24.3,2026-06-16T09:03:40+05:30,2026-06-16T09:03:44+05:30
P-0006737,V-05,5,19.194318,72.852672,25.0,2026-06-16T09:03:50+05:30,2026-06-16T09:03:55+05:30
P-0006738,V-05,5,19.193907,72.852688,25.5,2026-06-16T09:04:00+05:30,2026-06-16T09:04:06+05:30
P-0006739,V-05,5,19.193294,72.852766,25.7,2026-06-16T09:04:10+05:30,2026-06-16T09:04:16+05:30
P-0006740,V-05,5,19.192669,72.852689,31.1,2026-06-16T09:04:20+05:30,2026-06-16T09:04:24+05:30
P-0006741,V-05,5,19.19232,72.853035,27.5,2026-06-16T09:04:30+05:30,2026-06-16T09:04:32+05:30
P-0006742,V-05,5,19.191974,72.853092,32.9,2026-06-16T09:04:40+05:30,2026-06-16T09:04:42+05:30
P-0006743,V-05,5,19.191547,72.85281,28.4,2026-06-16T09:04:50+05:30,2026-06-16T09:04:55+05:30
P-0006744,V-05,5,19.190961,72.853094,23.9,2026-06-16T09:05:00+05:30,2026-06-16T09:05:04+05:30
P-0006745,V-05,5,19.190665,72.852752,30.7,2026-06-16T09:05:10+05:30,2026-06-16T09:05:13+05:30
P-0006746,V-05,5,19.190398,72.852799,24.4,2026-06-16T09:05:20+05:30,2026-06-16T09:05:21+05:30
P-0006747,V-05,5,19.189795,72.853154,29.7,2026-06-16T09:05:30+05:30,2026-06-16T09:05:35+05:30
P-0006748,V-05,5,19.189179,72.852768,32.8,2026-06-16T09:05:40+05:30,2026-06-16T09:05:45+05:30
P-0006749,V-05,5,19.188806,72.853157,31.9,2026-06-16T09:05:50+05:30,2026-06-16T09:05:54+05:30
P-0006750,V-05,5,19.188396,72.853043,23.6,2026-06-16T09:06:00+05:30,2026-06-16T09:06:02+05:30
P-0006751,V-05,5,19.188223,72.852751,25.7,2026-06-16T09:06:10+05:30,2026-06-16T09:06:15+05:30
P-0006752,V-05,5,19.187487,72.853073,27.0,2026-06-16T09:06:20+05:30,2026-06-16T09:06:24+05:30
P-0006753,V-05,5,19.187301,72.853149,24.2,2026-06-16T09:06:30+05:30,2026-06-16T09:06:35+05:30
P-0006754,V-05,5,19.186752,72.852943,24.8,2026-06-16T09:06:40+05:30,2026-06-16T09:06:41+05:30
P-0006755,V-05,5,19.186168,72.853019,24.5,2026-06-16T09:06:50+05:30,2026-06-16T09:06:52+05:30
P-0006756,V-05,5,19.186015,72.85312,23.0,2026-06-16T09:07:00+05:30,2026-06-16T09:07:01+05:30
P-0006757,V-05,5,19.185584,72.85321,29.0,2026-06-16T09:07:10+05:30,2026-06-16T09:07:14+05:30
P-0006758,V-05,5,19.185092,72.853158,23.4,2026-06-16T09:07:20+05:30,2026-06-16T09:07:24+05:30
P-0006759,V-05,5,19.184439,72.853311,31.9,2026-06-16T09:07:30+05:30,2026-06-16T09:07:31+05:30
P-0006760,V-05,5,19.184286,72.852949,31.0,2026-06-16T09:07:40+05:30,2026-06-16T09:07:46+05:30
P-0006761,V-05,5,19.183944,72.853099,30.3,2026-06-16T09:07:50+05:30,2026-06-16T09:07:56+05:30
P-0006762,V-05,5,19.18316,72.853271,31.5,2026-06-16T09:08:00+05:30,2026-06-16T09:08:01+05:30
P-0006763,V-05,5,19.183027,72.853085,23.7,2026-06-16T09:08:10+05:30,2026-06-16T09:08:15+05:30
P-0006764,V-05,5,19.18228,72.852953,30.8,2026-06-16T09:08:20+05:30,2026-06-16T09:08:25+05:30
P-0006765,V-05,5,19.181938,72.853292,22.6,2026-06-16T09:08:30+05:30,2026-06-16T09:08:33+05:30
P-0006766,V-05,5,19.181809,72.85307,27.5,2026-06-16T09:08:40+05:30,2026-06-16T09:08:41+05:30
P-0006767,V-05,5,19.181375,72.8528,32.3,2026-06-16T09:08:50+05:30,2026-06-16T09:08:52+05:30
P-0006768,V-05,5,19.180716,72.852813,31.8,2026-06-16T09:09:00+05:30,2026-06-16T09:09:06+05:30
P-0006769,V-05,5,19.180259,72.852673,27.6,2026-06-16T09:09:10+05:30,2026-06-16T09:09:14+05:30
P-0006770,V-05,5,19.179907,72.852219,31.8,2026-06-16T09:09:20+05:30,2026-06-16T09:09:23+05:30
P-0006771,V-05,5,19.179733,72.852157,24.4,2026-06-16T09:09:30+05:30,2026-06-16T09:09:33+05:30
P-0006772,V-05,5,19.179351,72.852389,31.2,2026-06-16T09:09:40+05:30,2026-06-16T09:09:41+05:30
P-0006773,V-05,5,19.178618,72.851906,25.4,2026-06-16T09:09:50+05:30,2026-06-16T09:09:55+05:30
P-0006774,V-05,5,19.178114,72.851873,21.0,2026-06-16T09:10:00+05:30,2026-06-16T09:10:02+05:30
P-0006775,V-05,5,19.177901,72.851882,26.9,2026-06-16T09:10:10+05:30,2026-06-16T09:10:13+05:30
P-0006776,V-05,5,19.177441,72.851743,26.4,2026-06-16T09:10:20+05:30,2026-06-16T09:10:22+05:30
P-0006777,V-05,5,19.176834,72.851585,25.8,2026-06-16T09:10:30+05:30,2026-06-16T09:10:36+05:30
P-0006778,V-05,5,19.176724,72.851626,26.9,2026-06-16T09:10:40+05:30,2026-06-16T09:10:41+05:30
P-0006779,V-05,5,19.176204,72.851068,20.2,2026-06-16T09:10:50+05:30,2026-06-16T09:10:54+05:30
P-0006780,V-05,5,19.175883,72.851239,31.0,2026-06-16T09:11:00+05:30,2026-06-16T09:11:03+05:30
P-0006781,V-05,5,19.175163,72.850844,20.5,2026-06-16T09:11:10+05:30,2026-06-16T09:11:15+05:30
P-0006782,V-05,5,19.174786,72.850751,29.2,2026-06-16T09:11:20+05:30,2026-06-16T09:11:25+05:30
P-0006783,V-05,5,19.174593,72.850714,19.8,2026-06-16T09:11:30+05:30,2026-06-16T09:11:35+05:30
P-0006784,V-05,5,19.174338,72.850829,23.2,2026-06-16T09:11:40+05:30,2026-06-16T09:11:42+05:30
P-0006785,V-05,5,19.173657,72.850497,22.5,2026-06-16T09:11:50+05:30,2026-06-16T09:11:55+05:30
P-0006786,V-05,5,19.173204,72.850548,28.1,2026-06-16T09:12:00+05:30,2026-06-16T09:12:06+05:30
P-0006787,V-05,5,19.173074,72.850331,22.1,2026-06-16T09:12:10+05:30,2026-06-16T09:12:12+05:30
P-0006788,V-05,5,19.172195,72.850151,30.5,2026-06-16T09:12:20+05:30,2026-06-16T09:12:21+05:30
P-0006789,V-05,5,19.171782,72.850015,21.2,2026-06-16T09:12:30+05:30,2026-06-16T09:12:35+05:30
P-0006790,V-05,5,19.17174,72.849812,28.4,2026-06-16T09:12:40+05:30,2026-06-16T09:12:43+05:30
P-0006791,V-05,5,19.170949,72.849582,19.9,2026-06-16T09:12:50+05:30,2026-06-16T09:12:56+05:30
P-0006792,V-05,5,19.170992,72.849766,23.1,2026-06-16T09:13:00+05:30,2026-06-16T09:13:04+05:30
P-0006793,V-05,5,19.170288,72.849293,29.9,2026-06-16T09:13:10+05:30,2026-06-16T09:13:13+05:30
P-0006794,V-05,5,19.16971,72.849471,19.6,2026-06-16T09:13:20+05:30,2026-06-16T09:13:21+05:30
P-0006795,V-05,5,19.169547,72.849148,23.3,2026-06-16T09:13:30+05:30,2026-06-16T09:13:33+05:30
P-0006796,V-05,5,19.168984,72.849145,18.9,2026-06-16T09:13:40+05:30,2026-06-16T09:13:42+05:30
P-0006797,V-05,5,19.168512,72.84896,28.1,2026-06-16T09:13:50+05:30,2026-06-16T09:13:56+05:30
P-0006798,V-05,5,19.168155,72.849023,19.5,2026-06-16T09:14:00+05:30,2026-06-16T09:14:04+05:30
P-0006799,V-05,5,19.167757,72.848702,24.1,2026-06-16T09:14:10+05:30,2026-06-16T09:14:12+05:30
P-0006800,V-05,5,19.167368,72.848518,18.7,2026-06-16T09:14:20+05:30,2026-06-16T09:14:23+05:30
P-0006801,V-05,5,19.167154,72.848509,29.8,2026-06-16T09:14:30+05:30,2026-06-16T09:14:35+05:30
P-0006802,V-05,5,19.166397,72.848562,18.2,2026-06-16T09:14:40+05:30,2026-06-16T09:14:43+05:30
P-0006803,V-05,5,19.166204,72.848471,27.2,2026-06-16T09:14:50+05:30,2026-06-16T09:14:52+05:30
P-0006804,V-05,5,19.165596,72.848264,24.2,2026-06-16T09:15:00+05:30,2026-06-16T09:15:05+05:30
P-0006805,V-05,5,19.165173,72.848009,23.5,2026-06-16T09:15:10+05:30,2026-06-16T09:15:12+05:30
P-0006806,V-05,5,19.164964,72.847863,19.6,2026-06-16T09:15:20+05:30,2026-06-16T09:15:23+05:30
P-0006807,V-05,5,19.164543,72.847947,24.9,2026-06-16T09:15:30+05:30,2026-06-16T09:15:36+05:30
P-0006808,V-05,5,19.164153,72.847554,28.6,2026-06-16T09:15:40+05:30,2026-06-16T09:15:41+05:30
P-0006809,V-05,5,19.163609,72.847296,24.1,2026-06-16T09:15:50+05:30,2026-06-16T09:15:53+05:30
P-0006810,V-05,5,19.163392,72.847178,22.9,2026-06-16T09:16:00+05:30,2026-06-16T09:16:02+05:30
P-0006811,V-05,5,19.162733,72.847197,18.0,2026-06-16T09:16:10+05:30,2026-06-16T09:16:13+05:30
P-0006812,V-05,5,19.162504,72.846861,17.5,2026-06-16T09:16:20+05:30,2026-06-16T09:16:26+05:30
P-0006813,V-05,5,19.162105,72.846742,26.3,2026-06-16T09:16:30+05:30,2026-06-16T09:16:35+05:30
P-0006814,V-05,5,19.161735,72.847024,27.2,2026-06-16T09:16:40+05:30,2026-06-16T09:16:45+05:30
P-0006815,V-05,5,19.161139,72.846753,27.7,2026-06-16T09:16:50+05:30,2026-06-16T09:16:52+05:30
P-0006816,V-05,5,19.160959,72.846791,18.3,2026-06-16T09:17:00+05:30,2026-06-16T09:17:02+05:30
P-0006817,V-05,5,19.160088,72.846858,28.9,2026-06-16T09:17:10+05:30,2026-06-16T09:17:16+05:30
P-0006818,V-05,5,19.159891,72.84665,21.8,2026-06-16T09:17:20+05:30,2026-06-16T09:17:25+05:30
P-0006819,V-05,5,19.159491,72.846634,22.2,2026-06-16T09:17:30+05:30,2026-06-16T09:17:35+05:30
P-0006820,V-05,5,19.159066,72.846576,19.1,2026-06-16T09:17:40+05:30,2026-06-16T09:17:43+05:30
P-0006821,V-05,5,19.158605,72.846618,17.0,2026-06-16T09:17:50+05:30,2026-06-16T09:17:51+05:30
P-0006822,V-05,5,19.158117,72.846292,26.7,2026-06-16T09:18:00+05:30,2026-06-16T09:18:04+05:30
P-0006823,V-05,5,19.157681,72.846314,21.2,2026-06-16T09:18:10+05:30,2026-06-16T09:18:15+05:30
P-0006824,V-05,5,19.157119,72.846143,16.6,2026-06-16T09:18:20+05:30,2026-06-16T09:18:21+05:30
P-0006825,V-05,5,19.156887,72.846324,21.2,2026-06-16T09:18:30+05:30,2026-06-16T09:18:32+05:30
P-0006826,V-05,5,19.156357,72.846155,26.7,2026-06-16T09:18:40+05:30,2026-06-16T09:18:44+05:30
P-0006827,V-05,5,19.155987,72.845999,26.3,2026-06-16T09:18:50+05:30,2026-06-16T09:18:51+05:30
P-0006828,V-05,5,19.155339,72.846229,25.6,2026-06-16T09:19:00+05:30,2026-06-16T09:19:03+05:30
P-0006829,V-05,5,19.154996,72.846365,18.8,2026-06-16T09:19:10+05:30,2026-06-16T09:19:12+05:30
P-0006830,V-05,5,19.15474,72.84625,16.4,2026-06-16T09:19:20+05:30,2026-06-16T09:19:25+05:30
P-0006831,V-05,5,19.154365,72.846237,23.6,2026-06-16T09:19:30+05:30,2026-06-16T09:19:35+05:30
P-0006832,V-05,5,19.153597,72.845986,27.8,2026-06-16T09:19:40+05:30,2026-06-16T09:19:42+05:30
P-0006833,V-05,5,19.153177,72.845969,20.0,2026-06-16T09:19:50+05:30,2026-06-16T09:19:54+05:30
P-0006834,V-05,5,19.15309,72.845925,18.2,2026-06-16T09:20:00+05:30,2026-06-16T09:20:05+05:30
P-0006835,V-05,5,19.152742,72.846012,23.4,2026-06-16T09:20:10+05:30,2026-06-16T09:20:11+05:30
P-0006836,V-05,5,19.152205,72.845742,20.4,2026-06-16T09:20:20+05:30,2026-06-16T09:20:26+05:30
P-0006837,V-05,5,19.151701,72.845707,27.5,2026-06-16T09:20:30+05:30,2026-06-16T09:20:34+05:30
P-0006838,V-05,5,19.15103,72.845808,15.7,2026-06-16T09:20:40+05:30,2026-06-16T09:20:45+05:30
P-0006839,V-05,5,19.151023,72.845782,17.3,2026-06-16T09:20:50+05:30,2026-06-16T09:20:52+05:30
P-0006840,V-05,5,19.150247,72.845867,15.7,2026-06-16T09:21:00+05:30,2026-06-16T09:21:05+05:30
P-0006841,V-05,5,19.149798,72.845562,17.3,2026-06-16T09:21:10+05:30,2026-06-16T09:21:12+05:30
P-0006842,V-05,5,19.149545,72.845457,15.9,2026-06-16T09:21:20+05:30,2026-06-16T09:21:21+05:30
P-0006843,V-05,5,19.149231,72.845686,21.5,2026-06-16T09:21:30+05:30,2026-06-16T09:21:35+05:30
P-0006844,V-05,5,19.148821,72.845537,20.5,2026-06-16T09:21:40+05:30,2026-06-16T09:21:43+05:30
P-0006845,V-05,5,19.148439,72.84554,15.6,2026-06-16T09:21:50+05:30,2026-06-16T09:21:51+05:30
P-0006846,V-05,5,19.147773,72.845297,23.3,2026-06-16T09:22:00+05:30,2026-06-16T09:22:04+05:30
P-0006847,V-05,5,19.147207,72.845176,21.1,2026-06-16T09:22:10+05:30,2026-06-16T09:22:14+05:30
P-0006848,V-05,5,19.146824,72.845389,24.3,2026-06-16T09:22:20+05:30,2026-06-16T09:22:22+05:30
P-0006849,V-05,5,19.146341,72.845177,21.7,2026-06-16T09:22:30+05:30,2026-06-16T09:22:32+05:30
P-0006850,V-05,5,19.146034,72.845251,24.9,2026-06-16T09:22:40+05:30,2026-06-16T09:22:45+05:30
P-0006851,V-05,5,19.145416,72.844978,24.0,2026-06-16T09:22:50+05:30,2026-06-16T09:22:52+05:30
P-0006852,V-05,5,19.145178,72.845043,24.9,2026-06-16T09:23:00+05:30,2026-06-16T09:23:02+05:30
P-0006853,V-05,5,19.144772,72.845005,18.9,2026-06-16T09:23:10+05:30,2026-06-16T09:23:16+05:30
P-0006854,V-05,5,19.144532,72.845082,17.5,2026-06-16T09:23:20+05:30,2026-06-16T09:23:22+05:30
P-0006855,V-05,5,19.143956,72.845201,23.5,2026-06-16T09:23:30+05:30,2026-06-16T09:23:31+05:30
P-0006856,V-05,5,19.143385,72.844903,19.0,2026-06-16T09:23:40+05:30,2026-06-16T09:23:45+05:30
P-0006857,V-05,5,19.142907,72.844884,18.8,2026-06-16T09:23:50+05:30,2026-06-16T09:23:52+05:30
P-0006858,V-05,5,19.142747,72.844944,20.3,2026-06-16T09:24:00+05:30,2026-06-16T09:24:03+05:30
P-0006859,V-05,5,19.142208,72.844717,23.8,2026-06-16T09:24:10+05:30,2026-06-16T09:24:15+05:30
P-0006860,V-05,5,19.141835,72.844726,16.3,2026-06-16T09:24:20+05:30,2026-06-16T09:24:26+05:30
P-0006861,V-05,5,19.141438,72.844775,15.8,2026-06-16T09:24:30+05:30,2026-06-16T09:24:34+05:30
P-0006862,V-05,5,19.14076,72.844737,16.9,2026-06-16T09:24:40+05:30,2026-06-16T09:24:41+05:30
P-0006863,V-05,5,19.140458,72.844622,23.3,2026-06-16T09:24:50+05:30,2026-06-16T09:24:56+05:30
P-0006864,V-05,5,19.139887,72.844846,25.6,2026-06-16T09:25:00+05:30,2026-06-16T09:25:05+05:30
P-0006865,V-05,5,19.139541,72.84477,22.1,2026-06-16T09:25:10+05:30,2026-06-16T09:25:13+05:30
P-0006866,V-05,5,19.13897,72.844341,18.1,2026-06-16T09:25:20+05:30,2026-06-16T09:25:25+05:30
P-0006867,V-05,5,19.138428,72.844771,17.6,2026-06-16T09:25:30+05:30,2026-06-16T09:25:32+05:30
P-0006868,V-05,5,19.138394,72.844465,19.2,2026-06-16T09:25:40+05:30,2026-06-16T09:25:44+05:30
P-0006869,V-05,5,19.137809,72.844362,25.8,2026-06-16T09:25:50+05:30,2026-06-16T09:25:53+05:30
P-0006870,V-05,5,19.137557,72.844187,16.3,2026-06-16T09:26:00+05:30,2026-06-16T09:26:05+05:30
P-0006871,V-05,5,19.137176,72.844629,14.4,2026-06-16T09:26:10+05:30,2026-06-16T09:26:12+05:30
P-0006872,V-05,5,19.136574,72.844126,25.0,2026-06-16T09:26:20+05:30,2026-06-16T09:26:21+05:30
P-0006873,V-05,5,19.13601,72.844523,18.8,2026-06-16T09:26:30+05:30,2026-06-16T09:26:32+05:30
P-0006874,V-05,5,19.135636,72.844487,19.0,2026-06-16T09:26:40+05:30,2026-06-16T09:26:42+05:30
P-0006875,V-05,5,19.13521,72.844226,20.6,2026-06-16T09:26:50+05:30,2026-06-16T09:26:56+05:30
P-0006876,V-05,5,19.134576,72.844606,24.7,2026-06-16T09:27:00+05:30,2026-06-16T09:27:03+05:30
P-0006877,V-05,5,19.134285,72.844545,22.2,2026-06-16T09:27:10+05:30,2026-06-16T09:27:11+05:30
P-0006878,V-05,5,19.134094,72.844644,22.0,2026-06-16T09:27:20+05:30,2026-06-16T09:27:24+05:30
P-0006879,V-05,5,19.133358,72.84456,16.2,2026-06-16T09:27:30+05:30,2026-06-16T09:27:33+05:30
P-0006880,V-05,5,19.1332,72.844586,22.7,2026-06-16T09:27:40+05:30,2026-06-16T09:27:46+05:30
P-0006881,V-05,5,19.132352,72.844553,21.0,2026-06-16T09:27:50+05:30,2026-06-16T09:27:55+05:30
P-0006882,V-05,5,19.132171,72.844604,14.1,2026-06-16T09:28:00+05:30,2026-06-16T09:28:06+05:30
P-0006883,V-05,5,19.13165,72.844344,21.2,2026-06-16T09:28:10+05:30,2026-06-16T09:28:12+05:30
P-0006884,V-05,5,19.131123,72.844643,21.8,2026-06-16T09:28:20+05:30,2026-06-16T09:28:24+05:30
P-0006885,V-05,5,19.130925,72.844616,16.8,2026-06-16T09:28:30+05:30,2026-06-16T09:28:34+05:30
P-0006886,V-05,5,19.130165,72.844759,17.1,2026-06-16T09:28:40+05:30,2026-06-16T09:28:43+05:30
P-0006887,V-05,5,19.129763,72.844888,16.8,2026-06-16T09:28:50+05:30,2026-06-16T09:28:53+05:30
P-0006888,V-05,5,19.129598,72.844904,17.4,2026-06-16T09:29:00+05:30,2026-06-16T09:29:01+05:30
P-0006889,V-05,5,19.128893,72.844586,15.8,2026-06-16T09:29:10+05:30,2026-06-16T09:29:12+05:30
P-0006890,V-05,5,19.128864,72.844544,20.8,2026-06-16T09:29:20+05:30,2026-06-16T09:29:24+05:30
P-0006891,V-05,5,19.12806,72.844895,19.8,2026-06-16T09:29:30+05:30,2026-06-16T09:29:35+05:30
P-0006892,V-05,5,19.127863,72.844849,20.6,2026-06-16T09:29:40+05:30,2026-06-16T09:29:44+05:30
P-0006893,V-05,5,19.127131,72.84498,23.4,2026-06-16T09:29:50+05:30,2026-06-16T09:29:56+05:30
P-0006894,V-05,5,19.127022,72.844987,19.7,2026-06-16T09:30:00+05:30,2026-06-16T09:30:04+05:30
P-0006895,V-05,5,19.126465,72.844861,24.0,2026-06-16T09:30:10+05:30,2026-06-16T09:30:14+05:30
P-0006896,V-05,5,19.125992,72.844951,24.3,2026-06-16T09:30:20+05:30,2026-06-16T09:30:24+05:30
P-0006897,V-05,5,19.125516,72.845197,24.6,2026-06-16T09:30:30+05:30,2026-06-16T09:30:36+05:30
P-0006898,V-05,5,19.125357,72.844848,18.9,2026-06-16T09:30:40+05:30,2026-06-16T09:30:46+05:30
P-0006899,V-05,5,19.12462,72.845181,15.5,2026-06-16T09:30:50+05:30,2026-06-16T09:30:54+05:30
P-0006900,V-05,5,19.124182,72.844826,22.0,2026-06-16T09:31:00+05:30,2026-06-16T09:31:05+05:30
P-0006901,V-05,5,19.123711,72.844851,20.7,2026-06-16T09:31:10+05:30,2026-06-16T09:31:15+05:30
P-0006902,V-05,5,19.12345,72.844957,19.4,2026-06-16T09:31:20+05:30,2026-06-16T09:31:21+05:30
P-0006903,V-05,5,19.123274,72.845269,21.6,2026-06-16T09:31:30+05:30,2026-06-16T09:31:31+05:30
P-0006904,V-05,5,19.122681,72.845235,22.9,2026-06-16T09:31:40+05:30,2026-06-16T09:31:41+05:30
P-0006905,V-05,5,19.121959,72.845292,21.5,2026-06-16T09:31:50+05:30,2026-06-16T09:31:51+05:30
P-0006906,V-05,5,19.121765,72.845094,15.7,2026-06-16T09:32:00+05:30,2026-06-16T09:32:03+05:30
P-0006907,V-05,5,19.121229,72.845215,20.5,2026-06-16T09:32:10+05:30,2026-06-16T09:32:14+05:30
P-0006908,V-05,5,19.12091,72.845117,14.5,2026-06-16T09:32:20+05:30,2026-06-16T09:32:21+05:30
P-0006909,V-05,5,19.120367,72.845488,14.8,2026-06-16T09:32:30+05:30,2026-06-16T09:32:31+05:30
P-0006910,V-05,5,19.120145,72.845206,13.9,2026-06-16T09:32:40+05:30,2026-06-16T09:32:42+05:30
P-0006911,V-05,5,19.119344,72.845158,18.5,2026-06-16T09:32:50+05:30,2026-06-16T09:32:53+05:30
P-0006912,V-05,5,19.119362,72.845602,19.5,2026-06-16T09:33:00+05:30,2026-06-16T09:33:03+05:30
P-0006913,V-05,5,19.11871,72.845491,24.2,2026-06-16T09:33:10+05:30,2026-06-16T09:33:14+05:30
P-0006914,V-05,5,19.118113,72.84524,18.3,2026-06-16T09:33:20+05:30,2026-06-16T09:33:21+05:30
P-0006915,V-05,5,19.117659,72.845379,13.3,2026-06-16T09:33:30+05:30,2026-06-16T09:33:31+05:30
P-0006916,V-05,5,19.117196,72.845617,14.8,2026-06-16T09:33:40+05:30,2026-06-16T09:33:42+05:30
P-0006917,V-05,5,19.11699,72.845571,13.7,2026-06-16T09:33:50+05:30,2026-06-16T09:33:55+05:30
P-0006918,V-05,5,19.116678,72.845569,12.7,2026-06-16T09:34:00+05:30,2026-06-16T09:34:03+05:30
P-0006919,V-05,5,19.116029,72.845457,22.0,2026-06-16T09:34:10+05:30,2026-06-16T09:34:13+05:30
P-0006920,V-05,5,19.115731,72.845599,13.7,2026-06-16T09:34:20+05:30,2026-06-16T09:34:23+05:30
P-0006921,V-05,5,19.11525,72.845537,12.8,2026-06-16T09:34:30+05:30,2026-06-16T09:34:32+05:30
P-0006922,V-05,5,19.114785,72.845656,16.8,2026-06-16T09:34:40+05:30,2026-06-16T09:34:44+05:30
P-0006923,V-05,5,19.114145,72.845584,18.0,2026-06-16T09:34:50+05:30,2026-06-16T09:34:56+05:30
P-0006924,V-05,5,19.114019,72.845534,19.7,2026-06-16T09:35:00+05:30,2026-06-16T09:35:06+05:30
P-0006925,V-05,5,19.113455,72.845572,18.5,2026-06-16T09:35:10+05:30,2026-06-16T09:35:11+05:30
P-0006926,V-05,5,19.112926,72.846021,14.0,2026-06-16T09:35:20+05:30,2026-06-16T09:35:25+05:30
P-0006927,V-05,5,19.112708,72.846053,15.2,2026-06-16T09:35:30+05:30,2026-06-16T09:35:31+05:30
P-0006928,V-05,5,19.112227,72.845655,17.5,2026-06-16T09:35:40+05:30,2026-06-16T09:35:43+05:30
P-0006929,V-05,5,19.111674,72.84608,17.1,2026-06-16T09:35:50+05:30,2026-06-16T09:35:52+05:30
P-0006930,V-05,5,19.111395,72.845732,14.5,2026-06-16T09:36:00+05:30,2026-06-16T09:36:04+05:30
P-0006931,V-05,5,19.110708,72.845819,21.3,2026-06-16T09:36:10+05:30,2026-06-16T09:36:12+05:30
P-0006932,V-05,5,19.110558,72.845774,18.0,2026-06-16T09:36:20+05:30,2026-06-16T09:36:24+05:30
P-0006933,V-05,5,19.110247,72.845424,21.1,2026-06-16T09:36:30+05:30,2026-06-16T09:36:32+05:30
P-0006934,V-05,5,19.109781,72.845593,17.0,2026-06-16T09:36:40+05:30,2026-06-16T09:36:46+05:30
P-0006935,V-05,5,19.109106,72.845237,22.6,2026-06-16T09:36:50+05:30,2026-06-16T09:36:52+05:30
P-0006936,V-05,5,19.108964,72.84527,22.6,2026-06-16T09:37:00+05:30,2026-06-16T09:37:03+05:30
P-0006937,V-05,5,19.108433,72.845135,14.0,2026-06-16T09:37:10+05:30,2026-06-16T09:37:16+05:30
P-0006938,V-05,5,19.107846,72.845259,12.0,2026-06-16T09:37:20+05:30,2026-06-16T09:37:23+05:30
P-0006939,V-05,5,19.107303,72.845053,18.8,2026-06-16T09:37:30+05:30,2026-06-16T09:37:32+05:30
P-0006940,V-05,5,19.107277,72.844811,16.4,2026-06-16T09:37:40+05:30,2026-06-16T09:37:42+05:30
P-0006941,V-05,5,19.106837,72.845116,21.5,2026-06-16T09:37:50+05:30,2026-06-16T09:37:56+05:30
P-0006942,V-05,5,19.106177,72.844788,17.5,2026-06-16T09:38:00+05:30,2026-06-16T09:38:05+05:30
P-0006943,V-05,5,19.105804,72.844589,17.2,2026-06-16T09:38:10+05:30,2026-06-16T09:38:13+05:30
P-0006944,V-05,5,19.105413,72.844713,20.5,2026-06-16T09:38:20+05:30,2026-06-16T09:38:26+05:30
P-0006945,V-05,5,19.10507,72.844498,19.5,2026-06-16T09:38:30+05:30,2026-06-16T09:38:35+05:30
P-0006946,V-05,5,19.104249,72.844595,14.1,2026-06-16T09:38:40+05:30,2026-06-16T09:38:43+05:30
P-0006947,V-05,5,19.103814,72.844177,17.4,2026-06-16T09:38:50+05:30,2026-06-16T09:38:51+05:30
P-0006948,V-05,5,19.103617,72.844366,16.3,2026-06-16T09:39:00+05:30,2026-06-16T09:39:03+05:30
P-0006949,V-05,5,19.103208,72.844475,15.8,2026-06-16T09:39:10+05:30,2026-06-16T09:39:11+05:30
P-0006950,V-05,5,19.102606,72.843964,12.7,2026-06-16T09:39:20+05:30,2026-06-16T09:39:21+05:30
P-0006951,V-05,5,19.102194,72.843991,13.0,2026-06-16T09:39:30+05:30,2026-06-16T09:39:36+05:30
P-0006952,V-05,5,19.101972,72.844109,19.6,2026-06-16T09:39:40+05:30,2026-06-16T09:39:41+05:30
P-0006953,V-05,5,19.10153,72.844058,20.6,2026-06-16T09:39:50+05:30,2026-06-16T09:39:51+05:30
P-0006954,V-05,5,19.10097,72.843718,16.0,2026-06-16T09:40:00+05:30,2026-06-16T09:40:03+05:30
P-0006955,V-05,5,19.100546,72.843778,17.4,2026-06-16T09:40:10+05:30,2026-06-16T09:40:12+05:30
P-0006956,V-05,5,19.1002,72.843705,20.9,2026-06-16T09:40:20+05:30,2026-06-16T09:40:22+05:30
P-0006957,V-05,5,19.099641,72.843666,13.5,2026-06-16T09:40:30+05:30,2026-06-16T09:40:35+05:30
P-0006958,V-05,5,19.099174,72.84329,17.0,2026-06-16T09:40:40+05:30,2026-06-16T09:40:42+05:30
P-0006959,V-05,5,19.099103,72.843316,12.9,2026-06-16T09:40:50+05:30,2026-06-16T09:40:52+05:30
P-0006960,V-05,5,19.098484,72.843204,12.7,2026-06-16T09:41:00+05:30,2026-06-16T09:41:03+05:30
P-0006961,V-05,5,19.098046,72.843211,20.1,2026-06-16T09:41:10+05:30,2026-06-16T09:41:15+05:30
P-0006962,V-05,5,19.097599,72.843393,22.1,2026-06-16T09:41:20+05:30,2026-06-16T09:41:24+05:30
P-0006963,V-05,5,19.097251,72.843213,15.1,2026-06-16T09:41:30+05:30,2026-06-16T09:41:36+05:30
P-0006964,V-05,5,19.096947,72.842828,23.3,2026-06-16T09:41:40+05:30,2026-06-16T09:41:46+05:30
P-0006965,V-05,5,19.09634,72.842855,19.6,2026-06-16T09:41:50+05:30,2026-06-16T09:41:53+05:30
P-0006966,V-05,5,19.095964,72.842953,15.3,2026-06-16T09:42:00+05:30,2026-06-16T09:42:03+05:30
P-0006967,V-05,5,19.095402,72.842929,16.8,2026-06-16T09:42:10+05:30,2026-06-16T09:42:13+05:30
P-0006968,V-05,5,19.095111,72.842788,13.0,2026-06-16T09:42:20+05:30,2026-06-16T09:42:24+05:30
P-0006969,V-05,5,19.094783,72.84276,23.9,2026-06-16T09:42:30+05:30,2026-06-16T09:42:33+05:30
P-0006970,V-05,5,19.094403,72.842461,21.1,2026-06-16T09:42:40+05:30,2026-06-16T09:42:43+05:30
P-0006971,V-05,5,19.093683,72.842247,21.2,2026-06-16T09:42:50+05:30,2026-06-16T09:42:53+05:30
P-0006972,V-05,5,19.093374,72.842468,12.4,2026-06-16T09:43:00+05:30,2026-06-16T09:43:01+05:30
P-0006973,V-05,5,19.092874,72.842212,18.8,2026-06-16T09:43:10+05:30,2026-06-16T09:43:15+05:30
P-0006974,V-05,5,19.092592,72.842268,15.6,2026-06-16T09:43:20+05:30,2026-06-16T09:43:26+05:30
P-0006975,V-05,5,19.092208,72.841996,20.7,2026-06-16T09:43:30+05:30,2026-06-16T09:43:32+05:30
P-0006976,V-05,5,19.091886,72.84213,13.6,2026-06-16T09:43:40+05:30,2026-06-16T09:43:45+05:30
P-0006977,V-05,5,19.091438,72.841765,20.7,2026-06-16T09:43:50+05:30,2026-06-16T09:43:52+05:30
P-0006978,V-05,5,19.090625,72.841919,21.7,2026-06-16T09:44:00+05:30,2026-06-16T09:44:03+05:30
P-0006979,V-05,5,19.090161,72.841856,13.6,2026-06-16T09:44:10+05:30,2026-06-16T09:44:14+05:30
P-0006980,V-05,5,19.089893,72.841665,13.8,2026-06-16T09:44:20+05:30,2026-06-16T09:44:26+05:30
P-0006981,V-05,5,19.089363,72.841346,18.7,2026-06-16T09:44:30+05:30,2026-06-16T09:44:35+05:30
P-0006982,V-05,5,19.0889,72.841566,13.2,2026-06-16T09:44:40+05:30,2026-06-16T09:44:43+05:30
P-0006983,V-05,5,19.08881,72.841026,20.2,2026-06-16T09:44:50+05:30,2026-06-16T09:44:52+05:30
P-0006984,V-05,5,19.088375,72.841059,12.5,2026-06-16T09:45:00+05:30,2026-06-16T09:45:03+05:30
P-0006985,V-05,5,19.087711,72.841127,19.4,2026-06-16T09:45:10+05:30,2026-06-16T09:45:14+05:30
P-0006986,V-05,5,19.087477,72.840843,18.3,2026-06-16T09:45:20+05:30,2026-06-16T09:45:23+05:30
P-0006987,V-05,5,19.08699,72.840764,23.6,2026-06-16T09:45:30+05:30,2026-06-16T09:45:36+05:30
P-0006988,V-05,5,19.086667,72.840957,13.5,2026-06-16T09:45:40+05:30,2026-06-16T09:45:44+05:30
P-0006989,V-05,5,19.086052,72.840786,21.6,2026-06-16T09:45:50+05:30,2026-06-16T09:45:51+05:30
P-0006990,V-05,5,19.085493,72.840298,16.1,2026-06-16T09:46:00+05:30,2026-06-16T09:46:01+05:30
P-0006991,V-05,5,19.08536,72.840431,15.2,2026-06-16T09:46:10+05:30,2026-06-16T09:46:13+05:30
P-0006992,V-05,5,19.0847,72.840365,14.7,2026-06-16T09:46:20+05:30,2026-06-16T09:46:23+05:30
P-0006993,V-05,5,19.084299,72.840354,13.6,2026-06-16T09:46:30+05:30,2026-06-16T09:46:32+05:30
P-0006994,V-05,5,19.084026,72.839872,23.7,2026-06-16T09:46:40+05:30,2026-06-16T09:46:41+05:30
P-0006995,V-05,5,19.083803,72.839755,21.1,2026-06-16T09:46:50+05:30,2026-06-16T09:46:55+05:30
P-0006996,V-05,5,19.083019,72.839681,18.2,2026-06-16T09:47:00+05:30,2026-06-16T09:47:01+05:30
P-0006997,V-05,5,19.083012,72.839791,23.8,2026-06-16T09:47:10+05:30,2026-06-16T09:47:11+05:30
P-0006998,V-05,5,19.08225,72.839844,16.6,2026-06-16T09:47:20+05:30,2026-06-16T09:47:22+05:30
P-0006999,V-05,5,19.081958,72.839479,18.3,2026-06-16T09:47:30+05:30,2026-06-16T09:47:32+05:30
P-0007000,V-05,5,19.081646,72.839629,22.1,2026-06-16T09:47:40+05:30,2026-06-16T09:47:41+05:30
P-0007001,V-05,5,19.080923,72.839115,22.7,2026-06-16T09:47:50+05:30,2026-06-16T09:47:51+05:30
P-0007002,V-05,5,19.080706,72.838965,19.3,2026-06-16T09:48:00+05:30,2026-06-16T09:48:06+05:30
P-0007003,V-05,5,19.080071,72.839147,19.2,2026-06-16T09:48:10+05:30,2026-06-16T09:48:12+05:30
P-0007004,V-05,5,19.080003,72.838776,23.4,2026-06-16T09:48:20+05:30,2026-06-16T09:48:25+05:30
P-0007005,V-05,5,19.079166,72.839055,23.0,2026-06-16T09:48:30+05:30,2026-06-16T09:48:35+05:30
P-0007006,V-05,5,19.078899,72.838883,19.1,2026-06-16T09:48:40+05:30,2026-06-16T09:48:44+05:30
P-0007007,V-05,5,19.078454,72.838787,23.0,2026-06-16T09:48:50+05:30,2026-06-16T09:48:54+05:30
P-0007008,V-05,5,19.078295,72.838422,20.9,2026-06-16T09:49:00+05:30,2026-06-16T09:49:06+05:30
P-0007009,V-05,5,19.077494,72.838343,16.9,2026-06-16T09:49:10+05:30,2026-06-16T09:49:11+05:30
P-0007010,V-05,5,19.077519,72.838443,23.5,2026-06-16T09:49:20+05:30,2026-06-16T09:49:22+05:30
P-0007011,V-05,5,19.076836,72.838158,16.4,2026-06-16T09:49:30+05:30,2026-06-16T09:49:32+05:30
P-0007012,V-05,5,19.076684,72.838092,20.9,2026-06-16T09:49:40+05:30,2026-06-16T09:49:44+05:30
P-0007013,V-05,5,19.076108,72.83816,24.7,2026-06-16T09:49:50+05:30,2026-06-16T09:49:52+05:30
P-0007014,V-05,5,19.075735,72.837722,22.8,2026-06-16T09:50:00+05:30,2026-06-16T09:50:01+05:30
P-0007015,V-05,5,19.075178,72.837815,21.5,2026-06-16T09:50:10+05:30,2026-06-16T09:50:11+05:30
P-0007016,V-05,5,19.074664,72.837551,14.3,2026-06-16T09:50:20+05:30,2026-06-16T09:50:26+05:30
P-0007017,V-05,5,19.074292,72.837761,18.5,2026-06-16T09:50:30+05:30,2026-06-16T09:50:32+05:30
P-0007018,V-05,5,19.073903,72.837293,16.2,2026-06-16T09:50:40+05:30,2026-06-16T09:50:45+05:30
P-0007019,V-05,5,19.073492,72.837532,21.7,2026-06-16T09:50:50+05:30,2026-06-16T09:50:55+05:30
P-0007020,V-05,5,19.072982,72.837261,18.5,2026-06-16T09:51:00+05:30,2026-06-16T09:51:03+05:30
P-0007021,V-05,5,19.072901,72.837378,20.6,2026-06-16T09:51:10+05:30,2026-06-16T09:51:12+05:30
P-0007022,V-05,5,19.072369,72.836932,25.3,2026-06-16T09:51:20+05:30,2026-06-16T09:51:26+05:30
P-0007023,V-05,5,19.071881,72.836771,16.7,2026-06-16T09:51:30+05:30,2026-06-16T09:51:34+05:30
P-0007024,V-05,5,19.071565,72.836715,20.9,2026-06-16T09:51:40+05:30,2026-06-16T09:51:41+05:30
P-0007025,V-05,5,19.071218,72.836762,24.3,2026-06-16T09:51:50+05:30,2026-06-16T09:51:52+05:30
P-0007026,V-05,5,19.070686,72.836693,17.5,2026-06-16T09:52:00+05:30,2026-06-16T09:52:04+05:30
P-0007027,V-05,5,19.070207,72.836715,15.8,2026-06-16T09:52:10+05:30,2026-06-16T09:52:16+05:30
P-0007028,V-05,5,19.069547,72.836481,15.8,2026-06-16T09:52:20+05:30,2026-06-16T09:52:26+05:30
P-0007029,V-05,5,19.069366,72.836543,16.7,2026-06-16T09:52:30+05:30,2026-06-16T09:52:33+05:30
P-0007030,V-05,5,19.068629,72.836201,22.6,2026-06-16T09:52:40+05:30,2026-06-16T09:52:44+05:30
P-0007031,V-05,5,19.068374,72.836109,15.0,2026-06-16T09:52:50+05:30,2026-06-16T09:52:52+05:30
P-0007032,V-05,5,19.067773,72.835959,21.2,2026-06-16T09:53:00+05:30,2026-06-16T09:53:01+05:30
P-0007033,V-05,5,19.067452,72.835807,22.5,2026-06-16T09:53:10+05:30,2026-06-16T09:53:12+05:30
P-0007034,V-05,5,19.067312,72.836053,18.8,2026-06-16T09:53:20+05:30,2026-06-16T09:53:22+05:30
P-0007035,V-05,5,19.06681,72.835598,23.1,2026-06-16T09:53:30+05:30,2026-06-16T09:53:33+05:30
P-0007036,V-05,5,19.066439,72.83587,23.0,2026-06-16T09:53:40+05:30,2026-06-16T09:53:41+05:30
P-0007037,V-05,5,19.066025,72.835379,18.6,2026-06-16T09:53:50+05:30,2026-06-16T09:53:52+05:30
P-0007038,V-05,5,19.065592,72.835493,18.4,2026-06-16T09:54:00+05:30,2026-06-16T09:54:05+05:30
P-0007039,V-05,5,19.064908,72.835308,17.0,2026-06-16T09:54:10+05:30,2026-06-16T09:54:12+05:30
P-0007040,V-05,5,19.06475,72.835568,24.4,2026-06-16T09:54:20+05:30,2026-06-16T09:54:21+05:30
P-0007041,V-05,5,19.064209,72.835152,22.4,2026-06-16T09:54:30+05:30,2026-06-16T09:54:36+05:30
P-0007042,V-05,5,19.063976,72.835408,17.8,2026-06-16T09:54:40+05:30,2026-06-16T09:54:46+05:30
P-0007043,V-05,5,19.063385,72.835298,22.9,2026-06-16T09:54:50+05:30,2026-06-16T09:54:55+05:30
P-0007044,V-05,5,19.062801,72.835198,16.3,2026-06-16T09:55:00+05:30,2026-06-16T09:55:04+05:30
P-0007045,V-05,5,19.062473,72.834934,16.8,2026-06-16T09:55:10+05:30,2026-06-16T09:55:11+05:30
P-0007046,V-05,5,19.061864,72.834695,22.6,2026-06-16T09:55:20+05:30,2026-06-16T09:55:22+05:30
P-0007047,V-05,5,19.061391,72.834805,15.9,2026-06-16T09:55:30+05:30,2026-06-16T09:55:34+05:30
P-0007048,V-05,5,19.0612,72.834651,19.4,2026-06-16T09:55:40+05:30,2026-06-16T09:55:43+05:30
P-0007049,V-05,5,19.060821,72.834618,22.4,2026-06-16T09:55:50+05:30,2026-06-16T09:55:55+05:30
P-0007050,V-05,5,19.060442,72.834476,20.9,2026-06-16T09:56:00+05:30,2026-06-16T09:56:05+05:30
P-0007051,V-05,5,19.060067,72.83461,19.2,2026-06-16T09:56:10+05:30,2026-06-16T09:56:11+05:30
P-0007052,V-05,5,19.059619,72.834241,20.4,2026-06-16T09:56:20+05:30,2026-06-16T09:56:23+05:30
P-0007053,V-05,5,19.058889,72.834181,26.7,2026-06-16T09:56:30+05:30,2026-06-16T09:56:36+05:30
P-0007054,V-05,5,19.05886,72.834131,15.4,2026-06-16T09:56:40+05:30,2026-06-16T09:56:46+05:30
P-0007055,V-05,5,19.058029,72.833946,27.4,2026-06-16T09:56:50+05:30,2026-06-16T09:56:54+05:30
P-0007056,V-05,5,19.057924,72.834121,26.6,2026-06-16T09:57:00+05:30,2026-06-16T09:57:04+05:30
P-0007057,V-05,5,19.057212,72.834154,24.2,2026-06-16T09:57:10+05:30,2026-06-16T09:57:12+05:30
P-0007058,V-05,5,19.056658,72.833783,25.3,2026-06-16T09:57:20+05:30,2026-06-16T09:57:23+05:30
P-0007059,V-05,5,19.056515,72.833883,19.4,2026-06-16T09:57:30+05:30,2026-06-16T09:57:33+05:30
P-0007060,V-05,5,19.056218,72.833697,25.5,2026-06-16T09:57:40+05:30,2026-06-16T09:57:41+05:30
P-0007061,V-05,5,19.05554,72.833697,23.5,2026-06-16T09:57:50+05:30,2026-06-16T09:57:56+05:30
P-0007062,V-05,5,19.055135,72.833293,24.8,2026-06-16T09:58:00+05:30,2026-06-16T09:58:02+05:30
P-0007063,V-05,5,19.054889,72.833204,24.8,2026-06-16T09:58:10+05:30,2026-06-16T09:58:12+05:30
P-0007064,V-05,5,19.054551,72.833282,17.3,2026-06-16T09:58:20+05:30,2026-06-16T09:58:21+05:30
P-0007065,V-05,5,19.053762,72.833413,26.7,2026-06-16T09:58:30+05:30,2026-06-16T09:58:36+05:30
P-0007066,V-05,5,19.053424,72.833235,18.3,2026-06-16T09:58:40+05:30,2026-06-16T09:58:46+05:30
P-0007067,V-05,5,19.052929,72.83322,17.7,2026-06-16T09:58:50+05:30,2026-06-16T09:58:55+05:30
P-0007068,V-05,5,19.052506,72.832991,23.7,2026-06-16T09:59:00+05:30,2026-06-16T09:59:06+05:30
P-0007069,V-05,5,19.051978,72.833119,21.3,2026-06-16T09:59:10+05:30,2026-06-16T09:59:12+05:30
P-0007070,V-05,5,19.051863,72.832816,26.7,2026-06-16T09:59:20+05:30,2026-06-16T09:59:24+05:30
P-0007071,V-05,5,19.051499,72.832735,17.1,2026-06-16T09:59:30+05:30,2026-06-16T09:59:34+05:30
P-0007072,V-05,5,19.050769,72.832478,21.4,2026-06-16T09:59:40+05:30,2026-06-16T09:59:43+05:30
P-0007073,V-05,5,19.050457,72.832629,20.1,2026-06-16T09:59:50+05:30,2026-06-16T09:59:52+05:30
P-0007074,V-05,5,19.050064,72.832702,17.0,2026-06-16T10:00:00+05:30,2026-06-16T10:00:01+05:30
P-0007075,V-05,5,19.049566,72.832631,20.1,2026-06-16T10:00:10+05:30,2026-06-16T10:00:16+05:30
P-0007076,V-05,5,19.049267,72.832553,25.6,2026-06-16T10:00:20+05:30,2026-06-16T10:00:22+05:30
P-0007077,V-05,5,19.049024,72.832207,24.4,2026-06-16T10:00:30+05:30,2026-06-16T10:00:34+05:30
P-0007078,V-05,5,19.0483,72.832231,27.6,2026-06-16T10:00:40+05:30,2026-06-16T10:00:43+05:30
P-0007079,V-05,5,19.047779,72.832156,25.4,2026-06-16T10:00:50+05:30,2026-06-16T10:00:53+05:30
P-0007080,V-05,5,19.047538,72.83222,20.0,2026-06-16T10:01:00+05:30,2026-06-16T10:01:04+05:30
P-0007081,V-05,5,19.046908,72.832143,26.7,2026-06-16T10:01:10+05:30,2026-06-16T10:01:11+05:30
P-0007082,V-05,5,19.046619,72.832259,17.5,2026-06-16T10:01:20+05:30,2026-06-16T10:01:23+05:30
P-0007083,V-05,5,19.045972,72.831984,27.7,2026-06-16T10:01:30+05:30,2026-06-16T10:01:31+05:30
P-0007084,V-05,5,19.045911,72.8323,21.3,2026-06-16T10:01:40+05:30,2026-06-16T10:01:44+05:30
P-0007085,V-05,5,19.045318,72.832309,21.3,2026-06-16T10:01:50+05:30,2026-06-16T10:01:54+05:30
P-0007086,V-05,5,19.044879,72.832348,28.4,2026-06-16T10:02:00+05:30,2026-06-16T10:02:01+05:30
P-0007087,V-05,5,19.044205,72.832496,21.9,2026-06-16T10:02:10+05:30,2026-06-16T10:02:13+05:30
P-0007088,V-05,5,19.044063,72.832556,25.1,2026-06-16T10:02:20+05:30,2026-06-16T10:02:23+05:30
P-0007089,V-05,5,19.043443,72.832248,26.7,2026-06-16T10:02:30+05:30,2026-06-16T10:02:34+05:30
P-0007090,V-05,5,19.043226,72.832523,20.4,2026-06-16T10:02:40+05:30,2026-06-16T10:02:43+05:30
P-0007091,V-05,5,19.042671,72.832555,23.2,2026-06-16T10:02:50+05:30,2026-06-16T10:02:56+05:30
P-0007092,V-05,5,19.042289,72.832566,19.5,2026-06-16T10:03:00+05:30,2026-06-16T10:03:05+05:30
P-0007093,V-05,5,19.041704,72.832414,24.7,2026-06-16T10:03:10+05:30,2026-06-16T10:03:14+05:30
P-0007094,V-05,5,19.041289,72.832562,28.0,2026-06-16T10:03:20+05:30,2026-06-16T10:03:25+05:30
P-0007095,V-05,5,19.041019,72.832663,18.7,2026-06-16T10:03:30+05:30,2026-06-16T10:03:36+05:30
P-0007096,V-05,5,19.040688,72.832466,24.3,2026-06-16T10:03:40+05:30,2026-06-16T10:03:41+05:30
P-0007097,V-05,5,19.039903,72.832326,23.9,2026-06-16T10:03:50+05:30,2026-06-16T10:03:55+05:30
P-0007098,V-05,5,19.039461,72.83263,27.5,2026-06-16T10:04:00+05:30,2026-06-16T10:04:02+05:30
P-0007099,V-05,5,19.03904,72.832638,25.3,2026-06-16T10:04:10+05:30,2026-06-16T10:04:12+05:30
P-0007100,V-05,5,19.038951,72.832506,25.3,2026-06-16T10:04:20+05:30,2026-06-16T10:04:26+05:30
P-0007101,V-05,5,19.038506,72.832581,27.1,2026-06-16T10:04:30+05:30,2026-06-16T10:04:33+05:30
P-0007102,V-05,5,19.03784,72.832814,30.7,2026-06-16T10:04:40+05:30,2026-06-16T10:04:42+05:30
P-0007103,V-05,5,19.037348,72.83281,23.5,2026-06-16T10:04:50+05:30,2026-06-16T10:04:55+05:30
P-0007104,V-05,5,19.037283,72.832548,26.2,2026-06-16T10:05:00+05:30,2026-06-16T10:05:04+05:30
P-0007105,V-05,5,19.036644,72.832624,19.1,2026-06-16T10:05:10+05:30,2026-06-16T10:05:11+05:30
P-0007106,V-05,5,19.036225,72.832484,27.4,2026-06-16T10:05:20+05:30,2026-06-16T10:05:21+05:30
P-0007107,V-05,5,19.035686,72.832651,19.5,2026-06-16T10:05:30+05:30,2026-06-16T10:05:33+05:30
P-0007108,V-05,5,19.035511,72.832947,20.3,2026-06-16T10:05:40+05:30,2026-06-16T10:05:43+05:30
P-0007109,V-05,5,19.035015,72.832555,26.7,2026-06-16T10:05:50+05:30,2026-06-16T10:05:56+05:30
P-0007110,V-05,5,19.034664,72.832718,19.8,2026-06-16T10:06:00+05:30,2026-06-16T10:06:04+05:30
P-0007111,V-05,5,19.034091,72.833029,25.0,2026-06-16T10:06:10+05:30,2026-06-16T10:06:11+05:30
P-0007112,V-05,5,19.033668,72.832975,30.1,2026-06-16T10:06:20+05:30,2026-06-16T10:06:23+05:30
P-0007113,V-05,5,19.033072,72.832966,24.6,2026-06-16T10:06:30+05:30,2026-06-16T10:06:35+05:30
P-0007114,V-05,5,19.032695,72.832743,20.8,2026-06-16T10:06:40+05:30,2026-06-16T10:06:44+05:30
P-0007115,V-05,5,19.032442,72.832957,28.7,2026-06-16T10:06:50+05:30,2026-06-16T10:06:54+05:30
P-0007116,V-05,5,19.031839,72.83283,30.9,2026-06-16T10:07:00+05:30,2026-06-16T10:07:06+05:30
P-0007117,V-05,5,19.031533,72.83275,20.6,2026-06-16T10:07:10+05:30,2026-06-16T10:07:16+05:30
P-0007118,V-05,5,19.031166,72.832828,27.1,2026-06-16T10:07:20+05:30,2026-06-16T10:07:25+05:30
P-0007119,V-05,5,19.030301,72.832864,21.3,2026-06-16T10:07:30+05:30,2026-06-16T10:07:34+05:30
P-0007120,V-05,5,19.029976,72.833022,30.6,2026-06-16T10:07:40+05:30,2026-06-16T10:07:41+05:30
P-0007121,V-05,5,19.029901,72.833102,21.3,2026-06-16T10:07:50+05:30,2026-06-16T10:07:55+05:30
P-0007122,V-05,5,19.029039,72.832841,26.2,2026-06-16T10:08:00+05:30,2026-06-16T10:08:01+05:30
P-0007123,V-05,5,19.02884,72.832952,25.5,2026-06-16T10:08:10+05:30,2026-06-16T10:08:12+05:30
P-0007124,V-05,5,19.028437,72.833124,29.1,2026-06-16T10:08:20+05:30,2026-06-16T10:08:21+05:30
P-0007125,V-05,5,19.027717,72.833152,31.0,2026-06-16T10:08:30+05:30,2026-06-16T10:08:36+05:30
P-0007126,V-05,5,19.027546,72.833309,27.8,2026-06-16T10:08:40+05:30,2026-06-16T10:08:43+05:30
P-0007127,V-05,5,19.027002,72.833323,25.5,2026-06-16T10:08:50+05:30,2026-06-16T10:08:51+05:30
P-0007128,V-05,5,19.026447,72.833194,24.2,2026-06-16T10:09:00+05:30,2026-06-16T10:09:01+05:30
P-0007129,V-05,5,19.025954,72.833252,32.8,2026-06-16T10:09:10+05:30,2026-06-16T10:09:15+05:30
P-0007130,V-05,5,19.025761,72.833412,32.3,2026-06-16T10:09:20+05:30,2026-06-16T10:09:22+05:30
P-0007131,V-05,5,19.025469,72.833281,24.9,2026-06-16T10:09:30+05:30,2026-06-16T10:09:36+05:30
P-0007132,V-05,5,19.024688,72.833323,30.6,2026-06-16T10:09:40+05:30,2026-06-16T10:09:41+05:30
P-0007133,V-05,5,19.024648,72.83307,27.2,2026-06-16T10:09:50+05:30,2026-06-16T10:09:53+05:30
P-0007134,V-05,5,19.024008,72.833416,23.0,2026-06-16T10:10:00+05:30,2026-06-16T10:10:02+05:30
P-0007135,V-05,5,19.023458,72.833075,24.1,2026-06-16T10:10:10+05:30,2026-06-16T10:10:14+05:30
P-0007136,V-05,5,19.02301,72.833149,22.8,2026-06-16T10:10:20+05:30,2026-06-16T10:10:22+05:30
P-0007137,V-05,5,19.022631,72.833311,27.6,2026-06-16T10:10:30+05:30,2026-06-16T10:10:34+05:30
P-0007138,V-05,5,19.022319,72.833193,27.6,2026-06-16T10:10:40+05:30,2026-06-16T10:10:42+05:30
P-0007139,V-05,5,19.021838,72.832971,33.4,2026-06-16T10:10:50+05:30,2026-06-16T10:10:54+05:30
P-0007140,V-05,5,19.021266,72.833057,26.6,2026-06-16T10:11:00+05:30,2026-06-16T10:11:04+05:30
P-0007141,V-05,5,19.020923,72.832922,30.8,2026-06-16T10:11:10+05:30,2026-06-16T10:11:13+05:30
P-0007142,V-05,5,19.020651,72.8331,30.5,2026-06-16T10:11:20+05:30,2026-06-16T10:11:21+05:30
P-0007143,V-05,5,19.01988,72.832859,24.4,2026-06-16T10:11:30+05:30,2026-06-16T10:11:33+05:30
P-0007144,V-05,5,19.019479,72.832838,34.2,2026-06-16T10:11:40+05:30,2026-06-16T10:11:45+05:30
P-0007145,V-05,5,19.019188,72.832624,25.6,2026-06-16T10:11:50+05:30,2026-06-16T10:11:53+05:30
P-0007146,V-05,5,19.01908,72.832445,34.2,2026-06-16T10:12:00+05:30,2026-06-16T10:12:03+05:30
P-0007147,V-05,5,19.018432,72.832834,29.0,2026-06-16T10:12:10+05:30,2026-06-16T10:12:12+05:30
P-0007148,V-05,5,19.018231,72.832412,29.2,2026-06-16T10:12:20+05:30,2026-06-16T10:12:24+05:30
P-0007149,V-05,5,19.017327,72.83265,25.9,2026-06-16T10:12:30+05:30,2026-06-16T10:12:36+05:30
P-0007150,V-05,5,19.017046,72.832207,33.1,2026-06-16T10:12:40+05:30,2026-06-16T10:12:44+05:30
P-0007151,V-05,5,19.016716,72.83232,30.0,2026-06-16T10:12:50+05:30,2026-06-16T10:12:56+05:30
P-0007152,V-05,5,19.016456,72.832133,34.1,2026-06-16T10:13:00+05:30,2026-06-16T10:13:01+05:30
P-0007153,V-05,5,19.015692,72.832004,25.7,2026-06-16T10:13:10+05:30,2026-06-16T10:13:11+05:30
P-0007154,V-05,5,19.015522,72.832143,27.3,2026-06-16T10:13:20+05:30,2026-06-16T10:13:24+05:30
P-0007155,V-05,5,19.015131,72.831843,24.9,2026-06-16T10:13:30+05:30,2026-06-16T10:13:36+05:30
P-0007156,V-05,5,19.014472,72.831964,31.9,2026-06-16T10:13:40+05:30,2026-06-16T10:13:46+05:30
P-0007157,V-05,5,19.013994,72.831998,28.0,2026-06-16T10:13:50+05:30,2026-06-16T10:13:55+05:30
P-0007158,V-05,5,19.01367,72.831724,35.3,2026-06-16T10:14:00+05:30,2026-06-16T10:14:04+05:30
P-0007159,V-05,5,19.013433,72.831696,33.4,2026-06-16T10:14:10+05:30,2026-06-16T10:14:16+05:30
P-0007160,V-05,5,19.012982,72.831737,34.2,2026-06-16T10:14:20+05:30,2026-06-16T10:14:22+05:30
P-0007161,V-05,5,19.012606,72.831662,27.4,2026-06-16T10:14:30+05:30,2026-06-16T10:14:32+05:30
P-0007162,V-05,5,19.012006,72.83171,28.8,2026-06-16T10:14:40+05:30,2026-06-16T10:14:46+05:30
P-0007163,V-05,5,19.011646,72.831344,25.5,2026-06-16T10:14:50+05:30,2026-06-16T10:14:54+05:30
P-0007164,V-05,5,19.010977,72.831417,25.0,2026-06-16T10:15:00+05:30,2026-06-16T10:15:03+05:30
P-0007165,V-05,5,19.010797,72.831333,31.5,2026-06-16T10:15:10+05:30,2026-06-16T10:15:14+05:30
P-0007166,V-05,5,19.010044,72.831132,24.5,2026-06-16T10:15:20+05:30,2026-06-16T10:15:25+05:30
P-0007167,V-05,5,19.009617,72.831094,29.2,2026-06-16T10:15:30+05:30,2026-06-16T10:15:33+05:30
P-0007168,V-05,5,19.009453,72.831159,26.4,2026-06-16T10:15:40+05:30,2026-06-16T10:15:44+05:30
P-0007169,V-05,5,19.008775,72.830932,29.4,2026-06-16T10:15:50+05:30,2026-06-16T10:15:56+05:30
P-0007170,V-05,5,19.008418,72.831001,29.9,2026-06-16T10:16:00+05:30,2026-06-16T10:16:01+05:30
P-0007171,V-05,5,19.008049,72.8306,31.0,2026-06-16T10:16:10+05:30,2026-06-16T10:16:14+05:30
P-0007172,V-05,5,19.007535,72.830942,27.9,2026-06-16T10:16:20+05:30,2026-06-16T10:16:24+05:30
P-0007173,V-05,5,19.007467,72.830706,26.4,2026-06-16T10:16:30+05:30,2026-06-16T10:16:32+05:30
P-0007174,V-05,5,19.00698,72.83048,30.8,2026-06-16T10:16:40+05:30,2026-06-16T10:16:46+05:30
P-0007175,V-05,5,19.006459,72.830565,30.9,2026-06-16T10:16:50+05:30,2026-06-16T10:16:51+05:30
P-0007176,V-05,5,19.005872,72.83037,31.5,2026-06-16T10:17:00+05:30,2026-06-16T10:17:04+05:30
P-0007177,V-05,5,19.005576,72.830231,37.5,2026-06-16T10:17:10+05:30,2026-06-16T10:17:13+05:30
P-0007178,V-05,5,19.005053,72.830174,32.0,2026-06-16T10:17:20+05:30,2026-06-16T10:17:22+05:30
P-0007179,V-05,5,19.004525,72.8302,35.2,2026-06-16T10:17:30+05:30,2026-06-16T10:17:34+05:30
P-0007180,V-05,5,19.004095,72.830091,26.1,2026-06-16T10:17:40+05:30,2026-06-16T10:17:44+05:30
P-0007181,V-05,5,19.003593,72.829947,31.1,2026-06-16T10:17:50+05:30,2026-06-16T10:17:51+05:30
P-0007182,V-05,5,19.003325,72.82976,28.2,2026-06-16T10:18:00+05:30,2026-06-16T10:18:05+05:30
P-0007183,V-11,7,19.076039,73.000637,37.5,2026-06-16T08:30:00+05:30,2026-06-16T08:30:05+05:30
P-0007184,V-11,7,19.075759,73.000567,36.2,2026-06-16T08:30:10+05:30,2026-06-16T08:30:11+05:30
P-0007185,V-11,7,19.075769,73.000091,31.9,2026-06-16T08:30:20+05:30,2026-06-16T08:30:25+05:30
P-0007186,V-11,7,19.075755,72.999146,37.5,2026-06-16T08:30:30+05:30,2026-06-16T08:30:33+05:30
P-0007187,V-11,7,19.075451,72.998977,35.4,2026-06-16T08:30:40+05:30,2026-06-16T08:30:41+05:30
P-0007188,V-11,7,19.075318,72.998408,30.8,2026-06-16T08:30:50+05:30,2026-06-16T08:30:51+05:30
P-0007189,V-11,7,19.075103,72.99784,26.3,2026-06-16T08:31:00+05:30,2026-06-16T08:31:01+05:30
P-0007190,V-11,7,19.075153,72.997742,29.8,2026-06-16T08:31:10+05:30,2026-06-16T08:31:11+05:30
P-0007191,V-11,7,19.074908,72.996865,34.5,2026-06-16T08:31:20+05:30,2026-06-16T08:31:23+05:30
P-0007192,V-11,7,19.07504,72.996488,28.7,2026-06-16T08:31:30+05:30,2026-06-16T08:31:32+05:30
P-0007193,V-11,7,19.07502,72.996303,28.4,2026-06-16T08:31:40+05:30,2026-06-16T08:31:41+05:30
P-0007194,V-11,7,19.074636,72.995576,34.8,2026-06-16T08:31:50+05:30,2026-06-16T08:31:54+05:30
P-0007195,V-11,7,19.074537,72.995233,31.5,2026-06-16T08:32:00+05:30,2026-06-16T08:32:03+05:30
P-0007196,V-11,7,19.07455,72.994807,29.3,2026-06-16T08:32:10+05:30,2026-06-16T08:32:13+05:30
P-0007197,V-11,7,19.07457,72.994282,26.8,2026-06-16T08:32:20+05:30,2026-06-16T08:32:22+05:30
P-0007198,V-11,7,19.074249,72.993732,35.5,2026-06-16T08:32:30+05:30,2026-06-16T08:32:32+05:30
P-0007199,V-11,7,19.073986,72.993132,32.8,2026-06-16T08:32:40+05:30,2026-06-16T08:32:43+05:30
P-0007200,V-11,7,19.073821,72.992795,35.9,2026-06-16T08:32:50+05:30,2026-06-16T08:32:54+05:30
P-0007201,V-11,7,19.073737,72.992105,24.9,2026-06-16T08:33:00+05:30,2026-06-16T08:33:06+05:30
P-0007202,V-11,7,19.073838,72.991945,30.9,2026-06-16T08:33:10+05:30,2026-06-16T08:33:12+05:30
P-0007203,V-11,7,19.073637,72.991434,33.5,2026-06-16T08:33:20+05:30,2026-06-16T08:33:23+05:30
P-0007204,V-11,7,19.073505,72.991011,35.3,2026-06-16T08:33:30+05:30,2026-06-16T08:33:33+05:30
P-0007205,V-11,7,19.073267,72.990575,30.0,2026-06-16T08:33:40+05:30,2026-06-16T08:33:45+05:30
P-0007206,V-11,7,19.073288,72.990186,33.3,2026-06-16T08:33:50+05:30,2026-06-16T08:33:51+05:30
P-0007207,V-11,7,19.07321,72.989716,33.7,2026-06-16T08:34:00+05:30,2026-06-16T08:34:04+05:30
P-0007208,V-11,7,19.072912,72.989002,28.1,2026-06-16T08:34:10+05:30,2026-06-16T08:34:16+05:30
P-0007209,V-11,7,19.073129,72.988755,35.1,2026-06-16T08:34:20+05:30,2026-06-16T08:34:26+05:30
P-0007210,V-11,7,19.072987,72.987867,24.1,2026-06-16T08:34:30+05:30,2026-06-16T08:34:34+05:30
P-0007211,V-11,7,19.072736,72.987549,24.6,2026-06-16T08:34:40+05:30,2026-06-16T08:34:46+05:30
P-0007212,V-11,7,19.07272,72.987174,34.3,2026-06-16T08:34:50+05:30,2026-06-16T08:34:52+05:30
P-0007213,V-11,7,19.072378,72.986777,23.4,2026-06-16T08:35:00+05:30,2026-06-16T08:35:04+05:30
P-0007214,V-11,7,19.072257,72.986414,34.3,2026-06-16T08:35:10+05:30,2026-06-16T08:35:15+05:30
P-0007215,V-11,7,19.072494,72.985489,23.3,2026-06-16T08:35:20+05:30,2026-06-16T08:35:26+05:30
P-0007216,V-11,7,19.07204,72.985501,32.2,2026-06-16T08:35:30+05:30,2026-06-16T08:35:35+05:30
P-0007217,V-11,7,19.072123,72.98475,29.1,2026-06-16T08:35:40+05:30,2026-06-16T08:35:41+05:30
P-0007218,V-11,7,19.071693,72.984219,22.7,2026-06-16T08:35:50+05:30,2026-06-16T08:35:52+05:30
P-0007219,V-11,7,19.071604,72.983982,30.2,2026-06-16T08:36:00+05:30,2026-06-16T08:36:03+05:30
P-0007220,V-11,7,19.071487,72.983251,29.6,2026-06-16T08:36:10+05:30,2026-06-16T08:36:14+05:30
P-0007221,V-11,7,19.07141,72.982785,22.8,2026-06-16T08:36:20+05:30,2026-06-16T08:36:23+05:30
P-0007222,V-11,7,19.071247,72.98253,26.9,2026-06-16T08:36:30+05:30,2026-06-16T08:36:34+05:30
P-0007223,V-11,7,19.071332,72.981958,33.5,2026-06-16T08:36:40+05:30,2026-06-16T08:36:42+05:30
P-0007224,V-11,7,19.071234,72.981307,24.2,2026-06-16T08:36:50+05:30,2026-06-16T08:36:52+05:30
P-0007225,V-11,7,19.071103,72.981211,32.3,2026-06-16T08:37:00+05:30,2026-06-16T08:37:06+05:30
P-0007226,V-11,7,19.070959,72.980646,32.2,2026-06-16T08:37:10+05:30,2026-06-16T08:37:15+05:30
P-0007227,V-11,7,19.07098,72.979868,25.0,2026-06-16T08:37:20+05:30,2026-06-16T08:37:23+05:30
P-0007228,V-11,7,19.070511,72.979365,25.3,2026-06-16T08:37:30+05:30,2026-06-16T08:37:36+05:30
P-0007229,V-11,7,19.070699,72.979156,26.1,2026-06-16T08:37:40+05:30,2026-06-16T08:37:42+05:30
P-0007230,V-11,7,19.070536,72.97847,23.4,2026-06-16T08:37:50+05:30,2026-06-16T08:37:54+05:30
P-0007231,V-11,7,19.070453,72.978175,25.2,2026-06-16T08:38:00+05:30,2026-06-16T08:38:02+05:30
P-0007232,V-11,7,19.070248,72.977812,23.3,2026-06-16T08:38:10+05:30,2026-06-16T08:38:13+05:30
P-0007233,V-11,7,19.070271,72.977346,24.7,2026-06-16T08:38:20+05:30,2026-06-16T08:38:26+05:30
P-0007234,V-11,7,19.070062,72.976675,27.3,2026-06-16T08:38:30+05:30,2026-06-16T08:38:31+05:30
P-0007235,V-11,7,19.069669,72.976131,27.9,2026-06-16T08:38:40+05:30,2026-06-16T08:38:45+05:30
P-0007236,V-11,7,19.069523,72.976047,26.2,2026-06-16T08:38:50+05:30,2026-06-16T08:38:52+05:30
P-0007237,V-11,7,19.069726,72.975659,22.1,2026-06-16T08:39:00+05:30,2026-06-16T08:39:02+05:30
P-0007238,V-11,7,19.069392,72.974977,25.6,2026-06-16T08:39:10+05:30,2026-06-16T08:39:12+05:30
P-0007239,V-11,7,19.069277,72.974739,21.8,2026-06-16T08:39:20+05:30,2026-06-16T08:39:25+05:30
P-0007240,V-11,7,19.069034,72.974154,23.6,2026-06-16T08:39:30+05:30,2026-06-16T08:39:32+05:30
P-0007241,V-11,7,19.068767,72.973332,29.6,2026-06-16T08:39:40+05:30,2026-06-16T08:39:43+05:30
P-0007242,V-11,7,19.068794,72.973053,30.6,2026-06-16T08:39:50+05:30,2026-06-16T08:39:53+05:30
P-0007243,V-11,7,19.068657,72.972564,30.1,2026-06-16T08:40:00+05:30,2026-06-16T08:40:06+05:30
P-0007244,V-11,7,19.068226,72.97238,26.8,2026-06-16T08:40:10+05:30,2026-06-16T08:40:14+05:30
P-0007245,V-11,7,19.06844,72.971819,25.4,2026-06-16T08:40:20+05:30,2026-06-16T08:40:24+05:30
P-0007246,V-11,7,19.068299,72.971082,31.0,2026-06-16T08:40:30+05:30,2026-06-16T08:40:32+05:30
P-0007247,V-11,7,19.067778,72.97094,27.2,2026-06-16T08:40:40+05:30,2026-06-16T08:40:44+05:30
P-0007248,V-11,7,19.067799,72.970578,21.1,2026-06-16T08:40:50+05:30,2026-06-16T08:40:52+05:30
P-0007249,V-11,7,19.067454,72.970029,30.5,2026-06-16T08:41:00+05:30,2026-06-16T08:41:04+05:30
P-0007250,V-11,7,19.067567,72.969317,26.0,2026-06-16T08:41:10+05:30,2026-06-16T08:41:11+05:30
P-0007251,V-11,7,19.067535,72.968973,22.6,2026-06-16T08:41:20+05:30,2026-06-16T08:41:23+05:30
P-0007252,V-11,7,19.067144,72.968327,27.2,2026-06-16T08:41:30+05:30,2026-06-16T08:41:32+05:30
P-0007253,V-11,7,19.066962,72.967811,27.2,2026-06-16T08:41:40+05:30,2026-06-16T08:41:41+05:30
P-0007254,V-11,7,19.06669,72.967434,25.2,2026-06-16T08:41:50+05:30,2026-06-16T08:41:53+05:30
P-0007255,V-11,7,19.066547,72.967108,28.7,2026-06-16T08:42:00+05:30,2026-06-16T08:42:06+05:30
P-0007256,V-11,7,19.066542,72.966912,28.1,2026-06-16T08:42:10+05:30,2026-06-16T08:42:11+05:30
P-0007257,V-11,7,19.066178,72.966061,26.5,2026-06-16T08:42:20+05:30,2026-06-16T08:42:25+05:30
P-0007258,V-11,7,19.066262,72.965637,29.3,2026-06-16T08:42:30+05:30,2026-06-16T08:42:33+05:30
P-0007259,V-11,7,19.066116,72.965264,20.7,2026-06-16T08:42:40+05:30,2026-06-16T08:42:41+05:30
P-0007260,V-11,7,19.066058,72.965063,21.3,2026-06-16T08:42:50+05:30,2026-06-16T08:42:56+05:30
P-0007261,V-11,7,19.065865,72.964496,26.5,2026-06-16T08:43:00+05:30,2026-06-16T08:43:06+05:30
P-0007262,V-11,7,19.065444,72.963927,22.2,2026-06-16T08:43:10+05:30,2026-06-16T08:43:13+05:30
P-0007263,V-11,7,19.065579,72.963561,27.5,2026-06-16T08:43:20+05:30,2026-06-16T08:43:21+05:30
P-0007264,V-11,7,19.065483,72.963176,24.9,2026-06-16T08:43:30+05:30,2026-06-16T08:43:33+05:30
P-0007265,V-11,7,19.06534,72.962402,21.3,2026-06-16T08:43:40+05:30,2026-06-16T08:43:41+05:30
P-0007266,V-11,7,19.064796,72.961973,23.6,2026-06-16T08:43:50+05:30,2026-06-16T08:43:51+05:30
P-0007267,V-11,7,19.065003,72.961724,24.8,2026-06-16T08:44:00+05:30,2026-06-16T08:44:03+05:30
P-0007268,V-11,7,19.064744,72.961257,25.6,2026-06-16T08:44:10+05:30,2026-06-16T08:44:13+05:30
P-0007269,V-11,7,19.064421,72.960461,22.5,2026-06-16T08:44:20+05:30,2026-06-16T08:44:21+05:30
P-0007270,V-11,7,19.064311,72.960331,27.0,2026-06-16T08:44:30+05:30,2026-06-16T08:44:31+05:30
P-0007271,V-11,7,19.064046,72.960004,17.8,2026-06-16T08:44:40+05:30,2026-06-16T08:44:46+05:30
P-0007272,V-11,7,19.063931,72.959523,27.2,2026-06-16T08:44:50+05:30,2026-06-16T08:44:54+05:30
P-0007273,V-11,7,19.063666,72.958963,19.3,2026-06-16T08:45:00+05:30,2026-06-16T08:45:05+05:30
P-0007274,V-11,7,19.063731,72.95831,21.5,2026-06-16T08:45:10+05:30,2026-06-16T08:45:14+05:30
P-0007275,V-11,7,19.06368,72.958122,22.9,2026-06-16T08:45:20+05:30,2026-06-16T08:45:21+05:30
P-0007276,V-11,7,19.063324,72.957333,17.3,2026-06-16T08:45:30+05:30,2026-06-16T08:45:33+05:30
P-0007277,V-11,7,19.063176,72.957198,23.8,2026-06-16T08:45:40+05:30,2026-06-16T08:45:46+05:30
P-0007278,V-11,7,19.063001,72.956411,21.0,2026-06-16T08:45:50+05:30,2026-06-16T08:45:53+05:30
P-0007279,V-11,7,19.062902,72.956201,22.4,2026-06-16T08:46:00+05:30,2026-06-16T08:46:05+05:30
P-0007280,V-11,7,19.062977,72.955437,24.2,2026-06-16T08:46:10+05:30,2026-06-16T08:46:16+05:30
P-0007281,V-11,7,19.062863,72.955313,26.7,2026-06-16T08:46:20+05:30,2026-06-16T08:46:25+05:30
P-0007282,V-11,7,19.062239,72.954937,19.9,2026-06-16T08:46:30+05:30,2026-06-16T08:46:36+05:30
P-0007283,V-11,7,19.062443,72.954386,21.4,2026-06-16T08:46:40+05:30,2026-06-16T08:46:43+05:30
P-0007284,V-11,7,19.062377,72.953978,20.2,2026-06-16T08:46:50+05:30,2026-06-16T08:46:56+05:30
P-0007285,V-11,7,19.062019,72.953271,18.2,2026-06-16T08:47:00+05:30,2026-06-16T08:47:01+05:30
P-0007286,V-11,7,19.061901,72.952657,27.7,2026-06-16T08:47:10+05:30,2026-06-16T08:47:11+05:30
P-0007287,V-11,7,19.061495,72.952582,22.1,2026-06-16T08:47:20+05:30,2026-06-16T08:47:25+05:30
P-0007288,V-11,7,19.061517,72.951999,17.1,2026-06-16T08:47:30+05:30,2026-06-16T08:47:32+05:30
P-0007289,V-11,7,19.06155,72.95136,24.4,2026-06-16T08:47:40+05:30,2026-06-16T08:47:44+05:30
P-0007290,V-11,7,19.061175,72.951202,22.9,2026-06-16T08:47:50+05:30,2026-06-16T08:47:51+05:30
P-0007291,V-11,7,19.060978,72.950408,26.3,2026-06-16T08:48:00+05:30,2026-06-16T08:48:02+05:30
P-0007292,V-11,7,19.060714,72.949944,26.1,2026-06-16T08:48:10+05:30,2026-06-16T08:48:14+05:30
P-0007293,V-11,7,19.060873,72.94944,25.6,2026-06-16T08:48:20+05:30,2026-06-16T08:48:21+05:30
P-0007294,V-11,7,19.060518,72.949062,19.5,2026-06-16T08:48:30+05:30,2026-06-16T08:48:34+05:30
P-0007295,V-11,7,19.060572,72.948945,17.5,2026-06-16T08:48:40+05:30,2026-06-16T08:48:45+05:30
P-0007296,V-11,7,19.060298,72.948415,22.1,2026-06-16T08:48:50+05:30,2026-06-16T08:48:56+05:30
P-0007297,V-11,7,19.060314,72.947597,24.9,2026-06-16T08:49:00+05:30,2026-06-16T08:49:06+05:30
P-0007298,V-11,7,19.059942,72.947228,20.6,2026-06-16T08:49:10+05:30,2026-06-16T08:49:11+05:30
P-0007299,V-11,7,19.060053,72.946789,24.6,2026-06-16T08:49:20+05:30,2026-06-16T08:49:23+05:30
P-0007300,V-11,7,19.059616,72.946381,23.4,2026-06-16T08:49:30+05:30,2026-06-16T08:49:36+05:30
P-0007301,V-11,7,19.059602,72.945837,17.0,2026-06-16T08:49:40+05:30,2026-06-16T08:49:45+05:30
P-0007302,V-11,7,19.059544,72.945334,21.2,2026-06-16T08:49:50+05:30,2026-06-16T08:49:52+05:30
P-0007303,V-11,7,19.059263,72.944851,22.0,2026-06-16T08:50:00+05:30,2026-06-16T08:50:05+05:30
P-0007304,V-11,7,19.059186,72.944321,24.0,2026-06-16T08:50:10+05:30,2026-06-16T08:50:11+05:30
P-0007305,V-11,7,19.059228,72.943997,17.5,2026-06-16T08:50:20+05:30,2026-06-16T08:50:23+05:30
P-0007306,V-11,7,19.058968,72.943754,17.5,2026-06-16T08:50:30+05:30,2026-06-16T08:50:34+05:30
P-0007307,V-11,7,19.058865,72.943237,17.1,2026-06-16T08:50:40+05:30,2026-06-16T08:50:45+05:30
P-0007308,V-11,7,19.058729,72.942486,25.2,2026-06-16T08:50:50+05:30,2026-06-16T08:50:56+05:30
P-0007309,V-11,7,19.058506,72.942362,24.2,2026-06-16T08:51:00+05:30,2026-06-16T08:51:06+05:30
P-0007310,V-11,7,19.058648,72.941829,16.8,2026-06-16T08:51:10+05:30,2026-06-16T08:51:12+05:30
P-0007311,V-11,7,19.05835,72.941154,21.8,2026-06-16T08:51:20+05:30,2026-06-16T08:51:22+05:30
P-0007312,V-11,7,19.058446,72.940906,20.0,2026-06-16T08:51:30+05:30,2026-06-16T08:51:36+05:30
P-0007313,V-11,7,19.057918,72.940522,22.6,2026-06-16T08:51:40+05:30,2026-06-16T08:51:41+05:30
P-0007314,V-11,7,19.057908,72.939838,23.8,2026-06-16T08:51:50+05:30,2026-06-16T08:51:51+05:30
P-0007315,V-11,7,19.057952,72.939521,15.7,2026-06-16T08:52:00+05:30,2026-06-16T08:52:02+05:30
P-0007316,V-11,7,19.057586,72.938725,18.2,2026-06-16T08:52:10+05:30,2026-06-16T08:52:14+05:30
P-0007317,V-11,7,19.057745,72.938366,15.1,2026-06-16T08:52:20+05:30,2026-06-16T08:52:22+05:30
P-0007318,V-11,7,19.057463,72.937956,16.2,2026-06-16T08:52:30+05:30,2026-06-16T08:52:34+05:30
P-0007319,V-11,7,19.057502,72.937747,23.4,2026-06-16T08:52:40+05:30,2026-06-16T08:52:45+05:30
P-0007320,V-11,7,19.057193,72.937095,18.4,2026-06-16T08:52:50+05:30,2026-06-16T08:52:54+05:30
P-0007321,V-11,7,19.056886,72.936732,21.0,2026-06-16T08:53:00+05:30,2026-06-16T08:53:03+05:30
P-0007322,V-11,7,19.057138,72.936004,13.9,2026-06-16T08:53:10+05:30,2026-06-16T08:53:11+05:30
P-0007323,V-11,7,19.05662,72.935781,15.6,2026-06-16T08:53:20+05:30,2026-06-16T08:53:22+05:30
P-0007324,V-11,7,19.056583,72.935134,14.7,2026-06-16T08:53:30+05:30,2026-06-16T08:53:35+05:30
P-0007325,V-11,7,19.056388,72.934783,20.3,2026-06-16T08:53:40+05:30,2026-06-16T08:53:44+05:30
P-0007326,V-11,7,19.056349,72.934399,14.8,2026-06-16T08:53:50+05:30,2026-06-16T08:53:56+05:30
P-0007327,V-11,7,19.0561,72.933795,23.3,2026-06-16T08:54:00+05:30,2026-06-16T08:54:01+05:30
P-0007328,V-11,7,19.056187,72.933137,14.3,2026-06-16T08:54:10+05:30,2026-06-16T08:54:13+05:30
P-0007329,V-11,7,19.056129,72.933082,24.0,2026-06-16T08:54:20+05:30,2026-06-16T08:54:22+05:30
P-0007330,V-11,7,19.055876,72.932346,24.0,2026-06-16T08:54:30+05:30,2026-06-16T08:54:31+05:30
P-0007331,V-11,7,19.055699,72.931938,25.0,2026-06-16T08:54:40+05:30,2026-06-16T08:54:44+05:30
P-0007332,V-11,7,19.055512,72.931461,13.2,2026-06-16T08:54:50+05:30,2026-06-16T08:54:52+05:30
P-0007333,V-11,7,19.055573,72.931087,14.3,2026-06-16T08:55:00+05:30,2026-06-16T08:55:05+05:30
P-0007334,V-11,7,19.055336,72.930581,22.0,2026-06-16T08:55:10+05:30,2026-06-16T08:55:16+05:30
P-0007335,V-11,7,19.055083,72.930224,17.5,2026-06-16T08:55:20+05:30,2026-06-16T08:55:23+05:30
P-0007336,V-11,7,19.055111,72.929551,21.0,2026-06-16T08:55:30+05:30,2026-06-16T08:55:35+05:30
P-0007337,V-11,7,19.054988,72.929079,17.7,2026-06-16T08:55:40+05:30,2026-06-16T08:55:44+05:30
P-0007338,V-11,7,19.054837,72.928673,13.4,2026-06-16T08:55:50+05:30,2026-06-16T08:55:55+05:30
P-0007339,V-11,7,19.054761,72.928157,24.7,2026-06-16T08:56:00+05:30,2026-06-16T08:56:01+05:30
P-0007340,V-11,7,19.054901,72.927859,22.5,2026-06-16T08:56:10+05:30,2026-06-16T08:56:11+05:30
P-0007341,V-11,7,19.054785,72.927368,13.7,2026-06-16T08:56:20+05:30,2026-06-16T08:56:25+05:30
P-0007342,V-11,7,19.054584,72.926622,20.2,2026-06-16T08:56:30+05:30,2026-06-16T08:56:36+05:30
P-0007343,V-11,7,19.054108,72.926207,22.5,2026-06-16T08:56:40+05:30,2026-06-16T08:56:42+05:30
P-0007344,V-11,7,19.05418,72.925781,23.8,2026-06-16T08:56:50+05:30,2026-06-16T08:56:55+05:30
P-0007345,V-11,7,19.054035,72.925416,20.8,2026-06-16T08:57:00+05:30,2026-06-16T08:57:03+05:30
P-0007346,V-11,7,19.053961,72.924789,17.7,2026-06-16T08:57:10+05:30,2026-06-16T08:57:16+05:30
P-0007347,V-11,7,19.053923,72.924441,20.9,2026-06-16T08:57:20+05:30,2026-06-16T08:57:24+05:30
P-0007348,V-11,7,19.053906,72.923719,16.5,2026-06-16T08:57:30+05:30,2026-06-16T08:57:31+05:30
P-0007349,V-11,7,19.0538,72.923589,21.6,2026-06-16T08:57:40+05:30,2026-06-16T08:57:45+05:30
P-0007350,V-11,7,19.053609,72.923099,15.9,2026-06-16T08:57:50+05:30,2026-06-16T08:57:53+05:30
P-0007351,V-11,7,19.053135,72.922681,13.2,2026-06-16T08:58:00+05:30,2026-06-16T08:58:06+05:30
P-0007352,V-11,7,19.053204,72.922258,14.1,2026-06-16T08:58:10+05:30,2026-06-16T08:58:16+05:30
P-0007353,V-11,7,19.053175,72.921756,21.1,2026-06-16T08:58:20+05:30,2026-06-16T08:58:23+05:30
P-0007354,V-11,7,19.053092,72.920973,20.9,2026-06-16T08:58:30+05:30,2026-06-16T08:58:36+05:30
P-0007355,V-11,7,19.052947,72.920443,24.1,2026-06-16T08:58:40+05:30,2026-06-16T08:58:42+05:30
P-0007356,V-11,7,19.052531,72.920394,21.1,2026-06-16T08:58:50+05:30,2026-06-16T08:58:56+05:30
P-0007357,V-11,7,19.052243,72.919634,22.3,2026-06-16T08:59:00+05:30,2026-06-16T08:59:04+05:30
P-0007358,V-11,7,19.052209,72.919204,24.2,2026-06-16T08:59:10+05:30,2026-06-16T08:59:16+05:30
P-0007359,V-11,7,19.051857,72.919011,21.6,2026-06-16T08:59:20+05:30,2026-06-16T08:59:21+05:30
P-0007360,V-11,7,19.051971,72.918154,14.0,2026-06-16T08:59:30+05:30,2026-06-16T08:59:32+05:30
P-0007361,V-11,7,19.051636,72.918087,22.0,2026-06-16T08:59:40+05:30,2026-06-16T08:59:41+05:30
P-0007362,V-11,7,19.051787,72.91735,19.8,2026-06-16T08:59:50+05:30,2026-06-16T08:59:53+05:30
P-0007363,V-11,7,19.051567,72.916752,18.8,2026-06-16T09:00:00+05:30,2026-06-16T09:00:01+05:30
P-0007364,V-11,7,19.051386,72.916575,21.1,2026-06-16T09:00:10+05:30,2026-06-16T09:00:16+05:30
P-0007365,V-11,7,19.051025,72.915897,18.2,2026-06-16T09:00:20+05:30,2026-06-16T09:00:25+05:30
P-0007366,V-11,7,19.050787,72.915622,23.8,2026-06-16T09:00:30+05:30,2026-06-16T09:00:36+05:30
P-0007367,V-11,7,19.050718,72.915281,14.5,2026-06-16T09:00:40+05:30,2026-06-16T09:00:46+05:30
P-0007368,V-11,7,19.050879,72.914732,13.5,2026-06-16T09:00:50+05:30,2026-06-16T09:00:51+05:30
P-0007369,V-11,7,19.0507,72.914382,23.1,2026-06-16T09:01:00+05:30,2026-06-16T09:01:02+05:30
P-0007370,V-11,7,19.050551,72.913782,12.8,2026-06-16T09:01:10+05:30,2026-06-16T09:01:12+05:30
P-0007371,V-11,7,19.050386,72.913494,23.6,2026-06-16T09:01:20+05:30,2026-06-16T09:01:26+05:30
P-0007372,V-11,7,19.049819,72.912624,15.5,2026-06-16T09:01:30+05:30,2026-06-16T09:01:32+05:30
P-0007373,V-11,7,19.050107,72.912344,22.3,2026-06-16T09:01:40+05:30,2026-06-16T09:01:46+05:30
P-0007374,V-11,7,19.049708,72.912047,24.0,2026-06-16T09:01:50+05:30,2026-06-16T09:01:53+05:30
P-0007375,V-11,7,19.049686,72.911666,19.1,2026-06-16T09:02:00+05:30,2026-06-16T09:02:05+05:30
P-0007376,V-11,7,19.049411,72.910799,18.1,2026-06-16T09:02:10+05:30,2026-06-16T09:02:11+05:30
P-0007377,V-11,7,19.049152,72.910561,16.1,2026-06-16T09:02:20+05:30,2026-06-16T09:02:24+05:30
P-0007378,V-11,7,19.049272,72.909919,23.0,2026-06-16T09:02:30+05:30,2026-06-16T09:02:34+05:30
P-0007379,V-11,7,19.04879,72.909873,18.8,2026-06-16T09:02:40+05:30,2026-06-16T09:02:45+05:30
P-0007380,V-11,7,19.048707,72.908967,21.1,2026-06-16T09:02:50+05:30,2026-06-16T09:02:52+05:30
P-0007381,V-11,7,19.048507,72.908909,20.7,2026-06-16T09:03:00+05:30,2026-06-16T09:03:02+05:30
P-0007382,V-11,7,19.048601,72.908301,21.7,2026-06-16T09:03:10+05:30,2026-06-16T09:03:14+05:30
P-0007383,V-11,7,19.048462,72.907734,13.2,2026-06-16T09:03:20+05:30,2026-06-16T09:03:26+05:30
P-0007384,V-11,7,19.048434,72.907326,20.1,2026-06-16T09:03:30+05:30,2026-06-16T09:03:35+05:30
P-0007385,V-11,7,19.047906,72.907077,19.8,2026-06-16T09:03:40+05:30,2026-06-16T09:03:42+05:30
P-0007386,V-11,7,19.047833,72.906425,17.7,2026-06-16T09:03:50+05:30,2026-06-16T09:03:52+05:30
P-0007387,V-11,7,19.047891,72.906009,22.0,2026-06-16T09:04:00+05:30,2026-06-16T09:04:04+05:30
P-0007388,V-11,7,19.047773,72.905564,13.1,2026-06-16T09:04:10+05:30,2026-06-16T09:04:14+05:30
P-0007389,V-11,7,19.047588,72.905028,18.2,2026-06-16T09:04:20+05:30,2026-06-16T09:04:24+05:30
P-0007390,V-11,7,19.047172,72.904425,18.1,2026-06-16T09:04:30+05:30,2026-06-16T09:04:35+05:30
P-0007391,V-11,7,19.047002,72.904187,20.5,2026-06-16T09:04:40+05:30,2026-06-16T09:04:46+05:30
P-0007392,V-11,7,19.047047,72.903892,14.4,2026-06-16T09:04:50+05:30,2026-06-16T09:04:54+05:30
P-0007393,V-11,7,19.046635,72.903178,15.3,2026-06-16T09:05:00+05:30,2026-06-16T09:05:05+05:30
P-0007394,V-11,7,19.046625,72.902896,15.6,2026-06-16T09:05:10+05:30,2026-06-16T09:05:15+05:30
P-0007395,V-11,7,19.046719,72.902246,21.8,2026-06-16T09:05:20+05:30,2026-06-16T09:05:23+05:30
P-0007396,V-11,7,19.046218,72.901955,18.1,2026-06-16T09:05:30+05:30,2026-06-16T09:05:35+05:30
P-0007397,V-11,7,19.046191,72.901424,14.7,2026-06-16T09:05:40+05:30,2026-06-16T09:05:42+05:30
P-0007398,V-11,7,19.045916,72.900692,20.2,2026-06-16T09:05:50+05:30,2026-06-16T09:05:54+05:30
P-0007399,V-11,7,19.045961,72.900204,17.1,2026-06-16T09:06:00+05:30,2026-06-16T09:06:06+05:30
P-0007400,V-11,7,19.045553,72.899981,21.3,2026-06-16T09:06:10+05:30,2026-06-16T09:06:13+05:30
P-0007401,V-11,7,19.045699,72.899384,20.1,2026-06-16T09:06:20+05:30,2026-06-16T09:06:21+05:30
P-0007402,V-11,7,19.045343,72.89926,15.3,2026-06-16T09:06:30+05:30,2026-06-16T09:06:36+05:30
P-0007403,V-11,7,19.04529,72.898564,14.0,2026-06-16T09:06:40+05:30,2026-06-16T09:06:46+05:30
P-0007404,V-11,7,19.044876,72.897994,14.1,2026-06-16T09:06:50+05:30,2026-06-16T09:06:51+05:30
P-0007405,V-11,7,19.044669,72.89755,22.7,2026-06-16T09:07:00+05:30,2026-06-16T09:07:02+05:30
P-0007406,V-11,7,19.044673,72.897427,24.1,2026-06-16T09:07:10+05:30,2026-06-16T09:07:11+05:30
P-0007407,V-11,7,19.04439,72.896887,13.8,2026-06-16T09:07:20+05:30,2026-06-16T09:07:26+05:30
P-0007408,V-11,7,19.044617,72.896196,16.4,2026-06-16T09:07:30+05:30,2026-06-16T09:07:33+05:30
P-0007409,V-11,7,19.044185,72.895802,24.1,2026-06-16T09:07:40+05:30,2026-06-16T09:07:45+05:30
P-0007410,V-11,7,19.044089,72.895356,19.9,2026-06-16T09:07:50+05:30,2026-06-16T09:07:54+05:30
P-0007411,V-11,7,19.043997,72.895069,18.7,2026-06-16T09:08:00+05:30,2026-06-16T09:08:03+05:30
P-0007412,V-11,7,19.04381,72.89465,16.6,2026-06-16T09:08:10+05:30,2026-06-16T09:08:15+05:30
P-0007413,V-11,7,19.043842,72.893805,21.9,2026-06-16T09:08:20+05:30,2026-06-16T09:08:26+05:30
P-0007414,V-11,7,19.043598,72.893486,13.8,2026-06-16T09:08:30+05:30,2026-06-16T09:08:34+05:30
P-0007415,V-11,7,19.043345,72.89285,15.4,2026-06-16T09:08:40+05:30,2026-06-16T09:08:43+05:30
P-0007416,V-11,7,19.043268,72.892834,15.0,2026-06-16T09:08:50+05:30,2026-06-16T09:08:56+05:30
P-0007417,V-11,7,19.04331,72.891896,14.3,2026-06-16T09:09:00+05:30,2026-06-16T09:09:01+05:30
P-0007418,V-11,7,19.043127,72.891636,21.8,2026-06-16T09:09:10+05:30,2026-06-16T09:09:14+05:30
P-0007419,V-11,7,19.042923,72.891136,14.7,2026-06-16T09:09:20+05:30,2026-06-16T09:09:25+05:30
P-0007420,V-11,7,19.042779,72.890796,17.6,2026-06-16T09:09:30+05:30,2026-06-16T09:09:31+05:30
P-0007421,V-11,7,19.042572,72.890377,23.1,2026-06-16T09:09:40+05:30,2026-06-16T09:09:41+05:30
P-0007422,V-11,7,19.042457,72.890069,18.5,2026-06-16T09:09:50+05:30,2026-06-16T09:09:53+05:30
P-0007423,V-11,7,19.042223,72.889524,21.6,2026-06-16T09:10:00+05:30,2026-06-16T09:10:04+05:30
P-0007424,V-11,7,19.042288,72.888647,17.6,2026-06-16T09:10:10+05:30,2026-06-16T09:10:13+05:30
P-0007425,V-11,7,19.042061,72.888346,18.7,2026-06-16T09:10:20+05:30,2026-06-16T09:10:25+05:30
P-0007426,V-11,7,19.041943,72.888196,16.9,2026-06-16T09:10:30+05:30,2026-06-16T09:10:33+05:30
P-0007427,V-11,7,19.041798,72.887277,19.4,2026-06-16T09:10:40+05:30,2026-06-16T09:10:43+05:30
P-0007428,V-11,7,19.041379,72.887134,17.4,2026-06-16T09:10:50+05:30,2026-06-16T09:10:55+05:30
P-0007429,V-11,7,19.041192,72.886821,14.7,2026-06-16T09:11:00+05:30,2026-06-16T09:11:05+05:30
P-0007430,V-11,7,19.041271,72.886051,21.7,2026-06-16T09:11:10+05:30,2026-06-16T09:11:16+05:30
P-0007431,V-11,7,19.040909,72.88552,21.7,2026-06-16T09:11:20+05:30,2026-06-16T09:11:23+05:30
P-0007432,V-11,7,19.041056,72.885219,22.5,2026-06-16T09:11:30+05:30,2026-06-16T09:11:34+05:30
P-0007433,V-11,7,19.040942,72.884909,17.7,2026-06-16T09:11:40+05:30,2026-06-16T09:11:44+05:30
P-0007434,V-11,7,19.040843,72.884225,14.7,2026-06-16T09:11:50+05:30,2026-06-16T09:11:55+05:30
P-0007435,V-11,7,19.040488,72.883556,21.9,2026-06-16T09:12:00+05:30,2026-06-16T09:12:05+05:30
P-0007436,V-11,7,19.040578,72.883515,15.8,2026-06-16T09:12:10+05:30,2026-06-16T09:12:15+05:30
P-0007437,V-11,7,19.040227,72.882813,21.7,2026-06-16T09:12:20+05:30,2026-06-16T09:12:25+05:30
P-0007438,V-11,7,19.040046,72.882288,16.7,2026-06-16T09:12:30+05:30,2026-06-16T09:12:33+05:30
P-0007439,V-11,7,19.040209,72.881815,24.3,2026-06-16T09:12:40+05:30,2026-06-16T09:12:46+05:30
P-0007440,V-11,7,19.040006,72.881488,25.2,2026-06-16T09:12:50+05:30,2026-06-16T09:12:55+05:30
P-0007441,V-11,7,19.039548,72.880952,20.1,2026-06-16T09:13:00+05:30,2026-06-16T09:13:01+05:30
P-0007442,V-11,7,19.039334,72.880565,18.1,2026-06-16T09:13:10+05:30,2026-06-16T09:13:16+05:30
P-0007443,V-11,7,19.039679,72.880178,19.0,2026-06-16T09:13:20+05:30,2026-06-16T09:13:23+05:30
P-0007444,V-11,7,19.039253,72.879388,16.6,2026-06-16T09:13:30+05:30,2026-06-16T09:13:32+05:30
P-0007445,V-11,7,19.039248,72.879061,18.9,2026-06-16T09:13:40+05:30,2026-06-16T09:13:45+05:30
P-0007446,V-11,7,19.03885,72.878506,17.0,2026-06-16T09:13:50+05:30,2026-06-16T09:13:53+05:30
P-0007447,V-11,7,19.038845,72.878396,17.7,2026-06-16T09:14:00+05:30,2026-06-16T09:14:01+05:30
P-0007448,V-11,7,19.038589,72.877515,17.7,2026-06-16T09:14:10+05:30,2026-06-16T09:14:14+05:30
P-0007449,V-11,7,19.038728,72.877206,25.4,2026-06-16T09:14:20+05:30,2026-06-16T09:14:24+05:30
P-0007450,V-11,7,19.038443,72.876848,14.7,2026-06-16T09:14:30+05:30,2026-06-16T09:14:35+05:30
P-0007451,V-11,7,19.038376,72.876352,25.6,2026-06-16T09:14:40+05:30,2026-06-16T09:14:42+05:30
P-0007452,V-11,7,19.038217,72.876029,23.5,2026-06-16T09:14:50+05:30,2026-06-16T09:14:55+05:30
P-0007453,V-11,7,19.038196,72.875498,14.0,2026-06-16T09:15:00+05:30,2026-06-16T09:15:03+05:30
P-0007454,V-11,7,19.038051,72.87509,16.4,2026-06-16T09:15:10+05:30,2026-06-16T09:15:12+05:30
P-0007455,V-11,7,19.037631,72.874703,16.0,2026-06-16T09:15:20+05:30,2026-06-16T09:15:21+05:30
P-0007456,V-11,7,19.037713,72.873874,19.7,2026-06-16T09:15:30+05:30,2026-06-16T09:15:36+05:30
P-0007457,V-11,7,19.037526,72.873549,20.1,2026-06-16T09:15:40+05:30,2026-06-16T09:15:46+05:30
P-0007458,V-11,7,19.037111,72.873187,23.5,2026-06-16T09:15:50+05:30,2026-06-16T09:15:51+05:30
P-0007459,V-11,7,19.037103,72.872816,15.7,2026-06-16T09:16:00+05:30,2026-06-16T09:16:05+05:30
P-0007460,V-11,7,19.037177,72.872211,23.4,2026-06-16T09:16:10+05:30,2026-06-16T09:16:11+05:30
P-0007461,V-11,7,19.036711,72.871899,17.7,2026-06-16T09:16:20+05:30,2026-06-16T09:16:22+05:30
P-0007462,V-11,7,19.036745,72.871229,17.1,2026-06-16T09:16:30+05:30,2026-06-16T09:16:31+05:30
P-0007463,V-11,7,19.036717,72.870784,24.3,2026-06-16T09:16:40+05:30,2026-06-16T09:16:41+05:30
P-0007464,V-11,7,19.036296,72.870425,15.9,2026-06-16T09:16:50+05:30,2026-06-16T09:16:52+05:30
P-0007465,V-11,7,19.036444,72.86978,19.7,2026-06-16T09:17:00+05:30,2026-06-16T09:17:02+05:30
P-0007466,V-11,7,19.036338,72.869236,15.3,2026-06-16T09:17:10+05:30,2026-06-16T09:17:16+05:30
P-0007467,V-11,7,19.036138,72.869201,25.5,2026-06-16T09:17:20+05:30,2026-06-16T09:17:24+05:30
P-0007468,V-11,7,19.03588,72.868514,25.5,2026-06-16T09:17:30+05:30,2026-06-16T09:17:32+05:30
P-0007469,V-11,7,19.035296,72.868274,18.4,2026-06-16T09:17:40+05:30,2026-06-16T09:17:42+05:30
P-0007470,V-11,7,19.035445,72.867516,16.9,2026-06-16T09:17:50+05:30,2026-06-16T09:17:54+05:30
P-0007471,V-11,7,19.035005,72.867226,25.1,2026-06-16T09:18:00+05:30,2026-06-16T09:18:05+05:30
P-0007472,V-11,7,19.03457,72.866602,23.1,2026-06-16T09:18:10+05:30,2026-06-16T09:18:16+05:30
P-0007473,V-11,7,19.034545,72.866322,17.4,2026-06-16T09:18:20+05:30,2026-06-16T09:18:24+05:30
P-0007474,V-11,7,19.03448,72.865747,25.8,2026-06-16T09:18:30+05:30,2026-06-16T09:18:31+05:30
P-0007475,V-11,7,19.034129,72.865433,23.9,2026-06-16T09:18:40+05:30,2026-06-16T09:18:43+05:30
P-0007476,V-11,7,19.033654,72.865041,25.0,2026-06-16T09:18:50+05:30,2026-06-16T09:18:52+05:30
P-0007477,V-11,7,19.033604,72.864625,25.8,2026-06-16T09:19:00+05:30,2026-06-16T09:19:05+05:30
P-0007478,V-11,7,19.033556,72.864484,26.7,2026-06-16T09:19:10+05:30,2026-06-16T09:19:11+05:30
P-0007479,V-11,7,19.03306,72.863955,18.4,2026-06-16T09:19:20+05:30,2026-06-16T09:19:26+05:30
P-0007480,V-11,7,19.032931,72.863573,26.7,2026-06-16T09:19:30+05:30,2026-06-16T09:19:34+05:30
P-0007481,V-11,7,19.032493,72.862794,26.0,2026-06-16T09:19:40+05:30,2026-06-16T09:19:44+05:30
P-0007482,V-11,7,19.032409,72.862581,19.8,2026-06-16T09:19:50+05:30,2026-06-16T09:19:51+05:30
P-0007483,V-11,7,19.032262,72.86217,22.2,2026-06-16T09:20:00+05:30,2026-06-16T09:20:03+05:30
P-0007484,V-11,7,19.032105,72.861722,21.1,2026-06-16T09:20:10+05:30,2026-06-16T09:20:14+05:30
P-0007485,V-11,7,19.031904,72.86134,24.8,2026-06-16T09:20:20+05:30,2026-06-16T09:20:26+05:30
P-0007486,V-11,7,19.031304,72.860811,19.7,2026-06-16T09:20:30+05:30,2026-06-16T09:20:31+05:30
P-0007487,V-11,7,19.031127,72.86037,19.3,2026-06-16T09:20:40+05:30,2026-06-16T09:20:42+05:30
P-0007488,V-11,7,19.031034,72.860042,22.6,2026-06-16T09:20:50+05:30,2026-06-16T09:20:55+05:30
P-0007489,V-11,7,19.030573,72.859854,23.9,2026-06-16T09:21:00+05:30,2026-06-16T09:21:06+05:30
P-0007490,V-11,7,19.030649,72.859297,26.2,2026-06-16T09:21:10+05:30,2026-06-16T09:21:16+05:30
P-0007491,V-11,7,19.030194,72.85901,18.8,2026-06-16T09:21:20+05:30,2026-06-16T09:21:26+05:30
P-0007492,V-11,7,19.029796,72.858393,22.0,2026-06-16T09:21:30+05:30,2026-06-16T09:21:33+05:30
P-0007493,V-11,7,19.029891,72.857871,22.7,2026-06-16T09:21:40+05:30,2026-06-16T09:21:44+05:30
P-0007494,V-11,7,19.029728,72.857509,28.5,2026-06-16T09:21:50+05:30,2026-06-16T09:21:55+05:30
P-0007495,V-11,7,19.029453,72.857005,24.6,2026-06-16T09:22:00+05:30,2026-06-16T09:22:06+05:30
P-0007496,V-11,7,19.029131,72.856758,18.4,2026-06-16T09:22:10+05:30,2026-06-16T09:22:13+05:30
P-0007497,V-11,7,19.028595,72.856343,27.4,2026-06-16T09:22:20+05:30,2026-06-16T09:22:26+05:30
P-0007498,V-11,7,19.028623,72.85599,24.1,2026-06-16T09:22:30+05:30,2026-06-16T09:22:31+05:30
P-0007499,V-11,7,19.028444,72.855272,21.6,2026-06-16T09:22:40+05:30,2026-06-16T09:22:45+05:30
P-0007500,V-11,7,19.028334,72.854819,23.1,2026-06-16T09:22:50+05:30,2026-06-16T09:22:54+05:30
P-0007501,V-11,7,19.027839,72.854497,26.9,2026-06-16T09:23:00+05:30,2026-06-16T09:23:01+05:30
P-0007502,V-11,7,19.027698,72.854201,25.3,2026-06-16T09:23:10+05:30,2026-06-16T09:23:13+05:30
P-0007503,V-11,7,19.027229,72.853944,27.6,2026-06-16T09:23:20+05:30,2026-06-16T09:23:23+05:30
P-0007504,V-11,7,19.027079,72.853086,24.1,2026-06-16T09:23:30+05:30,2026-06-16T09:23:34+05:30
P-0007505,V-11,7,19.026955,72.852816,18.0,2026-06-16T09:23:40+05:30,2026-06-16T09:23:46+05:30
P-0007506,V-11,7,19.026567,72.852555,27.4,2026-06-16T09:23:50+05:30,2026-06-16T09:23:54+05:30
P-0007507,V-11,7,19.026218,72.852267,18.4,2026-06-16T09:24:00+05:30,2026-06-16T09:24:05+05:30
P-0007508,V-11,7,19.026121,72.851495,28.2,2026-06-16T09:24:10+05:30,2026-06-16T09:24:16+05:30
P-0007509,V-11,7,19.026138,72.851341,27.6,2026-06-16T09:24:20+05:30,2026-06-16T09:24:23+05:30
P-0007510,V-11,7,19.025801,72.850732,25.0,2026-06-16T09:24:30+05:30,2026-06-16T09:24:31+05:30
P-0007511,V-11,7,19.025394,72.850208,25.1,2026-06-16T09:24:40+05:30,2026-06-16T09:24:44+05:30
P-0007512,V-11,7,19.02532,72.850117,28.5,2026-06-16T09:24:50+05:30,2026-06-16T09:24:53+05:30
P-0007513,V-11,7,19.025059,72.849336,21.9,2026-06-16T09:25:00+05:30,2026-06-16T09:25:06+05:30
P-0007514,V-11,7,19.02498,72.849123,24.9,2026-06-16T09:25:10+05:30,2026-06-16T09:25:14+05:30
P-0007515,V-11,7,19.024689,72.848625,26.9,2026-06-16T09:25:20+05:30,2026-06-16T09:25:21+05:30
P-0007516,V-11,7,19.02439,72.848417,20.4,2026-06-16T09:25:30+05:30,2026-06-16T09:25:34+05:30
P-0007517,V-11,7,19.023834,72.847849,19.8,2026-06-16T09:25:40+05:30,2026-06-16T09:25:42+05:30
P-0007518,V-11,7,19.023612,72.847568,27.6,2026-06-16T09:25:50+05:30,2026-06-16T09:25:51+05:30
P-0007519,V-11,7,19.023743,72.847054,20.3,2026-06-16T09:26:00+05:30,2026-06-16T09:26:05+05:30
P-0007520,V-11,7,19.023243,72.846415,19.2,2026-06-16T09:26:10+05:30,2026-06-16T09:26:11+05:30
P-0007521,V-11,7,19.023124,72.846348,20.1,2026-06-16T09:26:20+05:30,2026-06-16T09:26:26+05:30
P-0007522,V-11,7,19.022778,72.845656,30.5,2026-06-16T09:26:30+05:30,2026-06-16T09:26:35+05:30
P-0007523,V-11,7,19.022743,72.84516,19.7,2026-06-16T09:26:40+05:30,2026-06-16T09:26:41+05:30
P-0007524,V-11,7,19.022847,72.844891,28.3,2026-06-16T09:26:50+05:30,2026-06-16T09:26:55+05:30
P-0007525,V-11,7,19.022377,72.844193,29.3,2026-06-16T09:27:00+05:30,2026-06-16T09:27:05+05:30
P-0007526,V-11,7,19.022458,72.843792,29.2,2026-06-16T09:27:10+05:30,2026-06-16T09:27:12+05:30
P-0007527,V-11,7,19.022362,72.843174,29.5,2026-06-16T09:27:20+05:30,2026-06-16T09:27:25+05:30
P-0007528,V-11,7,19.022174,72.842762,30.9,2026-06-16T09:27:30+05:30,2026-06-16T09:27:34+05:30
P-0007529,V-11,7,19.022248,72.842543,27.1,2026-06-16T09:27:40+05:30,2026-06-16T09:27:43+05:30
P-0007530,V-11,7,19.021907,72.84179,27.1,2026-06-16T09:27:50+05:30,2026-06-16T09:27:56+05:30
P-0007531,V-11,7,19.021854,72.84124,30.8,2026-06-16T09:28:00+05:30,2026-06-16T09:28:03+05:30
P-0007532,V-11,7,19.022032,72.841144,21.8,2026-06-16T09:28:10+05:30,2026-06-16T09:28:14+05:30
P-0007533,V-11,7,19.02178,72.840594,27.7,2026-06-16T09:28:20+05:30,2026-06-16T09:28:23+05:30
P-0007534,V-11,7,19.021607,72.840055,29.0,2026-06-16T09:28:30+05:30,2026-06-16T09:28:31+05:30
P-0007535,V-11,7,19.021621,72.839482,21.1,2026-06-16T09:28:40+05:30,2026-06-16T09:28:42+05:30
P-0007536,V-11,7,19.021813,72.838818,30.7,2026-06-16T09:28:50+05:30,2026-06-16T09:28:53+05:30
P-0007537,V-11,7,19.021456,72.83879,32.4,2026-06-16T09:29:00+05:30,2026-06-16T09:29:02+05:30
P-0007538,V-11,7,19.021601,72.837986,24.7,2026-06-16T09:29:10+05:30,2026-06-16T09:29:14+05:30
P-0007539,V-11,7,19.021148,72.837363,28.2,2026-06-16T09:29:20+05:30,2026-06-16T09:29:21+05:30
P-0007540,V-11,7,19.021125,72.836888,25.9,2026-06-16T09:29:30+05:30,2026-06-16T09:29:36+05:30
P-0007541,V-11,7,19.021023,72.836612,32.6,2026-06-16T09:29:40+05:30,2026-06-16T09:29:42+05:30
P-0007542,V-11,7,19.021244,72.836357,26.6,2026-06-16T09:29:50+05:30,2026-06-16T09:29:52+05:30
P-0007543,V-11,7,19.020977,72.835663,32.8,2026-06-16T09:30:00+05:30,2026-06-16T09:30:02+05:30
P-0007544,V-11,7,19.021206,72.835006,32.7,2026-06-16T09:30:10+05:30,2026-06-16T09:30:11+05:30
P-0007545,V-11,7,19.021062,72.834839,32.6,2026-06-16T09:30:20+05:30,2026-06-16T09:30:25+05:30
P-0007546,V-11,7,19.021017,72.834427,22.3,2026-06-16T09:30:30+05:30,2026-06-16T09:30:34+05:30
P-0007547,V-11,7,19.020466,72.833846,22.3,2026-06-16T09:30:40+05:30,2026-06-16T09:30:46+05:30
P-0007548,V-11,7,19.020468,72.83352,22.9,2026-06-16T09:30:50+05:30,2026-06-16T09:30:54+05:30
P-0007549,V-11,7,19.020558,72.83281,24.6,2026-06-16T09:31:00+05:30,2026-06-16T09:31:03+05:30
P-0007550,V-11,7,19.020614,72.832307,33.4,2026-06-16T09:31:10+05:30,2026-06-16T09:31:12+05:30
P-0007551,V-11,7,19.020635,72.832102,27.5,2026-06-16T09:31:20+05:30,2026-06-16T09:31:21+05:30
P-0007552,V-11,7,19.020393,72.831284,23.5,2026-06-16T09:31:30+05:30,2026-06-16T09:31:36+05:30
P-0007553,V-11,7,19.020401,72.83083,27.8,2026-06-16T09:31:40+05:30,2026-06-16T09:31:42+05:30
P-0007554,V-11,7,19.020186,72.830377,34.3,2026-06-16T09:31:50+05:30,2026-06-16T09:31:55+05:30
P-0007555,V-11,7,19.020009,72.829893,25.6,2026-06-16T09:32:00+05:30,2026-06-16T09:32:03+05:30
P-0007556,V-11,7,19.020062,72.829453,25.6,2026-06-16T09:32:10+05:30,2026-06-16T09:32:14+05:30
P-0007557,V-11,7,19.01991,72.829057,24.8,2026-06-16T09:32:20+05:30,2026-06-16T09:32:21+05:30
P-0007558,V-11,7,19.01958,72.828511,32.8,2026-06-16T09:32:30+05:30,2026-06-16T09:32:31+05:30
P-0007559,V-11,7,19.019579,72.828185,35.1,2026-06-16T09:32:40+05:30,2026-06-16T09:32:46+05:30
P-0007560,V-11,7,19.019849,72.827538,35.3,2026-06-16T09:32:50+05:30,2026-06-16T09:32:56+05:30
P-0007561,V-11,7,19.019543,72.826932,30.0,2026-06-16T09:33:00+05:30,2026-06-16T09:33:04+05:30
P-0007562,V-11,7,19.019262,72.826827,32.0,2026-06-16T09:33:10+05:30,2026-06-16T09:33:15+05:30
P-0007563,V-11,7,19.019477,72.825981,35.5,2026-06-16T09:33:20+05:30,2026-06-16T09:33:22+05:30
P-0007564,V-11,7,19.019263,72.825589,30.0,2026-06-16T09:33:30+05:30,2026-06-16T09:33:33+05:30
P-0007565,V-11,7,19.019153,72.824971,29.7,2026-06-16T09:33:40+05:30,2026-06-16T09:33:44+05:30
P-0007566,V-11,7,19.019037,72.824564,28.7,2026-06-16T09:33:50+05:30,2026-06-16T09:33:51+05:30
P-0007567,V-11,7,19.01916,72.824222,27.2,2026-06-16T09:34:00+05:30,2026-06-16T09:34:05+05:30
P-0007568,V-11,7,19.018812,72.823913,30.9,2026-06-16T09:34:10+05:30,2026-06-16T09:34:11+05:30
P-0007569,V-11,7,19.01906,72.823249,35.9,2026-06-16T09:34:20+05:30,2026-06-16T09:34:22+05:30
P-0007570,V-11,7,19.018907,72.822592,31.3,2026-06-16T09:34:30+05:30,2026-06-16T09:34:36+05:30
P-0007571,V-11,7,19.018801,72.822077,25.7,2026-06-16T09:34:40+05:30,2026-06-16T09:34:46+05:30
P-0007572,V-11,7,19.018653,72.821758,28.7,2026-06-16T09:34:50+05:30,2026-06-16T09:34:55+05:30
P-0007573,V-11,7,19.018569,72.821301,26.9,2026-06-16T09:35:00+05:30,2026-06-16T09:35:06+05:30
P-0007574,V-11,7,19.018673,72.820855,35.7,2026-06-16T09:35:10+05:30,2026-06-16T09:35:12+05:30
P-0007575,V-11,7,19.018341,72.820376,29.5,2026-06-16T09:35:20+05:30,2026-06-16T09:35:21+05:30
P-0007576,V-11,7,19.0185,72.820106,33.4,2026-06-16T09:35:30+05:30,2026-06-16T09:35:35+05:30
P-0007577,V-11,7,19.018227,72.819483,31.5,2026-06-16T09:35:40+05:30,2026-06-16T09:35:41+05:30
P-0007578,V-11,7,19.018166,72.818714,27.6,2026-06-16T09:35:50+05:30,2026-06-16T09:35:51+05:30
P-0007579,V-11,7,19.018127,72.818433,26.4,2026-06-16T09:36:00+05:30,2026-06-16T09:36:02+05:30
P-0007580,V-11,7,19.017961,72.817835,36.1,2026-06-16T09:36:10+05:30,2026-06-16T09:36:11+05:30
P-0007581,V-11,7,19.017717,72.817461,29.6,2026-06-16T09:36:20+05:30,2026-06-16T09:36:26+05:30
P-0007582,V-11,7,19.017668,72.817182,36.3,2026-06-16T09:36:30+05:30,2026-06-16T09:36:35+05:30
P-0007583,V-11,7,19.017606,72.816353,35.2,2026-06-16T09:36:40+05:30,2026-06-16T09:36:43+05:30
P-0007584,V-11,7,19.017814,72.815983,32.8,2026-06-16T09:36:50+05:30,2026-06-16T09:36:54+05:30
P-0007585,V-11,7,19.017802,72.815712,37.3,2026-06-16T09:37:00+05:30,2026-06-16T09:37:01+05:30
P-0007586,V-01,5,19.2184,72.978133,31.8,2026-06-17T06:45:00+05:30,2026-06-17T06:45:06+05:30
P-0007587,V-01,5,19.217983,72.977999,32.5,2026-06-17T06:45:10+05:30,2026-06-17T06:45:14+05:30
P-0007588,V-01,5,19.217564,72.977807,26.3,2026-06-17T06:45:20+05:30,2026-06-17T06:45:22+05:30
P-0007589,V-01,5,19.217263,72.977466,36.6,2026-06-17T06:45:30+05:30,2026-06-17T06:45:36+05:30
P-0007590,V-01,5,19.217116,72.977552,36.3,2026-06-17T06:45:40+05:30,2026-06-17T06:45:42+05:30
P-0007591,V-01,5,19.216428,72.977098,35.4,2026-06-17T06:45:50+05:30,2026-06-17T06:45:53+05:30
P-0007592,V-01,5,19.216125,72.976882,31.8,2026-06-17T06:46:00+05:30,2026-06-17T06:46:05+05:30
P-0007593,V-01,5,19.215746,72.976774,33.3,2026-06-17T06:46:10+05:30,2026-06-17T06:46:12+05:30
P-0007594,V-01,5,19.215424,72.976411,27.6,2026-06-17T06:46:20+05:30,2026-06-17T06:46:24+05:30
P-0007595,V-01,5,19.215261,72.976357,25.9,2026-06-17T06:46:30+05:30,2026-06-17T06:46:35+05:30
P-0007596,V-01,5,19.215116,72.976292,35.4,2026-06-17T06:46:40+05:30,2026-06-17T06:46:44+05:30
P-0007597,V-01,5,19.214473,72.975738,35.5,2026-06-17T06:46:50+05:30,2026-06-17T06:46:54+05:30
P-0007598,V-01,5,19.214369,72.975842,30.4,2026-06-17T06:47:00+05:30,2026-06-17T06:47:01+05:30
P-0007599,V-01,5,19.213952,72.975299,29.2,2026-06-17T06:47:10+05:30,2026-06-17T06:47:11+05:30
P-0007600,V-01,5,19.213735,72.975546,33.5,2026-06-17T06:47:20+05:30,2026-06-17T06:47:26+05:30
P-0007601,V-01,5,19.213424,72.97513,26.2,2026-06-17T06:47:30+05:30,2026-06-17T06:47:36+05:30
P-0007602,V-01,5,19.212938,72.97467,29.7,2026-06-17T06:47:40+05:30,2026-06-17T06:47:42+05:30
P-0007603,V-01,5,19.212866,72.974594,25.0,2026-06-17T06:47:50+05:30,2026-06-17T06:47:54+05:30
P-0007604,V-01,5,19.212137,72.974528,32.0,2026-06-17T06:48:00+05:30,2026-06-17T06:48:06+05:30
P-0007605,V-01,5,19.212148,72.974215,35.2,2026-06-17T06:48:10+05:30,2026-06-17T06:48:13+05:30
P-0007606,V-01,5,19.21153,72.974045,34.5,2026-06-17T06:48:20+05:30,2026-06-17T06:48:23+05:30
P-0007607,V-01,5,19.211296,72.973817,28.3,2026-06-17T06:48:30+05:30,2026-06-17T06:48:32+05:30
P-0007608,V-01,5,19.211199,72.973705,26.3,2026-06-17T06:48:40+05:30,2026-06-17T06:48:44+05:30
P-0007609,V-01,5,19.210661,72.973675,33.8,2026-06-17T06:48:50+05:30,2026-06-17T06:48:54+05:30
P-0007610,V-01,5,19.210523,72.973237,26.9,2026-06-17T06:49:00+05:30,2026-06-17T06:49:02+05:30
P-0007611,V-01,5,19.209783,72.972927,31.7,2026-06-17T06:49:10+05:30,2026-06-17T06:49:15+05:30
P-0007612,V-01,5,19.209409,72.972848,34.4,2026-06-17T06:49:20+05:30,2026-06-17T06:49:26+05:30
P-0007613,V-01,5,19.209444,72.972858,30.3,2026-06-17T06:49:30+05:30,2026-06-17T06:49:34+05:30
P-0007614,V-01,5,19.208799,72.972478,29.7,2026-06-17T06:49:40+05:30,2026-06-17T06:49:41+05:30
P-0007615,V-01,5,19.208515,72.972517,34.0,2026-06-17T06:49:50+05:30,2026-06-17T06:49:56+05:30
P-0007616,V-01,5,19.208237,72.972183,31.4,2026-06-17T06:50:00+05:30,2026-06-17T06:50:04+05:30
P-0007617,V-01,5,19.20783,72.971976,27.6,2026-06-17T06:50:10+05:30,2026-06-17T06:50:14+05:30
P-0007618,V-01,5,19.207877,72.971855,31.0,2026-06-17T06:50:20+05:30,2026-06-17T06:50:22+05:30
P-0007619,V-01,5,19.207536,72.971399,27.7,2026-06-17T06:50:30+05:30,2026-06-17T06:50:36+05:30
P-0007620,V-01,5,19.207194,72.971543,24.2,2026-06-17T06:50:40+05:30,2026-06-17T06:50:42+05:30
P-0007621,V-01,5,19.206828,72.971182,21.8,2026-06-17T06:50:50+05:30,2026-06-17T06:50:56+05:30
P-0007622,V-01,5,19.206507,72.971114,21.3,2026-06-17T06:51:00+05:30,2026-06-17T06:51:03+05:30
P-0007623,V-01,5,19.206125,72.970518,25.5,2026-06-17T06:51:10+05:30,2026-06-17T06:51:12+05:30
P-0007624,V-01,5,19.205669,72.970711,31.6,2026-06-17T06:51:20+05:30,2026-06-17T06:51:23+05:30
P-0007625,V-01,5,19.205517,72.970301,28.7,2026-06-17T06:51:30+05:30,2026-06-17T06:51:31+05:30
P-0007626,V-01,5,19.204859,72.970288,22.8,2026-06-17T06:51:40+05:30,2026-06-17T06:51:45+05:30
P-0007627,V-01,5,19.204884,72.969887,31.5,2026-06-17T06:51:50+05:30,2026-06-17T06:51:55+05:30
P-0007628,V-01,5,19.204125,72.969881,26.0,2026-06-17T06:52:00+05:30,2026-06-17T06:52:06+05:30
P-0007629,V-01,5,19.204118,72.969443,23.7,2026-06-17T06:52:10+05:30,2026-06-17T06:52:12+05:30
P-0007630,V-01,5,19.203578,72.969127,27.9,2026-06-17T06:52:20+05:30,2026-06-17T06:52:24+05:30
P-0007631,V-01,5,19.203261,72.969241,28.6,2026-06-17T06:52:30+05:30,2026-06-17T06:52:33+05:30
P-0007632,V-01,5,19.202917,72.968779,30.3,2026-06-17T06:52:40+05:30,2026-06-17T06:52:41+05:30
P-0007633,V-01,5,19.202699,72.968876,25.3,2026-06-17T06:52:50+05:30,2026-06-17T06:52:51+05:30
P-0007634,V-01,5,19.20224,72.968173,23.2,2026-06-17T06:53:00+05:30,2026-06-17T06:53:02+05:30
P-0007635,V-01,5,19.202271,72.96805,25.6,2026-06-17T06:53:10+05:30,2026-06-17T06:53:16+05:30
P-0007636,V-01,5,19.201716,72.967943,29.6,2026-06-17T06:53:20+05:30,2026-06-17T06:53:24+05:30
P-0007637,V-01,5,19.201359,72.967542,27.4,2026-06-17T06:53:30+05:30,2026-06-17T06:53:33+05:30
P-0007638,V-01,5,19.201348,72.967433,25.6,2026-06-17T06:53:40+05:30,2026-06-17T06:53:46+05:30
P-0007639,V-01,5,19.200953,72.967255,29.1,2026-06-17T06:53:50+05:30,2026-06-17T06:53:55+05:30
P-0007640,V-01,5,19.200515,72.966983,29.3,2026-06-17T06:54:00+05:30,2026-06-17T06:54:01+05:30
P-0007641,V-01,5,19.200187,72.966633,20.7,2026-06-17T06:54:10+05:30,2026-06-17T06:54:13+05:30
P-0007642,V-01,5,19.20005,72.966482,22.5,2026-06-17T06:54:20+05:30,2026-06-17T06:54:21+05:30
P-0007643,V-01,5,19.199773,72.966397,25.1,2026-06-17T06:54:30+05:30,2026-06-17T06:54:33+05:30
P-0007644,V-01,5,19.199337,72.966126,19.4,2026-06-17T06:54:40+05:30,2026-06-17T06:54:43+05:30
P-0007645,V-01,5,19.198861,72.965874,25.0,2026-06-17T06:54:50+05:30,2026-06-17T06:54:53+05:30
P-0007646,V-01,5,19.19847,72.965576,25.6,2026-06-17T06:55:00+05:30,2026-06-17T06:55:03+05:30
P-0007647,V-01,5,19.198615,72.965162,26.7,2026-06-17T06:55:10+05:30,2026-06-17T06:55:15+05:30
P-0007648,V-01,5,19.198238,72.96504,27.4,2026-06-17T06:55:20+05:30,2026-06-17T06:55:26+05:30
P-0007649,V-01,5,19.197622,72.964759,24.1,2026-06-17T06:55:30+05:30,2026-06-17T06:55:36+05:30
P-0007650,V-01,5,19.197433,72.964744,22.6,2026-06-17T06:55:40+05:30,2026-06-17T06:55:45+05:30
P-0007651,V-01,5,19.19726,72.964543,20.4,2026-06-17T06:55:50+05:30,2026-06-17T06:55:51+05:30
P-0007652,V-01,5,19.197004,72.964209,19.8,2026-06-17T06:56:00+05:30,2026-06-17T06:56:04+05:30
P-0007653,V-01,5,19.196502,72.963654,18.2,2026-06-17T06:56:10+05:30,2026-06-17T06:56:11+05:30
P-0007654,V-01,5,19.196283,72.963592,23.8,2026-06-17T06:56:20+05:30,2026-06-17T06:56:23+05:30
P-0007655,V-01,5,19.195817,72.963249,20.1,2026-06-17T06:56:30+05:30,2026-06-17T06:56:36+05:30
P-0007656,V-01,5,19.195558,72.963001,24.4,2026-06-17T06:56:40+05:30,2026-06-17T06:56:44+05:30
P-0007657,V-01,5,19.195378,72.962784,20.4,2026-06-17T06:56:50+05:30,2026-06-17T06:56:53+05:30
P-0007658,V-01,5,19.194845,72.962955,24.2,2026-06-17T06:57:00+05:30,2026-06-17T06:57:02+05:30
P-0007659,V-01,5,19.194529,72.96253,26.5,2026-06-17T06:57:10+05:30,2026-06-17T06:57:16+05:30
P-0007660,V-01,5,19.194528,72.962131,24.8,2026-06-17T06:57:20+05:30,2026-06-17T06:57:24+05:30
P-0007661,V-01,5,19.19398,72.962195,18.8,2026-06-17T06:57:30+05:30,2026-06-17T06:57:33+05:30
P-0007662,V-01,5,19.194012,72.96197,20.5,2026-06-17T06:57:40+05:30,2026-06-17T06:57:41+05:30
P-0007663,V-01,5,19.193461,72.96171,25.0,2026-06-17T06:57:50+05:30,2026-06-17T06:57:52+05:30
P-0007664,V-01,5,19.193123,72.96136,18.1,2026-06-17T06:58:00+05:30,2026-06-17T06:58:01+05:30
P-0007665,V-01,5,19.192651,72.960865,20.2,2026-06-17T06:58:10+05:30,2026-06-17T06:58:16+05:30
P-0007666,V-01,5,19.192757,72.960817,26.0,2026-06-17T06:58:20+05:30,2026-06-17T06:58:26+05:30
P-0007667,V-01,5,19.192078,72.960819,18.7,2026-06-17T06:58:30+05:30,2026-06-17T06:58:36+05:30
P-0007668,V-01,5,19.192182,72.960146,18.0,2026-06-17T06:58:40+05:30,2026-06-17T06:58:43+05:30
P-0007669,V-01,5,19.191708,72.960137,20.5,2026-06-17T06:58:50+05:30,2026-06-17T06:58:53+05:30
P-0007670,V-01,5,19.191216,72.959934,26.8,2026-06-17T06:59:00+05:30,2026-06-17T06:59:04+05:30
P-0007671,V-01,5,19.190782,72.959683,17.2,2026-06-17T06:59:10+05:30,2026-06-17T06:59:13+05:30
P-0007672,V-01,5,19.19071,72.959285,23.7,2026-06-17T06:59:20+05:30,2026-06-17T06:59:25+05:30
P-0007673,V-01,5,19.190486,72.959065,23.0,2026-06-17T06:59:30+05:30,2026-06-17T06:59:36+05:30
P-0007674,V-01,5,19.19009,72.958976,23.1,2026-06-17T06:59:40+05:30,2026-06-17T06:59:41+05:30
P-0007675,V-01,5,19.189765,72.958788,18.9,2026-06-17T06:59:50+05:30,2026-06-17T06:59:51+05:30
P-0007676,V-01,5,19.189431,72.9585,25.3,2026-06-17T07:00:00+05:30,2026-06-17T07:00:03+05:30
P-0007677,V-01,5,19.189202,72.958119,21.3,2026-06-17T07:00:10+05:30,2026-06-17T07:00:12+05:30
P-0007678,V-01,5,19.188905,72.957862,18.0,2026-06-17T07:00:20+05:30,2026-06-17T07:00:22+05:30
P-0007679,V-01,5,19.188354,72.957565,18.0,2026-06-17T07:00:30+05:30,2026-06-17T07:00:33+05:30
P-0007680,V-01,5,19.188218,72.957477,23.3,2026-06-17T07:00:40+05:30,2026-06-17T07:00:46+05:30
P-0007681,V-01,5,19.187968,72.957513,18.6,2026-06-17T07:00:50+05:30,2026-06-17T07:00:55+05:30
P-0007682,V-01,5,19.187714,72.957073,20.9,2026-06-17T07:01:00+05:30,2026-06-17T07:01:05+05:30
P-0007683,V-01,5,19.187564,72.956658,26.4,2026-06-17T07:01:10+05:30,2026-06-17T07:01:13+05:30
P-0007684,V-01,5,19.187185,72.956598,21.6,2026-06-17T07:01:20+05:30,2026-06-17T07:01:23+05:30
P-0007685,V-01,5,19.186689,72.956428,21.9,2026-06-17T07:01:30+05:30,2026-06-17T07:01:33+05:30
P-0007686,V-01,5,19.186533,72.956082,18.6,2026-06-17T07:01:40+05:30,2026-06-17T07:01:41+05:30
P-0007687,V-01,5,19.186059,72.955951,24.4,2026-06-17T07:01:50+05:30,2026-06-17T07:01:56+05:30
P-0007688,V-01,5,19.185868,72.955441,25.0,2026-06-17T07:02:00+05:30,2026-06-17T07:02:01+05:30
P-0007689,V-01,5,19.185465,72.955486,20.5,2026-06-17T07:02:10+05:30,2026-06-17T07:02:12+05:30
P-0007690,V-01,5,19.185069,72.955339,24.5,2026-06-17T07:02:20+05:30,2026-06-17T07:02:26+05:30
P-0007691,V-01,5,19.184787,72.954886,25.9,2026-06-17T07:02:30+05:30,2026-06-17T07:02:36+05:30
P-0007692,V-01,5,19.184364,72.954835,19.5,2026-06-17T07:02:40+05:30,2026-06-17T07:02:42+05:30
P-0007693,V-01,5,19.18417,72.954293,16.7,2026-06-17T07:02:50+05:30,2026-06-17T07:02:52+05:30
P-0007694,V-01,5,19.183726,72.953955,15.5,2026-06-17T07:03:00+05:30,2026-06-17T07:03:03+05:30
P-0007695,V-01,5,19.18341,72.954203,18.3,2026-06-17T07:03:10+05:30,2026-06-17T07:03:15+05:30
P-0007696,V-01,5,19.183367,72.953543,16.4,2026-06-17T07:03:20+05:30,2026-06-17T07:03:24+05:30
P-0007697,V-01,5,19.182791,72.953589,18.5,2026-06-17T07:03:30+05:30,2026-06-17T07:03:31+05:30
P-0007698,V-01,5,19.182676,72.95327,21.7,2026-06-17T07:03:40+05:30,2026-06-17T07:03:44+05:30
P-0007699,V-01,5,19.182285,72.953102,18.7,2026-06-17T07:03:50+05:30,2026-06-17T07:03:56+05:30
P-0007700,V-01,5,19.181959,72.953091,16.1,2026-06-17T07:04:00+05:30,2026-06-17T07:04:06+05:30
P-0007701,V-01,5,19.181668,72.952638,22.8,2026-06-17T07:04:10+05:30,2026-06-17T07:04:14+05:30
P-0007702,V-01,5,19.181512,72.952225,13.9,2026-06-17T07:04:20+05:30,2026-06-17T07:04:23+05:30
P-0007703,V-01,5,19.181012,72.952144,21.2,2026-06-17T07:04:30+05:30,2026-06-17T07:04:32+05:30
P-0007704,V-01,5,19.180923,72.951902,24.7,2026-06-17T07:04:40+05:30,2026-06-17T07:04:42+05:30
P-0007705,V-01,5,19.180377,72.952019,18.4,2026-06-17T07:04:50+05:30,2026-06-17T07:04:53+05:30
P-0007706,V-01,5,19.180177,72.951422,14.3,2026-06-17T07:05:00+05:30,2026-06-17T07:05:01+05:30
P-0007707,V-01,5,19.179989,72.951613,15.7,2026-06-17T07:05:10+05:30,2026-06-17T07:05:12+05:30
P-0007708,V-01,5,19.179423,72.951124,18.9,2026-06-17T07:05:20+05:30,2026-06-17T07:05:26+05:30
P-0007709,V-01,5,19.179049,72.950799,14.6,2026-06-17T07:05:30+05:30,2026-06-17T07:05:33+05:30
P-0007710,V-01,5,19.178978,72.950509,18.7,2026-06-17T07:05:40+05:30,2026-06-17T07:05:41+05:30
P-0007711,V-01,5,19.178314,72.950482,16.0,2026-06-17T07:05:50+05:30,2026-06-17T07:05:51+05:30
P-0007712,V-01,5,19.177951,72.950292,19.5,2026-06-17T07:06:00+05:30,2026-06-17T07:06:04+05:30
P-0007713,V-01,5,19.177623,72.949919,22.3,2026-06-17T07:06:10+05:30,2026-06-17T07:06:12+05:30
P-0007714,V-01,5,19.177504,72.949993,23.6,2026-06-17T07:06:20+05:30,2026-06-17T07:06:25+05:30
P-0007715,V-01,5,19.177187,72.949415,16.3,2026-06-17T07:06:30+05:30,2026-06-17T07:06:34+05:30
P-0007716,V-01,5,19.176761,72.94935,22.7,2026-06-17T07:06:40+05:30,2026-06-17T07:06:41+05:30
P-0007717,V-01,5,19.176686,72.949111,24.3,2026-06-17T07:06:50+05:30,2026-06-17T07:06:55+05:30
P-0007718,V-01,5,19.17633,72.949097,15.2,2026-06-17T07:07:00+05:30,2026-06-17T07:07:06+05:30
P-0007719,V-01,5,19.175863,72.948842,21.9,2026-06-17T07:07:10+05:30,2026-06-17T07:07:13+05:30
P-0007720,V-01,5,19.175507,72.94852,20.7,2026-06-17T07:07:20+05:30,2026-06-17T07:07:22+05:30
P-0007721,V-01,5,19.17502,72.948478,14.7,2026-06-17T07:07:30+05:30,2026-06-17T07:07:33+05:30
P-0007722,V-01,5,19.174764,72.948177,15.8,2026-06-17T07:07:40+05:30,2026-06-17T07:07:43+05:30
P-0007723,V-01,5,19.17436,72.948167,21.4,2026-06-17T07:07:50+05:30,2026-06-17T07:07:52+05:30
P-0007724,V-01,5,19.174492,72.947539,23.9,2026-06-17T07:08:00+05:30,2026-06-17T07:08:05+05:30
P-0007725,V-01,5,19.17383,72.947394,17.6,2026-06-17T07:08:10+05:30,2026-06-17T07:08:12+05:30
P-0007726,V-01,5,19.173808,72.947157,18.7,2026-06-17T07:08:20+05:30,2026-06-17T07:08:26+05:30
P-0007727,V-01,5,19.173452,72.946996,18.5,2026-06-17T07:08:30+05:30,2026-06-17T07:08:31+05:30
P-0007728,V-01,5,19.17305,72.946826,20.1,2026-06-17T07:08:40+05:30,2026-06-17T07:08:43+05:30
P-0007729,V-01,5,19.172606,72.946752,18.6,2026-06-17T07:08:50+05:30,2026-06-17T07:08:52+05:30
P-0007730,V-01,5,19.172409,72.946334,20.7,2026-06-17T07:09:00+05:30,2026-06-17T07:09:04+05:30
P-0007731,V-01,5,19.172048,72.945993,17.3,2026-06-17T07:09:10+05:30,2026-06-17T07:09:14+05:30
P-0007732,V-01,5,19.171571,72.946171,21.0,2026-06-17T07:09:20+05:30,2026-06-17T07:09:22+05:30
P-0007733,V-01,5,19.17117,72.94602,20.3,2026-06-17T07:09:30+05:30,2026-06-17T07:09:32+05:30
P-0007734,V-01,5,19.170892,72.94543,16.8,2026-06-17T07:09:40+05:30,2026-06-17T07:09:41+05:30
P-0007735,V-01,5,19.170503,72.945231,17.7,2026-06-17T07:09:50+05:30,2026-06-17T07:09:52+05:30
P-0007736,V-01,5,19.170296,72.945316,23.9,2026-06-17T07:10:00+05:30,2026-06-17T07:10:06+05:30
P-0007737,V-01,5,19.170089,72.944843,12.6,2026-06-17T07:10:10+05:30,2026-06-17T07:10:16+05:30
P-0007738,V-01,5,19.169742,72.94468,18.7,2026-06-17T07:10:20+05:30,2026-06-17T07:10:26+05:30
P-0007739,V-01,5,19.169536,72.944464,19.5,2026-06-17T07:10:30+05:30,2026-06-17T07:10:34+05:30
P-0007740,V-01,5,19.169108,72.944055,17.3,2026-06-17T07:10:40+05:30,2026-06-17T07:10:41+05:30
P-0007741,V-01,5,19.168743,72.944027,21.2,2026-06-17T07:10:50+05:30,2026-06-17T07:10:51+05:30
P-0007742,V-01,5,19.168317,72.943629,22.8,2026-06-17T07:11:00+05:30,2026-06-17T07:11:04+05:30
P-0007743,V-01,5,19.167971,72.943686,14.3,2026-06-17T07:11:10+05:30,2026-06-17T07:11:12+05:30
P-0007744,V-01,5,19.16791,72.943429,18.6,2026-06-17T07:11:20+05:30,2026-06-17T07:11:22+05:30
P-0007745,V-01,5,19.167813,72.942886,22.7,2026-06-17T07:11:30+05:30,2026-06-17T07:11:33+05:30
P-0007746,V-01,5,19.167528,72.942511,14.2,2026-06-17T07:11:40+05:30,2026-06-17T07:11:43+05:30
P-0007747,V-01,5,19.167286,72.942405,13.1,2026-06-17T07:11:50+05:30,2026-06-17T07:11:54+05:30
P-0007748,V-01,5,19.166832,72.94226,18.4,2026-06-17T07:12:00+05:30,2026-06-17T07:12:02+05:30
P-0007749,V-01,5,19.166734,72.941789,19.3,2026-06-17T07:12:10+05:30,2026-06-17T07:12:12+05:30
P-0007750,V-01,5,19.166305,72.941447,24.0,2026-06-17T07:12:20+05:30,2026-06-17T07:12:26+05:30
P-0007751,V-01,5,19.166102,72.94115,14.1,2026-06-17T07:12:30+05:30,2026-06-17T07:12:31+05:30
P-0007752,V-01,5,19.165706,72.940939,20.4,2026-06-17T07:12:40+05:30,2026-06-17T07:12:42+05:30
P-0007753,V-01,5,19.165848,72.940746,14.4,2026-06-17T07:12:50+05:30,2026-06-17T07:12:56+05:30
P-0007754,V-01,5,19.165371,72.940437,17.9,2026-06-17T07:13:00+05:30,2026-06-17T07:13:03+05:30
P-0007755,V-01,5,19.165065,72.940067,15.9,2026-06-17T07:13:10+05:30,2026-06-17T07:13:15+05:30
P-0007756,V-01,5,19.164659,72.939951,13.8,2026-06-17T07:13:20+05:30,2026-06-17T07:13:26+05:30
P-0007757,V-01,5,19.164409,72.939593,13.6,2026-06-17T07:13:30+05:30,2026-06-17T07:13:34+05:30
P-0007758,V-01,5,19.16449,72.939468,18.6,2026-06-17T07:13:40+05:30,2026-06-17T07:13:44+05:30
P-0007759,V-01,5,19.164061,72.93884,12.7,2026-06-17T07:13:50+05:30,2026-06-17T07:13:51+05:30
P-0007760,V-01,5,19.163694,72.938491,20.8,2026-06-17T07:14:00+05:30,2026-06-17T07:14:04+05:30
P-0007761,V-01,5,19.163664,72.938262,14.5,2026-06-17T07:14:10+05:30,2026-06-17T07:14:13+05:30
P-0007762,V-01,5,19.163149,72.937861,18.4,2026-06-17T07:14:20+05:30,2026-06-17T07:14:23+05:30
P-0007763,V-01,5,19.163234,72.937753,23.5,2026-06-17T07:14:30+05:30,2026-06-17T07:14:32+05:30
P-0007764,V-01,5,19.162637,72.937572,21.9,2026-06-17T07:14:40+05:30,2026-06-17T07:14:41+05:30
P-0007765,V-01,5,19.162658,72.937414,17.4,2026-06-17T07:14:50+05:30,2026-06-17T07:14:52+05:30
P-0007766,V-01,5,19.162439,72.93685,21.4,2026-06-17T07:15:00+05:30,2026-06-17T07:15:02+05:30
P-0007767,V-01,5,19.161957,72.936724,19.9,2026-06-17T07:15:10+05:30,2026-06-17T07:15:11+05:30
P-0007768,V-01,5,19.161656,72.936464,15.2,2026-06-17T07:15:20+05:30,2026-06-17T07:15:26+05:30
P-0007769,V-01,5,19.161329,72.935876,24.3,2026-06-17T07:15:30+05:30,2026-06-17T07:15:31+05:30
P-0007770,V-01,5,19.161122,72.936017,18.7,2026-06-17T07:15:40+05:30,2026-06-17T07:15:45+05:30
P-0007771,V-01,5,19.161097,72.935326,23.3,2026-06-17T07:15:50+05:30,2026-06-17T07:15:55+05:30
P-0007772,V-01,5,19.16055,72.935139,15.9,2026-06-17T07:16:00+05:30,2026-06-17T07:16:04+05:30
P-0007773,V-01,5,19.16037,72.934965,21.6,2026-06-17T07:16:10+05:30,2026-06-17T07:16:16+05:30
P-0007774,V-01,5,19.160252,72.934831,15.6,2026-06-17T07:16:20+05:30,2026-06-17T07:16:21+05:30
P-0007775,V-01,5,19.159761,72.934556,22.3,2026-06-17T07:16:30+05:30,2026-06-17T07:16:31+05:30
P-0007776,V-01,5,19.15937,72.934232,16.3,2026-06-17T07:16:40+05:30,2026-06-17T07:16:43+05:30
P-0007777,V-01,5,19.159506,72.933659,19.5,2026-06-17T07:16:50+05:30,2026-06-17T07:16:51+05:30
P-0007778,V-01,5,19.159049,72.933664,17.8,2026-06-17T07:17:00+05:30,2026-06-17T07:17:03+05:30
P-0007779,V-01,5,19.158907,72.932955,21.9,2026-06-17T07:17:10+05:30,2026-06-17T07:17:16+05:30
P-0007780,V-01,5,19.158716,72.932861,24.4,2026-06-17T07:17:20+05:30,2026-06-17T07:17:24+05:30
P-0007781,V-01,5,19.158274,72.932608,21.6,2026-06-17T07:17:30+05:30,2026-06-17T07:17:36+05:30
P-0007782,V-01,5,19.157847,72.932343,23.4,2026-06-17T07:17:40+05:30,2026-06-17T07:17:44+05:30
P-0007783,V-01,5,19.157931,72.932005,20.3,2026-06-17T07:17:50+05:30,2026-06-17T07:17:52+05:30
P-0007784,V-01,5,19.157635,72.931731,23.5,2026-06-17T07:18:00+05:30,2026-06-17T07:18:06+05:30
P-0007785,V-01,5,19.157373,72.931581,17.1,2026-06-17T07:18:10+05:30,2026-06-17T07:18:15+05:30
P-0007786,V-01,5,19.157015,72.931075,16.6,2026-06-17T07:18:20+05:30,2026-06-17T07:18:21+05:30
P-0007787,V-01,5,19.156545,72.931121,22.9,2026-06-17T07:18:30+05:30,2026-06-17T07:18:33+05:30
P-0007788,V-01,5,19.156472,72.930783,15.8,2026-06-17T07:18:40+05:30,2026-06-17T07:18:41+05:30
P-0007789,V-01,5,19.156068,72.930462,14.9,2026-06-17T07:18:50+05:30,2026-06-17T07:18:52+05:30
P-0007790,V-01,5,19.155986,72.929868,24.4,2026-06-17T07:19:00+05:30,2026-06-17T07:19:06+05:30
P-0007791,V-01,5,19.155883,72.929955,19.8,2026-06-17T07:19:10+05:30,2026-06-17T07:19:14+05:30
P-0007792,V-01,5,19.155491,72.929589,15.1,2026-06-17T07:19:20+05:30,2026-06-17T07:19:23+05:30
P-0007793,V-01,5,19.155073,72.928995,19.7,2026-06-17T07:19:30+05:30,2026-06-17T07:19:31+05:30
P-0007794,V-01,5,19.155075,72.929075,23.1,2026-06-17T07:19:40+05:30,2026-06-17T07:19:45+05:30
P-0007795,V-01,5,19.154716,72.92867,23.3,2026-06-17T07:19:50+05:30,2026-06-17T07:19:53+05:30
P-0007796,V-01,5,19.154378,72.928191,16.1,2026-06-17T07:20:00+05:30,2026-06-17T07:20:05+05:30
P-0007797,V-01,5,19.153996,72.928201,23.8,2026-06-17T07:20:10+05:30,2026-06-17T07:20:13+05:30
P-0007798,V-01,5,19.153646,72.927801,21.3,2026-06-17T07:20:20+05:30,2026-06-17T07:20:23+05:30
P-0007799,V-01,5,19.153396,72.927416,25.6,2026-06-17T07:20:30+05:30,2026-06-17T07:20:34+05:30
P-0007800,V-01,5,19.153153,72.927329,23.4,2026-06-17T07:20:40+05:30,2026-06-17T07:20:46+05:30
P-0007801,V-01,5,19.153228,72.926695,19.8,2026-06-17T07:20:50+05:30,2026-06-17T07:20:56+05:30
P-0007802,V-01,5,19.153006,72.926408,18.5,2026-06-17T07:21:00+05:30,2026-06-17T07:21:03+05:30
P-0007803,V-01,5,19.152684,72.926627,24.2,2026-06-17T07:21:10+05:30,2026-06-17T07:21:13+05:30
P-0007804,V-01,5,19.151992,72.926489,24.2,2026-06-17T07:21:20+05:30,2026-06-17T07:21:24+05:30
P-0007805,V-01,5,19.151754,72.926191,23.3,2026-06-17T07:21:30+05:30,2026-06-17T07:21:36+05:30
P-0007806,V-01,5,19.151406,72.925796,25.3,2026-06-17T07:21:40+05:30,2026-06-17T07:21:44+05:30
P-0007807,V-01,5,19.150931,72.925803,24.6,2026-06-17T07:21:50+05:30,2026-06-17T07:21:51+05:30
P-0007808,V-01,5,19.150961,72.925474,16.0,2026-06-17T07:22:00+05:30,2026-06-17T07:22:04+05:30
P-0007809,V-01,5,19.15061,72.925489,24.7,2026-06-17T07:22:10+05:30,2026-06-17T07:22:13+05:30
P-0007810,V-01,5,19.150333,72.925062,16.8,2026-06-17T07:22:20+05:30,2026-06-17T07:22:26+05:30
P-0007811,V-01,5,19.149851,72.925123,23.0,2026-06-17T07:22:30+05:30,2026-06-17T07:22:34+05:30
P-0007812,V-01,5,19.149373,72.924884,16.4,2026-06-17T07:22:40+05:30,2026-06-17T07:22:46+05:30
P-0007813,V-01,5,19.148973,72.924347,26.6,2026-06-17T07:22:50+05:30,2026-06-17T07:22:54+05:30
P-0007814,V-01,5,19.148951,72.9243,22.7,2026-06-17T07:23:00+05:30,2026-06-17T07:23:02+05:30
P-0007815,V-01,5,19.148253,72.924369,18.8,2026-06-17T07:23:10+05:30,2026-06-17T07:23:14+05:30
P-0007816,V-01,5,19.148137,72.923787,17.2,2026-06-17T07:23:20+05:30,2026-06-17T07:23:24+05:30
P-0007817,V-01,5,19.147592,72.923991,17.5,2026-06-17T07:23:30+05:30,2026-06-17T07:23:34+05:30
P-0007818,V-01,5,19.147622,72.923485,26.2,2026-06-17T07:23:40+05:30,2026-06-17T07:23:42+05:30
P-0007819,V-01,5,19.147157,72.923378,21.4,2026-06-17T07:23:50+05:30,2026-06-17T07:23:51+05:30
P-0007820,V-01,5,19.146941,72.923062,24.9,2026-06-17T07:24:00+05:30,2026-06-17T07:24:04+05:30
P-0007821,V-01,5,19.146589,72.922855,24.4,2026-06-17T07:24:10+05:30,2026-06-17T07:24:11+05:30
P-0007822,V-01,5,19.146272,72.922767,27.5,2026-06-17T07:24:20+05:30,2026-06-17T07:24:26+05:30
P-0007823,V-01,5,19.145473,72.922865,22.9,2026-06-17T07:24:30+05:30,2026-06-17T07:24:34+05:30
P-0007824,V-01,5,19.145434,72.922411,21.3,2026-06-17T07:24:40+05:30,2026-06-17T07:24:45+05:30
P-0007825,V-01,5,19.144933,72.92202,18.0,2026-06-17T07:24:50+05:30,2026-06-17T07:24:54+05:30
P-0007826,V-01,5,19.144584,72.922078,24.2,2026-06-17T07:25:00+05:30,2026-06-17T07:25:04+05:30
P-0007827,V-01,5,19.144466,72.921897,17.4,2026-06-17T07:25:10+05:30,2026-06-17T07:25:11+05:30
P-0007828,V-01,5,19.143821,72.921891,19.8,2026-06-17T07:25:20+05:30,2026-06-17T07:25:24+05:30
P-0007829,V-01,5,19.143892,72.921283,18.4,2026-06-17T07:25:30+05:30,2026-06-17T07:25:36+05:30
P-0007830,V-01,5,19.14346,72.92115,24.9,2026-06-17T07:25:40+05:30,2026-06-17T07:25:44+05:30
P-0007831,V-01,5,19.143088,72.920927,17.8,2026-06-17T07:25:50+05:30,2026-06-17T07:25:54+05:30
P-0007832,V-01,5,19.142805,72.920687,22.4,2026-06-17T07:26:00+05:30,2026-06-17T07:26:03+05:30
P-0007833,V-01,5,19.1425,72.920668,19.5,2026-06-17T07:26:10+05:30,2026-06-17T07:26:14+05:30
P-0007834,V-01,5,19.141976,72.920522,18.1,2026-06-17T07:26:20+05:30,2026-06-17T07:26:21+05:30
P-0007835,V-01,5,19.141708,72.920217,25.9,2026-06-17T07:26:30+05:30,2026-06-17T07:26:34+05:30
P-0007836,V-01,5,19.141473,72.919965,21.5,2026-06-17T07:26:40+05:30,2026-06-17T07:26:41+05:30
P-0007837,V-01,5,19.14076,72.919845,20.3,2026-06-17T07:26:50+05:30,2026-06-17T07:26:55+05:30
P-0007838,V-01,5,19.140692,72.919982,18.6,2026-06-17T07:27:00+05:30,2026-06-17T07:27:02+05:30
P-0007839,V-01,5,19.140318,72.919618,23.3,2026-06-17T07:27:10+05:30,2026-06-17T07:27:12+05:30
P-0007840,V-01,5,19.139715,72.919311,25.5,2026-06-17T07:27:20+05:30,2026-06-17T07:27:22+05:30
P-0007841,V-01,5,19.13952,72.919278,22.4,2026-06-17T07:27:30+05:30,2026-06-17T07:27:34+05:30
P-0007842,V-01,5,19.139114,72.919078,29.0,2026-06-17T07:27:40+05:30,2026-06-17T07:27:42+05:30
P-0007843,V-01,5,19.139148,72.918844,24.0,2026-06-17T07:27:50+05:30,2026-06-17T07:27:54+05:30
P-0007844,V-01,5,19.138382,72.918674,26.0,2026-06-17T07:28:00+05:30,2026-06-17T07:28:03+05:30
P-0007845,V-01,5,19.138098,72.918408,22.5,2026-06-17T07:28:10+05:30,2026-06-17T07:28:14+05:30
P-0007846,V-01,5,19.137942,72.918176,19.5,2026-06-17T07:28:20+05:30,2026-06-17T07:28:25+05:30
P-0007847,V-01,5,19.137422,72.918198,23.2,2026-06-17T07:28:30+05:30,2026-06-17T07:28:33+05:30
P-0007848,V-01,5,19.137104,72.917723,22.1,2026-06-17T07:28:40+05:30,2026-06-17T07:28:41+05:30
P-0007849,V-01,5,19.136736,72.917705,19.5,2026-06-17T07:28:50+05:30,2026-06-17T07:28:51+05:30
P-0007850,V-01,5,19.136675,72.917189,23.7,2026-06-17T07:29:00+05:30,2026-06-17T07:29:05+05:30
P-0007851,V-01,5,19.136158,72.916918,30.0,2026-06-17T07:29:10+05:30,2026-06-17T07:29:13+05:30
P-0007852,V-01,5,19.136168,72.916833,30.2,2026-06-17T07:29:20+05:30,2026-06-17T07:29:26+05:30
P-0007853,V-01,5,19.13553,72.916611,23.5,2026-06-17T07:29:30+05:30,2026-06-17T07:29:35+05:30
P-0007854,V-01,5,19.13564,72.916599,21.5,2026-06-17T07:29:40+05:30,2026-06-17T07:29:42+05:30
P-0007855,V-01,5,19.135231,72.916324,31.1,2026-06-17T07:29:50+05:30,2026-06-17T07:29:52+05:30
P-0007856,V-01,5,19.134794,72.915891,23.8,2026-06-17T07:30:00+05:30,2026-06-17T07:30:06+05:30
P-0007857,V-01,5,19.134508,72.915507,30.3,2026-06-17T07:30:10+05:30,2026-06-17T07:30:14+05:30
P-0007858,V-01,5,19.134153,72.915561,23.9,2026-06-17T07:30:20+05:30,2026-06-17T07:30:26+05:30
P-0007859,V-01,5,19.133798,72.915123,29.9,2026-06-17T07:30:30+05:30,2026-06-17T07:30:34+05:30
P-0007860,V-01,5,19.133635,72.914841,25.7,2026-06-17T07:30:40+05:30,2026-06-17T07:30:45+05:30
P-0007861,V-01,5,19.133099,72.914737,28.6,2026-06-17T07:30:50+05:30,2026-06-17T07:30:54+05:30
P-0007862,V-01,5,19.13292,72.914377,22.7,2026-06-17T07:31:00+05:30,2026-06-17T07:31:05+05:30
P-0007863,V-01,5,19.132676,72.914218,29.6,2026-06-17T07:31:10+05:30,2026-06-17T07:31:12+05:30
P-0007864,V-01,5,19.132475,72.913916,22.0,2026-06-17T07:31:20+05:30,2026-06-17T07:31:26+05:30
P-0007865,V-01,5,19.131756,72.91411,27.1,2026-06-17T07:31:30+05:30,2026-06-17T07:31:36+05:30
P-0007866,V-01,5,19.131595,72.91373,22.1,2026-06-17T07:31:40+05:30,2026-06-17T07:31:43+05:30
P-0007867,V-01,5,19.131171,72.913497,26.7,2026-06-17T07:31:50+05:30,2026-06-17T07:31:56+05:30
P-0007868,V-01,5,19.130994,72.913425,32.8,2026-06-17T07:32:00+05:30,2026-06-17T07:32:01+05:30
P-0007869,V-01,5,19.130517,72.91285,31.0,2026-06-17T07:32:10+05:30,2026-06-17T07:32:11+05:30
P-0007870,V-01,5,19.130559,72.912835,29.7,2026-06-17T07:32:20+05:30,2026-06-17T07:32:22+05:30
P-0007871,V-01,5,19.129914,72.912696,30.8,2026-06-17T07:32:30+05:30,2026-06-17T07:32:35+05:30
P-0007872,V-01,5,19.129637,72.912191,28.9,2026-06-17T07:32:40+05:30,2026-06-17T07:32:41+05:30
P-0007873,V-01,5,19.129295,72.912004,21.9,2026-06-17T07:32:50+05:30,2026-06-17T07:32:53+05:30
P-0007874,V-01,5,19.12928,72.911869,25.5,2026-06-17T07:33:00+05:30,2026-06-17T07:33:02+05:30
P-0007875,V-01,5,19.128673,72.911793,24.8,2026-06-17T07:33:10+05:30,2026-06-17T07:33:15+05:30
P-0007876,V-01,5,19.128565,72.911273,24.2,2026-06-17T07:33:20+05:30,2026-06-17T07:33:24+05:30
P-0007877,V-01,5,19.128293,72.911306,32.0,2026-06-17T07:33:30+05:30,2026-06-17T07:33:35+05:30
P-0007878,V-01,5,19.128073,72.910784,34.0,2026-06-17T07:33:40+05:30,2026-06-17T07:33:45+05:30
P-0007879,V-01,5,19.127321,72.910741,32.6,2026-06-17T07:33:50+05:30,2026-06-17T07:33:54+05:30
P-0007880,V-01,5,19.127285,72.910623,24.2,2026-06-17T07:34:00+05:30,2026-06-17T07:34:03+05:30
P-0007881,V-01,5,19.126793,72.91044,24.6,2026-06-17T07:34:10+05:30,2026-06-17T07:34:14+05:30
P-0007882,V-01,5,19.126568,72.909858,25.1,2026-06-17T07:34:20+05:30,2026-06-17T07:34:21+05:30
P-0007883,V-01,5,19.12638,72.909844,31.0,2026-06-17T07:34:30+05:30,2026-06-17T07:34:35+05:30
P-0007884,V-01,5,19.126195,72.909718,27.1,2026-06-17T07:34:40+05:30,2026-06-17T07:34:46+05:30
P-0007885,V-01,5,19.125679,72.90948,28.1,2026-06-17T07:34:50+05:30,2026-06-17T07:34:51+05:30
P-0007886,V-01,5,19.125123,72.909312,32.1,2026-06-17T07:35:00+05:30,2026-06-17T07:35:06+05:30
P-0007887,V-01,5,19.125214,72.908831,25.2,2026-06-17T07:35:10+05:30,2026-06-17T07:35:14+05:30
P-0007888,V-01,5,19.124588,72.908444,26.0,2026-06-17T07:35:20+05:30,2026-06-17T07:35:23+05:30
P-0007889,V-01,5,19.124213,72.908669,27.3,2026-06-17T07:35:30+05:30,2026-06-17T07:35:34+05:30
P-0007890,V-01,5,19.12397,72.908392,35.3,2026-06-17T07:35:40+05:30,2026-06-17T07:35:44+05:30
P-0007891,V-01,5,19.123971,72.907786,27.7,2026-06-17T07:35:50+05:30,2026-06-17T07:35:56+05:30
P-0007892,V-01,5,19.12344,72.90791,25.0,2026-06-17T07:36:00+05:30,2026-06-17T07:36:01+05:30
P-0007893,V-01,5,19.123213,72.907267,34.2,2026-06-17T07:36:10+05:30,2026-06-17T07:36:15+05:30
P-0007894,V-01,5,19.122852,72.9073,33.4,2026-06-17T07:36:20+05:30,2026-06-17T07:36:26+05:30
P-0007895,V-01,5,19.122726,72.907286,27.0,2026-06-17T07:36:30+05:30,2026-06-17T07:36:35+05:30
P-0007896,V-01,5,19.122033,72.906924,25.7,2026-06-17T07:36:40+05:30,2026-06-17T07:36:45+05:30
P-0007897,V-01,5,19.12209,72.90667,27.8,2026-06-17T07:36:50+05:30,2026-06-17T07:36:54+05:30
P-0007898,V-01,5,19.12164,72.906564,36.9,2026-06-17T07:37:00+05:30,2026-06-17T07:37:05+05:30
P-0007899,V-01,5,19.121297,72.906312,34.4,2026-06-17T07:37:10+05:30,2026-06-17T07:37:13+05:30
P-0007900,V-01,5,19.120892,72.906059,34.5,2026-06-17T07:37:20+05:30,2026-06-17T07:37:26+05:30
P-0007901,V-01,5,19.120594,72.905781,28.5,2026-06-17T07:37:30+05:30,2026-06-17T07:37:36+05:30
P-0007902,V-01,5,19.120152,72.905392,34.5,2026-06-17T07:37:40+05:30,2026-06-17T07:37:44+05:30
P-0007903,V-01,5,19.120059,72.905236,34.1,2026-06-17T07:37:50+05:30,2026-06-17T07:37:56+05:30
P-0007904,V-01,5,19.11973,72.904887,31.4,2026-06-17T07:38:00+05:30,2026-06-17T07:38:03+05:30
P-0007905,V-07,6,19.228823,72.85668,28.3,2026-06-17T06:50:00+05:30,2026-06-17T06:50:06+05:30
P-0007906,V-07,6,19.228826,72.856822,29.6,2026-06-17T06:50:10+05:30,2026-06-17T06:50:12+05:30
P-0007907,V-07,6,19.228315,72.856864,30.5,2026-06-17T06:50:20+05:30,2026-06-17T06:50:21+05:30
P-0007908,V-07,6,19.227865,72.857007,28.7,2026-06-17T06:50:30+05:30,2026-06-17T06:50:36+05:30
P-0007909,V-07,6,19.227639,72.85697,29.1,2026-06-17T06:50:40+05:30,2026-06-17T06:50:46+05:30
P-0007910,V-07,6,19.22705,72.856789,33.7,2026-06-17T06:50:50+05:30,2026-06-17T06:50:54+05:30
P-0007911,V-07,6,19.226394,72.857186,27.7,2026-06-17T06:51:00+05:30,2026-06-17T06:51:01+05:30
P-0007912,V-07,6,19.226456,72.857164,26.7,2026-06-17T06:51:10+05:30,2026-06-17T06:51:16+05:30
P-0007913,V-07,6,19.225881,72.857221,28.8,2026-06-17T06:51:20+05:30,2026-06-17T06:51:23+05:30
P-0007914,V-07,6,19.225421,72.857171,26.1,2026-06-17T06:51:30+05:30,2026-06-17T06:51:31+05:30
P-0007915,V-07,6,19.224867,72.856963,36.8,2026-06-17T06:51:40+05:30,2026-06-17T06:51:45+05:30
P-0007916,V-07,6,19.224492,72.857287,30.1,2026-06-17T06:51:50+05:30,2026-06-17T06:51:51+05:30
P-0007917,V-07,6,19.223998,72.857081,31.1,2026-06-17T06:52:00+05:30,2026-06-17T06:52:05+05:30
P-0007918,V-07,6,19.22387,72.85717,28.1,2026-06-17T06:52:10+05:30,2026-06-17T06:52:12+05:30
P-0007919,V-07,6,19.223305,72.857313,35.7,2026-06-17T06:52:20+05:30,2026-06-17T06:52:26+05:30
P-0007920,V-07,6,19.222848,72.857542,33.2,2026-06-17T06:52:30+05:30,2026-06-17T06:52:31+05:30
P-0007921,V-07,6,19.222465,72.857394,32.9,2026-06-17T06:52:40+05:30,2026-06-17T06:52:41+05:30
P-0007922,V-07,6,19.222288,72.857442,28.2,2026-06-17T06:52:50+05:30,2026-06-17T06:52:56+05:30
P-0007923,V-07,6,19.221604,72.857282,25.2,2026-06-17T06:53:00+05:30,2026-06-17T06:53:03+05:30
P-0007924,V-07,6,19.221177,72.857687,26.9,2026-06-17T06:53:10+05:30,2026-06-17T06:53:13+05:30
P-0007925,V-07,6,19.221042,72.857738,34.1,2026-06-17T06:53:20+05:30,2026-06-17T06:53:23+05:30
P-0007926,V-07,6,19.22076,72.857641,33.6,2026-06-17T06:53:30+05:30,2026-06-17T06:53:33+05:30
P-0007927,V-07,6,19.220351,72.857931,32.3,2026-06-17T06:53:40+05:30,2026-06-17T06:53:44+05:30
P-0007928,V-07,6,19.219976,72.857806,32.5,2026-06-17T06:53:50+05:30,2026-06-17T06:53:52+05:30
P-0007929,V-07,6,19.219614,72.857897,31.3,2026-06-17T06:54:00+05:30,2026-06-17T06:54:03+05:30
P-0007930,V-07,6,19.21912,72.857644,27.0,2026-06-17T06:54:10+05:30,2026-06-17T06:54:12+05:30
P-0007931,V-07,6,19.218726,72.857672,32.1,2026-06-17T06:54:20+05:30,2026-06-17T06:54:23+05:30
P-0007932,V-07,6,19.21806,72.858147,27.5,2026-06-17T06:54:30+05:30,2026-06-17T06:54:36+05:30
P-0007933,V-07,6,19.217876,72.858218,33.7,2026-06-17T06:54:40+05:30,2026-06-17T06:54:42+05:30
P-0007934,V-07,6,19.21736,72.858266,34.0,2026-06-17T06:54:50+05:30,2026-06-17T06:54:52+05:30
P-0007935,V-07,6,19.217251,72.857984,30.3,2026-06-17T06:55:00+05:30,2026-06-17T06:55:02+05:30
P-0007936,V-07,6,19.216808,72.858089,22.8,2026-06-17T06:55:10+05:30,2026-06-17T06:55:16+05:30
P-0007937,V-07,6,19.216233,72.857983,26.0,2026-06-17T06:55:20+05:30,2026-06-17T06:55:25+05:30
P-0007938,V-07,6,19.216084,72.858179,29.7,2026-06-17T06:55:30+05:30,2026-06-17T06:55:34+05:30
P-0007939,V-07,6,19.215419,72.858274,24.5,2026-06-17T06:55:40+05:30,2026-06-17T06:55:46+05:30
P-0007940,V-07,6,19.214993,72.858502,33.5,2026-06-17T06:55:50+05:30,2026-06-17T06:55:56+05:30
P-0007941,V-07,6,19.214748,72.858449,25.3,2026-06-17T06:56:00+05:30,2026-06-17T06:56:06+05:30
P-0007942,V-07,6,19.214036,72.858206,24.6,2026-06-17T06:56:10+05:30,2026-06-17T06:56:13+05:30
P-0007943,V-07,6,19.213706,72.858494,28.4,2026-06-17T06:56:20+05:30,2026-06-17T06:56:21+05:30
P-0007944,V-07,6,19.213449,72.858503,28.9,2026-06-17T06:56:30+05:30,2026-06-17T06:56:36+05:30
P-0007945,V-07,6,19.213123,72.858529,33.1,2026-06-17T06:56:40+05:30,2026-06-17T06:56:46+05:30
P-0007946,V-07,6,19.212902,72.858436,29.3,2026-06-17T06:56:50+05:30,2026-06-17T06:56:52+05:30
P-0007947,V-07,6,19.212505,72.85875,25.4,2026-06-17T06:57:00+05:30,2026-06-17T06:57:05+05:30
P-0007948,V-07,6,19.212079,72.85884,27.2,2026-06-17T06:57:10+05:30,2026-06-17T06:57:14+05:30
P-0007949,V-07,6,19.211394,72.858698,31.5,2026-06-17T06:57:20+05:30,2026-06-17T06:57:26+05:30
P-0007950,V-07,6,19.211308,72.858808,28.3,2026-06-17T06:57:30+05:30,2026-06-17T06:57:31+05:30
P-0007951,V-07,6,19.210747,72.858867,32.0,2026-06-17T06:57:40+05:30,2026-06-17T06:57:44+05:30
P-0007952,V-07,6,19.210512,72.858836,23.7,2026-06-17T06:57:50+05:30,2026-06-17T06:57:54+05:30
P-0007953,V-07,6,19.209706,72.85908,32.4,2026-06-17T06:58:00+05:30,2026-06-17T06:58:06+05:30
P-0007954,V-07,6,19.20955,72.859127,31.1,2026-06-17T06:58:10+05:30,2026-06-17T06:58:12+05:30
P-0007955,V-07,6,19.209223,72.858858,27.2,2026-06-17T06:58:20+05:30,2026-06-17T06:58:21+05:30
P-0007956,V-07,6,19.208516,72.858924,24.3,2026-06-17T06:58:30+05:30,2026-06-17T06:58:36+05:30
P-0007957,V-07,6,19.20812,72.859269,29.9,2026-06-17T06:58:40+05:30,2026-06-17T06:58:44+05:30
P-0007958,V-07,6,19.207764,72.859276,26.5,2026-06-17T06:58:50+05:30,2026-06-17T06:58:51+05:30
P-0007959,V-07,6,19.207665,72.859293,28.6,2026-06-17T06:59:00+05:30,2026-06-17T06:59:04+05:30
P-0007960,V-07,6,19.207306,72.858944,29.6,2026-06-17T06:59:10+05:30,2026-06-17T06:59:16+05:30
P-0007961,V-07,6,19.206611,72.85945,24.2,2026-06-17T06:59:20+05:30,2026-06-17T06:59:23+05:30
P-0007962,V-07,6,19.206076,72.859224,24.0,2026-06-17T06:59:30+05:30,2026-06-17T06:59:32+05:30
P-0007963,V-07,6,19.205716,72.859131,22.8,2026-06-17T06:59:40+05:30,2026-06-17T06:59:45+05:30
P-0007964,V-07,6,19.205398,72.859456,31.5,2026-06-17T06:59:50+05:30,2026-06-17T06:59:55+05:30
P-0007965,V-07,6,19.204963,72.859476,22.6,2026-06-17T07:00:00+05:30,2026-06-17T07:00:02+05:30
P-0007966,V-07,6,19.204601,72.859564,24.4,2026-06-17T07:00:10+05:30,2026-06-17T07:00:13+05:30
P-0007967,V-07,6,19.204291,72.859208,24.2,2026-06-17T07:00:20+05:30,2026-06-17T07:00:21+05:30
P-0007968,V-07,6,19.203854,72.859346,21.6,2026-06-17T07:00:30+05:30,2026-06-17T07:00:34+05:30
P-0007969,V-07,6,19.203321,72.859272,25.0,2026-06-17T07:00:40+05:30,2026-06-17T07:00:43+05:30
P-0007970,V-07,6,19.203007,72.859331,30.6,2026-06-17T07:00:50+05:30,2026-06-17T07:00:53+05:30
P-0007971,V-07,6,19.202654,72.85957,28.5,2026-06-17T07:01:00+05:30,2026-06-17T07:01:02+05:30
P-0007972,V-07,6,19.202339,72.859555,28.7,2026-06-17T07:01:10+05:30,2026-06-17T07:01:13+05:30
P-0007973,V-07,6,19.201806,72.859434,22.4,2026-06-17T07:01:20+05:30,2026-06-17T07:01:25+05:30
P-0007974,V-07,6,19.201579,72.859673,19.2,2026-06-17T07:01:30+05:30,2026-06-17T07:01:34+05:30
P-0007975,V-07,6,19.201212,72.859922,28.7,2026-06-17T07:01:40+05:30,2026-06-17T07:01:42+05:30
P-0007976,V-07,6,19.200778,72.859957,23.3,2026-06-17T07:01:50+05:30,2026-06-17T07:01:56+05:30
P-0007977,V-07,6,19.200378,72.859509,27.6,2026-06-17T07:02:00+05:30,2026-06-17T07:02:03+05:30
P-0007978,V-07,6,19.199854,72.859938,23.2,2026-06-17T07:02:10+05:30,2026-06-17T07:02:12+05:30
P-0007979,V-07,6,19.199302,72.860009,28.5,2026-06-17T07:02:20+05:30,2026-06-17T07:02:25+05:30
P-0007980,V-07,6,19.199163,72.859655,25.5,2026-06-17T07:02:30+05:30,2026-06-17T07:02:32+05:30
P-0007981,V-07,6,19.198784,72.85977,22.6,2026-06-17T07:02:40+05:30,2026-06-17T07:02:44+05:30
P-0007982,V-07,6,19.198474,72.860102,23.4,2026-06-17T07:02:50+05:30,2026-06-17T07:02:51+05:30
P-0007983,V-07,6,19.198113,72.859691,28.6,2026-06-17T07:03:00+05:30,2026-06-17T07:03:03+05:30
P-0007984,V-07,6,19.197317,72.859912,26.4,2026-06-17T07:03:10+05:30,2026-06-17T07:03:13+05:30
P-0007985,V-07,6,19.197285,72.859963,26.9,2026-06-17T07:03:20+05:30,2026-06-17T07:03:24+05:30
P-0007986,V-07,6,19.196786,72.859942,27.2,2026-06-17T07:03:30+05:30,2026-06-17T07:03:32+05:30
P-0007987,V-07,6,19.196438,72.859882,28.8,2026-06-17T07:03:40+05:30,2026-06-17T07:03:41+05:30
P-0007988,V-07,6,19.195655,72.859955,21.1,2026-06-17T07:03:50+05:30,2026-06-17T07:03:54+05:30
P-0007989,V-07,6,19.195609,72.860279,18.6,2026-06-17T07:04:00+05:30,2026-06-17T07:04:06+05:30
P-0007990,V-07,6,19.195061,72.85999,24.5,2026-06-17T07:04:10+05:30,2026-06-17T07:04:16+05:30
P-0007991,V-07,6,19.194552,72.86037,19.5,2026-06-17T07:04:20+05:30,2026-06-17T07:04:21+05:30
P-0007992,V-07,6,19.194201,72.860215,25.9,2026-06-17T07:04:30+05:30,2026-06-17T07:04:36+05:30
P-0007993,V-07,6,19.193744,72.860216,18.0,2026-06-17T07:04:40+05:30,2026-06-17T07:04:46+05:30
P-0007994,V-07,6,19.193504,72.860311,21.4,2026-06-17T07:04:50+05:30,2026-06-17T07:04:53+05:30
P-0007995,V-07,6,19.192856,72.860532,26.7,2026-06-17T07:05:00+05:30,2026-06-17T07:05:06+05:30
P-0007996,V-07,6,19.192546,72.860351,26.8,2026-06-17T07:05:10+05:30,2026-06-17T07:05:14+05:30
P-0007997,V-07,6,19.192283,72.860161,19.6,2026-06-17T07:05:20+05:30,2026-06-17T07:05:22+05:30
P-0007998,V-07,6,19.191954,72.860469,27.7,2026-06-17T07:05:30+05:30,2026-06-17T07:05:32+05:30
P-0007999,V-07,6,19.191551,72.860524,20.5,2026-06-17T07:05:40+05:30,2026-06-17T07:05:43+05:30
P-0008000,V-07,6,19.191288,72.860453,18.4,2026-06-17T07:05:50+05:30,2026-06-17T07:05:54+05:30
P-0008001,V-07,6,19.190728,72.860312,22.2,2026-06-17T07:06:00+05:30,2026-06-17T07:06:01+05:30
P-0008002,V-07,6,19.190389,72.860718,21.7,2026-06-17T07:06:10+05:30,2026-06-17T07:06:13+05:30
P-0008003,V-07,6,19.189778,72.860473,19.1,2026-06-17T07:06:20+05:30,2026-06-17T07:06:23+05:30
P-0008004,V-07,6,19.189635,72.860393,25.6,2026-06-17T07:06:30+05:30,2026-06-17T07:06:32+05:30
P-0008005,V-07,6,19.189111,72.860591,23.4,2026-06-17T07:06:40+05:30,2026-06-17T07:06:44+05:30
P-0008006,V-07,6,19.188768,72.8607,17.9,2026-06-17T07:06:50+05:30,2026-06-17T07:06:51+05:30
P-0008007,V-07,6,19.188049,72.860825,25.0,2026-06-17T07:07:00+05:30,2026-06-17T07:07:05+05:30
P-0008008,V-07,6,19.18787,72.86086,23.3,2026-06-17T07:07:10+05:30,2026-06-17T07:07:15+05:30
P-0008009,V-07,6,19.187395,72.860658,27.0,2026-06-17T07:07:20+05:30,2026-06-17T07:07:26+05:30
P-0008010,V-07,6,19.187307,72.860677,24.4,2026-06-17T07:07:30+05:30,2026-06-17T07:07:31+05:30
P-0008011,V-07,6,19.186587,72.861056,22.0,2026-06-17T07:07:40+05:30,2026-06-17T07:07:43+05:30
P-0008012,V-07,6,19.186112,72.860771,16.3,2026-06-17T07:07:50+05:30,2026-06-17T07:07:51+05:30
P-0008013,V-07,6,19.18589,72.86078,17.5,2026-06-17T07:08:00+05:30,2026-06-17T07:08:05+05:30
P-0008014,V-07,6,19.185489,72.861065,24.6,2026-06-17T07:08:10+05:30,2026-06-17T07:08:12+05:30
P-0008015,V-07,6,19.184931,72.860831,20.0,2026-06-17T07:08:20+05:30,2026-06-17T07:08:25+05:30
P-0008016,V-07,6,19.184913,72.860798,26.5,2026-06-17T07:08:30+05:30,2026-06-17T07:08:31+05:30
P-0008017,V-07,6,19.184311,72.861134,23.2,2026-06-17T07:08:40+05:30,2026-06-17T07:08:44+05:30
P-0008018,V-07,6,19.183907,72.86097,16.4,2026-06-17T07:08:50+05:30,2026-06-17T07:08:54+05:30
P-0008019,V-07,6,19.183593,72.860931,17.0,2026-06-17T07:09:00+05:30,2026-06-17T07:09:06+05:30
P-0008020,V-07,6,19.182976,72.860855,23.0,2026-06-17T07:09:10+05:30,2026-06-17T07:09:12+05:30
P-0008021,V-07,6,19.182447,72.861201,17.7,2026-06-17T07:09:20+05:30,2026-06-17T07:09:22+05:30
P-0008022,V-07,6,19.182074,72.861267,16.9,2026-06-17T07:09:30+05:30,2026-06-17T07:09:33+05:30
P-0008023,V-07,6,19.181662,72.861001,17.5,2026-06-17T07:09:40+05:30,2026-06-17T07:09:41+05:30
P-0008024,V-07,6,19.181559,72.861076,24.3,2026-06-17T07:09:50+05:30,2026-06-17T07:09:56+05:30
P-0008025,V-07,6,19.181201,72.861116,22.8,2026-06-17T07:10:00+05:30,2026-06-17T07:10:01+05:30
P-0008026,V-07,6,19.180735,72.861266,14.9,2026-06-17T07:10:10+05:30,2026-06-17T07:10:14+05:30
P-0008027,V-07,6,19.18012,72.861414,18.7,2026-06-17T07:10:20+05:30,2026-06-17T07:10:23+05:30
P-0008028,V-07,6,19.179976,72.861215,15.7,2026-06-17T07:10:30+05:30,2026-06-17T07:10:32+05:30
P-0008029,V-07,6,19.17961,72.861392,15.7,2026-06-17T07:10:40+05:30,2026-06-17T07:10:44+05:30
P-0008030,V-07,6,19.179276,72.861476,17.1,2026-06-17T07:10:50+05:30,2026-06-17T07:10:53+05:30
P-0008031,V-07,6,19.178848,72.861165,19.6,2026-06-17T07:11:00+05:30,2026-06-17T07:11:01+05:30
P-0008032,V-07,6,19.178502,72.861493,19.6,2026-06-17T07:11:10+05:30,2026-06-17T07:11:14+05:30
P-0008033,V-07,6,19.177854,72.861209,22.6,2026-06-17T07:11:20+05:30,2026-06-17T07:11:23+05:30
P-0008034,V-07,6,19.177508,72.861451,16.1,2026-06-17T07:11:30+05:30,2026-06-17T07:11:32+05:30
P-0008035,V-07,6,19.176989,72.86136,23.1,2026-06-17T07:11:40+05:30,2026-06-17T07:11:41+05:30
P-0008036,V-07,6,19.176863,72.861652,22.9,2026-06-17T07:11:50+05:30,2026-06-17T07:11:52+05:30
P-0008037,V-07,6,19.176338,72.861363,18.4,2026-06-17T07:12:00+05:30,2026-06-17T07:12:04+05:30
P-0008038,V-07,6,19.176001,72.861524,21.3,2026-06-17T07:12:10+05:30,2026-06-17T07:12:14+05:30
P-0008039,V-07,6,19.175517,72.86147,14.9,2026-06-17T07:12:20+05:30,2026-06-17T07:12:23+05:30
P-0008040,V-07,6,19.175216,72.861447,18.4,2026-06-17T07:12:30+05:30,2026-06-17T07:12:33+05:30
P-0008041,V-07,6,19.174553,72.861767,22.9,2026-06-17T07:12:40+05:30,2026-06-17T07:12:41+05:30
P-0008042,V-07,6,19.174386,72.861558,20.1,2026-06-17T07:12:50+05:30,2026-06-17T07:12:56+05:30
P-0008043,V-07,6,19.174005,72.861878,24.6,2026-06-17T07:13:00+05:30,2026-06-17T07:13:05+05:30
P-0008044,V-07,6,19.173595,72.861646,14.8,2026-06-17T07:13:10+05:30,2026-06-17T07:13:14+05:30
P-0008045,V-07,6,19.173184,72.861646,22.7,2026-06-17T07:13:20+05:30,2026-06-17T07:13:26+05:30
P-0008046,V-07,6,19.172576,72.861632,25.3,2026-06-17T07:13:30+05:30,2026-06-17T07:13:33+05:30
P-0008047,V-07,6,19.172278,72.861658,24.6,2026-06-17T07:13:40+05:30,2026-06-17T07:13:44+05:30
P-0008048,V-07,6,19.171988,72.861578,20.9,2026-06-17T07:13:50+05:30,2026-06-17T07:13:51+05:30
P-0008049,V-07,6,19.171306,72.861565,17.1,2026-06-17T07:14:00+05:30,2026-06-17T07:14:02+05:30
P-0008050,V-07,6,19.170812,72.861964,13.9,2026-06-17T07:14:10+05:30,2026-06-17T07:14:14+05:30
P-0008051,V-07,6,19.17082,72.861805,18.5,2026-06-17T07:14:20+05:30,2026-06-17T07:14:26+05:30
P-0008052,V-07,6,19.170033,72.862003,16.3,2026-06-17T07:14:30+05:30,2026-06-17T07:14:31+05:30
P-0008053,V-07,6,19.169752,72.862112,21.1,2026-06-17T07:14:40+05:30,2026-06-17T07:14:45+05:30
P-0008054,V-07,6,19.169442,72.861766,22.3,2026-06-17T07:14:50+05:30,2026-06-17T07:14:56+05:30
P-0008055,V-07,6,19.169093,72.861817,18.0,2026-06-17T07:15:00+05:30,2026-06-17T07:15:03+05:30
P-0008056,V-07,6,19.168769,72.861849,18.5,2026-06-17T07:15:10+05:30,2026-06-17T07:15:15+05:30
P-0008057,V-07,6,19.168127,72.861987,19.0,2026-06-17T07:15:20+05:30,2026-06-17T07:15:23+05:30
P-0008058,V-07,6,19.167942,72.861937,17.4,2026-06-17T07:15:30+05:30,2026-06-17T07:15:35+05:30
P-0008059,V-07,6,19.167296,72.862139,18.5,2026-06-17T07:15:40+05:30,2026-06-17T07:15:41+05:30
P-0008060,V-07,6,19.166843,72.862186,17.6,2026-06-17T07:15:50+05:30,2026-06-17T07:15:53+05:30
P-0008061,V-07,6,19.166827,72.862041,20.2,2026-06-17T07:16:00+05:30,2026-06-17T07:16:03+05:30
P-0008062,V-07,6,19.166099,72.862054,20.7,2026-06-17T07:16:10+05:30,2026-06-17T07:16:14+05:30
P-0008063,V-07,6,19.165711,72.861763,14.5,2026-06-17T07:16:20+05:30,2026-06-17T07:16:23+05:30
P-0008064,V-07,6,19.165285,72.862153,19.9,2026-06-17T07:16:30+05:30,2026-06-17T07:16:32+05:30
P-0008065,V-07,6,19.164992,72.862035,24.2,2026-06-17T07:16:40+05:30,2026-06-17T07:16:42+05:30
P-0008066,V-07,6,19.16486,72.861836,24.1,2026-06-17T07:16:50+05:30,2026-06-17T07:16:55+05:30
P-0008067,V-07,6,19.164423,72.862012,13.9,2026-06-17T07:17:00+05:30,2026-06-17T07:17:01+05:30
P-0008068,V-07,6,19.163805,72.862012,14.6,2026-06-17T07:17:10+05:30,2026-06-17T07:17:14+05:30
P-0008069,V-07,6,19.163642,72.861867,21.6,2026-06-17T07:17:20+05:30,2026-06-17T07:17:25+05:30
P-0008070,V-07,6,19.163038,72.861793,22.0,2026-06-17T07:17:30+05:30,2026-06-17T07:17:36+05:30
P-0008071,V-07,6,19.162523,72.86179,15.5,2026-06-17T07:17:40+05:30,2026-06-17T07:17:45+05:30
P-0008072,V-07,6,19.162321,72.861937,19.9,2026-06-17T07:17:50+05:30,2026-06-17T07:17:56+05:30
P-0008073,V-07,6,19.161883,72.861919,22.2,2026-06-17T07:18:00+05:30,2026-06-17T07:18:01+05:30
P-0008074,V-07,6,19.16134,72.861695,13.3,2026-06-17T07:18:10+05:30,2026-06-17T07:18:11+05:30
P-0008075,V-07,6,19.161116,72.861778,16.3,2026-06-17T07:18:20+05:30,2026-06-17T07:18:24+05:30
P-0008076,V-07,6,19.160578,72.861621,16.5,2026-06-17T07:18:30+05:30,2026-06-17T07:18:31+05:30
P-0008077,V-07,6,19.160399,72.861859,17.7,2026-06-17T07:18:40+05:30,2026-06-17T07:18:43+05:30
P-0008078,V-07,6,19.159768,72.861523,13.7,2026-06-17T07:18:50+05:30,2026-06-17T07:18:55+05:30
P-0008079,V-07,6,19.159584,72.861852,18.5,2026-06-17T07:19:00+05:30,2026-06-17T07:19:05+05:30
P-0008080,V-07,6,19.159186,72.861498,21.5,2026-06-17T07:19:10+05:30,2026-06-17T07:19:14+05:30
P-0008081,V-07,6,19.158439,72.86175,20.7,2026-06-17T07:19:20+05:30,2026-06-17T07:19:21+05:30
P-0008082,V-07,6,19.158095,72.861576,15.9,2026-06-17T07:19:30+05:30,2026-06-17T07:19:33+05:30
P-0008083,V-07,6,19.157971,72.86135,21.2,2026-06-17T07:19:40+05:30,2026-06-17T07:19:45+05:30
P-0008084,V-07,6,19.157275,72.861601,22.1,2026-06-17T07:19:50+05:30,2026-06-17T07:19:56+05:30
P-0008085,V-07,6,19.15698,72.861677,14.7,2026-06-17T07:20:00+05:30,2026-06-17T07:20:03+05:30
P-0008086,V-07,6,19.156552,72.861599,21.6,2026-06-17T07:20:10+05:30,2026-06-17T07:20:14+05:30
P-0008087,V-07,6,19.156092,72.861232,18.6,2026-06-17T07:20:20+05:30,2026-06-17T07:20:23+05:30
P-0008088,V-07,6,19.155775,72.861485,17.9,2026-06-17T07:20:30+05:30,2026-06-17T07:20:36+05:30
P-0008089,V-07,6,19.155396,72.86147,14.3,2026-06-17T07:20:40+05:30,2026-06-17T07:20:43+05:30
P-0008090,V-07,6,19.154931,72.861516,21.7,2026-06-17T07:20:50+05:30,2026-06-17T07:20:51+05:30
P-0008091,V-07,6,19.154526,72.861352,20.5,2026-06-17T07:21:00+05:30,2026-06-17T07:21:05+05:30
P-0008092,V-07,6,19.154219,72.861254,12.6,2026-06-17T07:21:10+05:30,2026-06-17T07:21:12+05:30
P-0008093,V-07,6,19.153654,72.861556,22.9,2026-06-17T07:21:20+05:30,2026-06-17T07:21:23+05:30
P-0008094,V-07,6,19.1533,72.861186,14.0,2026-06-17T07:21:30+05:30,2026-06-17T07:21:32+05:30
P-0008095,V-07,6,19.152802,72.861284,14.5,2026-06-17T07:21:40+05:30,2026-06-17T07:21:45+05:30
P-0008096,V-07,6,19.15264,72.861334,14.1,2026-06-17T07:21:50+05:30,2026-06-17T07:21:56+05:30
P-0008097,V-07,6,19.152084,72.861182,17.9,2026-06-17T07:22:00+05:30,2026-06-17T07:22:06+05:30
P-0008098,V-07,6,19.152017,72.861121,20.4,2026-06-17T07:22:10+05:30,2026-06-17T07:22:12+05:30
P-0008099,V-07,6,19.151642,72.861256,15.9,2026-06-17T07:22:20+05:30,2026-06-17T07:22:21+05:30
P-0008100,V-07,6,19.150833,72.860953,19.5,2026-06-17T07:22:30+05:30,2026-06-17T07:22:35+05:30
P-0008101,V-07,6,19.150648,72.861116,14.1,2026-06-17T07:22:40+05:30,2026-06-17T07:22:43+05:30
P-0008102,V-07,6,19.150314,72.861131,17.2,2026-06-17T07:22:50+05:30,2026-06-17T07:22:51+05:30
P-0008103,V-07,6,19.149757,72.861249,21.8,2026-06-17T07:23:00+05:30,2026-06-17T07:23:06+05:30
P-0008104,V-07,6,19.149339,72.861015,22.8,2026-06-17T07:23:10+05:30,2026-06-17T07:23:11+05:30
P-0008105,V-07,6,19.148883,72.86111,18.4,2026-06-17T07:23:20+05:30,2026-06-17T07:23:21+05:30
P-0008106,V-07,6,19.148674,72.861284,16.8,2026-06-17T07:23:30+05:30,2026-06-17T07:23:32+05:30
P-0008107,V-07,6,19.148157,72.861339,17.9,2026-06-17T07:23:40+05:30,2026-06-17T07:23:44+05:30
P-0008108,V-07,6,19.147764,72.861198,19.1,2026-06-17T07:23:50+05:30,2026-06-17T07:23:52+05:30
P-0008109,V-07,6,19.147366,72.861167,22.4,2026-06-17T07:24:00+05:30,2026-06-17T07:24:02+05:30
P-0008110,V-07,6,19.146824,72.861137,20.6,2026-06-17T07:24:10+05:30,2026-06-17T07:24:14+05:30
P-0008111,V-07,6,19.146453,72.861676,14.4,2026-06-17T07:24:20+05:30,2026-06-17T07:24:25+05:30
P-0008112,V-07,6,19.146499,72.861493,16.9,2026-06-17T07:24:30+05:30,2026-06-17T07:24:36+05:30
P-0008113,V-07,6,19.145802,72.861791,21.7,2026-06-17T07:24:40+05:30,2026-06-17T07:24:46+05:30
P-0008114,V-07,6,19.145222,72.861518,23.7,2026-06-17T07:24:50+05:30,2026-06-17T07:24:55+05:30
P-0008115,V-07,6,19.144962,72.861929,12.9,2026-06-17T07:25:00+05:30,2026-06-17T07:25:06+05:30
P-0008116,V-07,6,19.144551,72.86171,20.4,2026-06-17T07:25:10+05:30,2026-06-17T07:25:11+05:30
P-0008117,V-07,6,19.144305,72.861773,13.2,2026-06-17T07:25:20+05:30,2026-06-17T07:25:24+05:30
P-0008118,V-07,6,19.143965,72.861803,15.7,2026-06-17T07:25:30+05:30,2026-06-17T07:25:32+05:30
P-0008119,V-07,6,19.143285,72.862255,21.8,2026-06-17T07:25:40+05:30,2026-06-17T07:25:41+05:30
P-0008120,V-07,6,19.143031,72.862287,21.0,2026-06-17T07:25:50+05:30,2026-06-17T07:25:51+05:30
P-0008121,V-07,6,19.142623,72.862133,22.6,2026-06-17T07:26:00+05:30,2026-06-17T07:26:04+05:30
P-0008122,V-07,6,19.142524,72.862186,14.1,2026-06-17T07:26:10+05:30,2026-06-17T07:26:15+05:30
P-0008123,V-07,6,19.141698,72.86231,15.5,2026-06-17T07:26:20+05:30,2026-06-17T07:26:23+05:30
P-0008124,V-07,6,19.14148,72.862385,12.3,2026-06-17T07:26:30+05:30,2026-06-17T07:26:31+05:30
P-0008125,V-07,6,19.141034,72.862762,14.6,2026-06-17T07:26:40+05:30,2026-06-17T07:26:45+05:30
P-0008126,V-07,6,19.140847,72.862811,18.9,2026-06-17T07:26:50+05:30,2026-06-17T07:26:55+05:30
P-0008127,V-07,6,19.140254,72.862626,18.4,2026-06-17T07:27:00+05:30,2026-06-17T07:27:03+05:30
P-0008128,V-07,6,19.140144,72.862882,18.5,2026-06-17T07:27:10+05:30,2026-06-17T07:27:13+05:30
P-0008129,V-07,6,19.1398,72.862934,24.1,2026-06-17T07:27:20+05:30,2026-06-17T07:27:21+05:30
P-0008130,V-07,6,19.139093,72.862964,20.7,2026-06-17T07:27:30+05:30,2026-06-17T07:27:35+05:30
P-0008131,V-07,6,19.138929,72.863262,13.1,2026-06-17T07:27:40+05:30,2026-06-17T07:27:46+05:30
P-0008132,V-07,6,19.138552,72.863205,24.0,2026-06-17T07:27:50+05:30,2026-06-17T07:27:52+05:30
P-0008133,V-07,6,19.138103,72.863059,22.9,2026-06-17T07:28:00+05:30,2026-06-17T07:28:04+05:30
P-0008134,V-07,6,19.137742,72.863365,13.2,2026-06-17T07:28:10+05:30,2026-06-17T07:28:14+05:30
P-0008135,V-07,6,19.137018,72.863437,20.3,2026-06-17T07:28:20+05:30,2026-06-17T07:28:25+05:30
P-0008136,V-07,6,19.136721,72.863501,21.7,2026-06-17T07:28:30+05:30,2026-06-17T07:28:35+05:30
P-0008137,V-07,6,19.136262,72.863678,24.0,2026-06-17T07:28:40+05:30,2026-06-17T07:28:41+05:30
P-0008138,V-07,6,19.135844,72.863779,18.4,2026-06-17T07:28:50+05:30,2026-06-17T07:28:51+05:30
P-0008139,V-07,6,19.135503,72.863912,20.7,2026-06-17T07:29:00+05:30,2026-06-17T07:29:02+05:30
P-0008140,V-07,6,19.135406,72.864083,19.4,2026-06-17T07:29:10+05:30,2026-06-17T07:29:14+05:30
P-0008141,V-07,6,19.135059,72.863939,17.6,2026-06-17T07:29:20+05:30,2026-06-17T07:29:22+05:30
P-0008142,V-07,6,19.134673,72.863911,18.7,2026-06-17T07:29:30+05:30,2026-06-17T07:29:31+05:30
P-0008143,V-07,6,19.134072,72.86432,16.0,2026-06-17T07:29:40+05:30,2026-06-17T07:29:42+05:30
P-0008144,V-07,6,19.13384,72.864033,21.6,2026-06-17T07:29:50+05:30,2026-06-17T07:29:51+05:30
P-0008145,V-07,6,19.133309,72.864177,13.7,2026-06-17T07:30:00+05:30,2026-06-17T07:30:06+05:30
P-0008146,V-07,6,19.132815,72.864243,19.1,2026-06-17T07:30:10+05:30,2026-06-17T07:30:14+05:30
P-0008147,V-07,6,19.132493,72.864315,22.8,2026-06-17T07:30:20+05:30,2026-06-17T07:30:21+05:30
P-0008148,V-07,6,19.132089,72.864586,20.5,2026-06-17T07:30:30+05:30,2026-06-17T07:30:33+05:30
P-0008149,V-07,6,19.131803,72.864537,23.7,2026-06-17T07:30:40+05:30,2026-06-17T07:30:43+05:30
P-0008150,V-07,6,19.13155,72.86491,19.4,2026-06-17T07:30:50+05:30,2026-06-17T07:30:53+05:30
P-0008151,V-07,6,19.130804,72.864793,21.9,2026-06-17T07:31:00+05:30,2026-06-17T07:31:01+05:30
P-0008152,V-07,6,19.130392,72.865037,21.2,2026-06-17T07:31:10+05:30,2026-06-17T07:31:14+05:30
P-0008153,V-07,6,19.1301,72.865064,13.2,2026-06-17T07:31:20+05:30,2026-06-17T07:31:23+05:30
P-0008154,V-07,6,19.129774,72.865142,24.8,2026-06-17T07:31:30+05:30,2026-06-17T07:31:34+05:30
P-0008155,V-07,6,19.12921,72.864917,13.2,2026-06-17T07:31:40+05:30,2026-06-17T07:31:45+05:30
P-0008156,V-07,6,19.128739,72.865156,20.3,2026-06-17T07:31:50+05:30,2026-06-17T07:31:51+05:30
P-0008157,V-07,6,19.12841,72.86503,22.5,2026-06-17T07:32:00+05:30,2026-06-17T07:32:06+05:30
P-0008158,V-07,6,19.128363,72.86528,19.7,2026-06-17T07:32:10+05:30,2026-06-17T07:32:15+05:30
P-0008159,V-07,6,19.12781,72.865213,21.3,2026-06-17T07:32:20+05:30,2026-06-17T07:32:24+05:30
P-0008160,V-07,6,19.127326,72.865515,17.3,2026-06-17T07:32:30+05:30,2026-06-17T07:32:33+05:30
P-0008161,V-07,6,19.127117,72.865822,15.7,2026-06-17T07:32:40+05:30,2026-06-17T07:32:41+05:30
P-0008162,V-07,6,19.126837,72.865467,23.8,2026-06-17T07:32:50+05:30,2026-06-17T07:32:56+05:30
P-0008163,V-07,6,19.12626,72.86566,14.5,2026-06-17T07:33:00+05:30,2026-06-17T07:33:03+05:30
P-0008164,V-07,6,19.125745,72.865502,22.1,2026-06-17T07:33:10+05:30,2026-06-17T07:33:11+05:30
P-0008165,V-07,6,19.125601,72.865895,19.4,2026-06-17T07:33:20+05:30,2026-06-17T07:33:24+05:30
P-0008166,V-07,6,19.125044,72.865555,21.4,2026-06-17T07:33:30+05:30,2026-06-17T07:33:33+05:30
P-0008167,V-07,6,19.124724,72.865733,15.7,2026-06-17T07:33:40+05:30,2026-06-17T07:33:45+05:30
P-0008168,V-07,6,19.124295,72.865737,19.8,2026-06-17T07:33:50+05:30,2026-06-17T07:33:51+05:30
P-0008169,V-07,6,19.123819,72.865831,20.2,2026-06-17T07:34:00+05:30,2026-06-17T07:34:01+05:30
P-0008170,V-07,6,19.123534,72.865875,19.5,2026-06-17T07:34:10+05:30,2026-06-17T07:34:15+05:30
P-0008171,V-07,6,19.123192,72.865887,16.9,2026-06-17T07:34:20+05:30,2026-06-17T07:34:26+05:30
P-0008172,V-07,6,19.12283,72.865993,15.4,2026-06-17T07:34:30+05:30,2026-06-17T07:34:32+05:30
P-0008173,V-07,6,19.122088,72.865856,23.7,2026-06-17T07:34:40+05:30,2026-06-17T07:34:46+05:30
P-0008174,V-07,6,19.121694,72.86596,13.9,2026-06-17T07:34:50+05:30,2026-06-17T07:34:55+05:30
P-0008175,V-07,6,19.121524,72.865865,22.0,2026-06-17T07:35:00+05:30,2026-06-17T07:35:04+05:30
P-0008176,V-07,6,19.120987,72.866282,20.6,2026-06-17T07:35:10+05:30,2026-06-17T07:35:12+05:30
P-0008177,V-07,6,19.120442,72.866084,19.9,2026-06-17T07:35:20+05:30,2026-06-17T07:35:25+05:30
P-0008178,V-07,6,19.119987,72.866102,16.9,2026-06-17T07:35:30+05:30,2026-06-17T07:35:35+05:30
P-0008179,V-07,6,19.120047,72.866331,24.9,2026-06-17T07:35:40+05:30,2026-06-17T07:35:45+05:30
P-0008180,V-07,6,19.119542,72.866296,21.7,2026-06-17T07:35:50+05:30,2026-06-17T07:35:53+05:30
P-0008181,V-07,6,19.118974,72.866082,15.8,2026-06-17T07:36:00+05:30,2026-06-17T07:36:04+05:30
P-0008182,V-07,6,19.118569,72.866428,18.6,2026-06-17T07:36:10+05:30,2026-06-17T07:36:15+05:30
P-0008183,V-07,6,19.118246,72.866053,25.2,2026-06-17T07:36:20+05:30,2026-06-17T07:36:24+05:30
P-0008184,V-07,6,19.117588,72.866135,23.9,2026-06-17T07:36:30+05:30,2026-06-17T07:36:31+05:30
P-0008185,V-07,6,19.117387,72.866121,18.2,2026-06-17T07:36:40+05:30,2026-06-17T07:36:42+05:30
P-0008186,V-07,6,19.117173,72.866475,23.4,2026-06-17T07:36:50+05:30,2026-06-17T07:36:56+05:30
P-0008187,V-07,6,19.116541,72.866157,24.7,2026-06-17T07:37:00+05:30,2026-06-17T07:37:05+05:30
P-0008188,V-07,6,19.11638,72.866505,22.4,2026-06-17T07:37:10+05:30,2026-06-17T07:37:11+05:30
P-0008189,V-07,6,19.115889,72.866367,22.1,2026-06-17T07:37:20+05:30,2026-06-17T07:37:21+05:30
P-0008190,V-07,6,19.115642,72.866537,23.2,2026-06-17T07:37:30+05:30,2026-06-17T07:37:35+05:30
P-0008191,V-07,6,19.114841,72.866701,18.7,2026-06-17T07:37:40+05:30,2026-06-17T07:37:43+05:30
P-0008192,V-07,6,19.114696,72.866669,19.1,2026-06-17T07:37:50+05:30,2026-06-17T07:37:53+05:30
P-0008193,V-07,6,19.114409,72.866474,22.3,2026-06-17T07:38:00+05:30,2026-06-17T07:38:04+05:30
P-0008194,V-07,6,19.113672,72.866636,15.1,2026-06-17T07:38:10+05:30,2026-06-17T07:38:11+05:30
P-0008195,V-07,6,19.11332,72.866417,22.7,2026-06-17T07:38:20+05:30,2026-06-17T07:38:23+05:30
P-0008196,V-07,6,19.113003,72.866863,21.8,2026-06-17T07:38:30+05:30,2026-06-17T07:38:32+05:30
P-0008197,V-07,6,19.112438,72.866718,20.8,2026-06-17T07:38:40+05:30,2026-06-17T07:38:42+05:30
P-0008198,V-07,6,19.112438,72.866683,24.6,2026-06-17T07:38:50+05:30,2026-06-17T07:38:54+05:30
P-0008199,V-07,6,19.111684,72.866652,17.2,2026-06-17T07:39:00+05:30,2026-06-17T07:39:06+05:30
P-0008200,V-07,6,19.111393,72.866641,15.8,2026-06-17T07:39:10+05:30,2026-06-17T07:39:12+05:30
P-0008201,V-07,6,19.11081,72.866545,23.6,2026-06-17T07:39:20+05:30,2026-06-17T07:39:23+05:30
P-0008202,V-07,6,19.110663,72.866737,17.9,2026-06-17T07:39:30+05:30,2026-06-17T07:39:34+05:30
P-0008203,V-07,6,19.110182,72.86677,15.9,2026-06-17T07:39:40+05:30,2026-06-17T07:39:44+05:30
P-0008204,V-07,6,19.10959,72.866838,20.3,2026-06-17T07:39:50+05:30,2026-06-17T07:39:52+05:30
P-0008205,V-07,6,19.109598,72.866654,19.0,2026-06-17T07:40:00+05:30,2026-06-17T07:40:02+05:30
P-0008206,V-07,6,19.109187,72.866732,26.5,2026-06-17T07:40:10+05:30,2026-06-17T07:40:14+05:30
P-0008207,V-07,6,19.108481,72.866847,18.0,2026-06-17T07:40:20+05:30,2026-06-17T07:40:22+05:30
P-0008208,V-07,6,19.1084,72.866852,24.4,2026-06-17T07:40:30+05:30,2026-06-17T07:40:34+05:30
P-0008209,V-07,6,19.107745,72.867069,21.3,2026-06-17T07:40:40+05:30,2026-06-17T07:40:45+05:30
P-0008210,V-07,6,19.107482,72.867233,17.1,2026-06-17T07:40:50+05:30,2026-06-17T07:40:51+05:30
P-0008211,V-07,6,19.107019,72.867259,21.8,2026-06-17T07:41:00+05:30,2026-06-17T07:41:06+05:30
P-0008212,V-07,6,19.10659,72.86708,20.5,2026-06-17T07:41:10+05:30,2026-06-17T07:41:12+05:30
P-0008213,V-07,6,19.106072,72.867218,18.2,2026-06-17T07:41:20+05:30,2026-06-17T07:41:24+05:30
P-0008214,V-07,6,19.105714,72.867267,18.9,2026-06-17T07:41:30+05:30,2026-06-17T07:41:35+05:30
P-0008215,V-07,6,19.105227,72.867299,23.7,2026-06-17T07:41:40+05:30,2026-06-17T07:41:41+05:30
P-0008216,V-07,6,19.105147,72.867113,24.8,2026-06-17T07:41:50+05:30,2026-06-17T07:41:56+05:30
P-0008217,V-07,6,19.104659,72.867427,16.9,2026-06-17T07:42:00+05:30,2026-06-17T07:42:04+05:30
P-0008218,V-07,6,19.104151,72.867105,22.9,2026-06-17T07:42:10+05:30,2026-06-17T07:42:16+05:30
P-0008219,V-07,6,19.103672,72.867356,22.6,2026-06-17T07:42:20+05:30,2026-06-17T07:42:26+05:30
P-0008220,V-07,6,19.103256,72.867413,27.5,2026-06-17T07:42:30+05:30,2026-06-17T07:42:33+05:30
P-0008221,V-07,6,19.103011,72.867045,20.3,2026-06-17T07:42:40+05:30,2026-06-17T07:42:46+05:30
P-0008222,V-07,6,19.10241,72.867112,22.9,2026-06-17T07:42:50+05:30,2026-06-17T07:42:53+05:30
P-0008223,V-07,6,19.101962,72.86704,24.9,2026-06-17T07:43:00+05:30,2026-06-17T07:43:04+05:30
P-0008224,V-07,6,19.10162,72.867063,26.6,2026-06-17T07:43:10+05:30,2026-06-17T07:43:11+05:30
P-0008225,V-07,6,19.101338,72.867319,26.4,2026-06-17T07:43:20+05:30,2026-06-17T07:43:24+05:30
P-0008226,V-07,6,19.10091,72.867253,23.4,2026-06-17T07:43:30+05:30,2026-06-17T07:43:36+05:30
P-0008227,V-07,6,19.100666,72.867313,29.3,2026-06-17T07:43:40+05:30,2026-06-17T07:43:43+05:30
P-0008228,V-07,6,19.100426,72.867037,17.9,2026-06-17T07:43:50+05:30,2026-06-17T07:43:56+05:30
P-0008229,V-07,6,19.099676,72.867191,18.6,2026-06-17T07:44:00+05:30,2026-06-17T07:44:01+05:30
P-0008230,V-07,6,19.099186,72.867191,21.2,2026-06-17T07:44:10+05:30,2026-06-17T07:44:15+05:30
P-0008231,V-07,6,19.098769,72.867122,26.9,2026-06-17T07:44:20+05:30,2026-06-17T07:44:25+05:30
P-0008232,V-07,6,19.098595,72.867228,22.2,2026-06-17T07:44:30+05:30,2026-06-17T07:44:36+05:30
P-0008233,V-07,6,19.09801,72.867245,19.7,2026-06-17T07:44:40+05:30,2026-06-17T07:44:42+05:30
P-0008234,V-07,6,19.097549,72.86726,25.2,2026-06-17T07:44:50+05:30,2026-06-17T07:44:55+05:30
P-0008235,V-07,6,19.097384,72.867272,25.7,2026-06-17T07:45:00+05:30,2026-06-17T07:45:05+05:30
P-0008236,V-07,6,19.096966,72.867334,20.8,2026-06-17T07:45:10+05:30,2026-06-17T07:45:15+05:30
P-0008237,V-07,6,19.096652,72.866896,19.3,2026-06-17T07:45:20+05:30,2026-06-17T07:45:25+05:30
P-0008238,V-07,6,19.09628,72.867258,29.0,2026-06-17T07:45:30+05:30,2026-06-17T07:45:35+05:30
P-0008239,V-07,6,19.09597,72.867162,19.5,2026-06-17T07:45:40+05:30,2026-06-17T07:45:44+05:30
P-0008240,V-07,6,19.095521,72.866994,28.8,2026-06-17T07:45:50+05:30,2026-06-17T07:45:54+05:30
P-0008241,V-07,6,19.094809,72.867356,30.0,2026-06-17T07:46:00+05:30,2026-06-17T07:46:06+05:30
P-0008242,V-07,6,19.094476,72.866992,26.6,2026-06-17T07:46:10+05:30,2026-06-17T07:46:14+05:30
P-0008243,V-07,6,19.094111,72.867304,28.8,2026-06-17T07:46:20+05:30,2026-06-17T07:46:22+05:30
P-0008244,V-07,6,19.093526,72.867059,30.4,2026-06-17T07:46:30+05:30,2026-06-17T07:46:33+05:30
P-0008245,V-07,6,19.093366,72.867039,20.4,2026-06-17T07:46:40+05:30,2026-06-17T07:46:45+05:30
P-0008246,V-07,6,19.093178,72.867251,27.4,2026-06-17T07:46:50+05:30,2026-06-17T07:46:51+05:30
P-0008247,V-07,6,19.092806,72.867214,19.3,2026-06-17T07:47:00+05:30,2026-06-17T07:47:03+05:30
P-0008248,V-07,6,19.092003,72.86732,24.6,2026-06-17T07:47:10+05:30,2026-06-17T07:47:13+05:30
P-0008249,V-07,6,19.092008,72.867288,28.7,2026-06-17T07:47:20+05:30,2026-06-17T07:47:25+05:30
P-0008250,V-07,6,19.091164,72.86726,21.4,2026-06-17T07:47:30+05:30,2026-06-17T07:47:35+05:30
P-0008251,V-07,6,19.090999,72.86707,20.3,2026-06-17T07:47:40+05:30,2026-06-17T07:47:43+05:30
P-0008252,V-07,6,19.090466,72.866895,24.3,2026-06-17T07:47:50+05:30,2026-06-17T07:47:53+05:30
P-0008253,V-07,6,19.090107,72.86696,26.0,2026-06-17T07:48:00+05:30,2026-06-17T07:48:02+05:30
P-0008254,V-07,6,19.089597,72.867286,29.7,2026-06-17T07:48:10+05:30,2026-06-17T07:48:13+05:30
P-0008255,V-07,6,19.089447,72.866991,29.6,2026-06-17T07:48:20+05:30,2026-06-17T07:48:26+05:30
P-0008256,V-07,6,19.089172,72.867121,23.9,2026-06-17T07:48:30+05:30,2026-06-17T07:48:34+05:30
P-0008257,V-07,6,19.088539,72.867244,24.1,2026-06-17T07:48:40+05:30,2026-06-17T07:48:44+05:30
P-0008258,V-07,6,19.088097,72.867125,21.1,2026-06-17T07:48:50+05:30,2026-06-17T07:48:53+05:30
P-0008259,V-07,6,19.08771,72.867199,30.3,2026-06-17T07:49:00+05:30,2026-06-17T07:49:06+05:30
P-0008260,V-07,6,19.087397,72.867156,31.7,2026-06-17T07:49:10+05:30,2026-06-17T07:49:12+05:30
P-0008261,V-07,6,19.086806,72.867044,31.7,2026-06-17T07:49:20+05:30,2026-06-17T07:49:24+05:30
P-0008262,V-07,6,19.086574,72.867276,29.0,2026-06-17T07:49:30+05:30,2026-06-17T07:49:31+05:30
P-0008263,V-07,6,19.086031,72.867189,24.6,2026-06-17T07:49:40+05:30,2026-06-17T07:49:43+05:30
P-0008264,V-07,6,19.085816,72.866886,22.2,2026-06-17T07:49:50+05:30,2026-06-17T07:49:51+05:30
P-0008265,V-07,6,19.085451,72.867174,24.3,2026-06-17T07:50:00+05:30,2026-06-17T07:50:06+05:30
P-0008266,V-07,6,19.085106,72.867188,21.5,2026-06-17T07:50:10+05:30,2026-06-17T07:50:14+05:30
P-0008267,V-07,6,19.084603,72.867048,21.6,2026-06-17T07:50:20+05:30,2026-06-17T07:50:22+05:30
P-0008268,V-07,6,19.083995,72.866777,24.1,2026-06-17T07:50:30+05:30,2026-06-17T07:50:34+05:30
P-0008269,V-07,6,19.083603,72.866862,32.1,2026-06-17T07:50:40+05:30,2026-06-17T07:50:44+05:30
P-0008270,V-07,6,19.083493,72.867221,26.2,2026-06-17T07:50:50+05:30,2026-06-17T07:50:51+05:30
P-0008271,V-07,6,19.083149,72.866978,28.2,2026-06-17T07:51:00+05:30,2026-06-17T07:51:02+05:30
P-0008272,V-07,6,19.082383,72.867306,23.5,2026-06-17T07:51:10+05:30,2026-06-17T07:51:13+05:30
P-0008273,V-07,6,19.082269,72.86739,24.4,2026-06-17T07:51:20+05:30,2026-06-17T07:51:24+05:30
P-0008274,V-07,6,19.081603,72.867176,31.7,2026-06-17T07:51:30+05:30,2026-06-17T07:51:33+05:30
P-0008275,V-07,6,19.081108,72.867317,25.2,2026-06-17T07:51:40+05:30,2026-06-17T07:51:46+05:30
P-0008276,V-07,6,19.080945,72.867186,28.0,2026-06-17T07:51:50+05:30,2026-06-17T07:51:54+05:30
P-0008277,V-07,6,19.080442,72.867103,28.0,2026-06-17T07:52:00+05:30,2026-06-17T07:52:06+05:30
P-0008278,V-07,6,19.080308,72.86742,31.6,2026-06-17T07:52:10+05:30,2026-06-17T07:52:12+05:30
P-0008279,V-07,6,19.079585,72.867381,29.6,2026-06-17T07:52:20+05:30,2026-06-17T07:52:26+05:30
P-0008280,V-07,6,19.079215,72.867491,24.8,2026-06-17T07:52:30+05:30,2026-06-17T07:52:31+05:30
P-0008281,V-07,6,19.078956,72.867698,22.8,2026-06-17T07:52:40+05:30,2026-06-17T07:52:42+05:30
P-0008282,V-07,6,19.07834,72.867629,26.4,2026-06-17T07:52:50+05:30,2026-06-17T07:52:55+05:30
P-0008283,V-07,6,19.078204,72.867536,32.9,2026-06-17T07:53:00+05:30,2026-06-17T07:53:02+05:30
P-0008284,V-07,6,19.07779,72.867584,25.5,2026-06-17T07:53:10+05:30,2026-06-17T07:53:11+05:30
P-0008285,V-07,6,19.077204,72.867946,26.1,2026-06-17T07:53:20+05:30,2026-06-17T07:53:24+05:30
P-0008286,V-07,6,19.077133,72.867959,29.9,2026-06-17T07:53:30+05:30,2026-06-17T07:53:35+05:30
P-0008287,V-07,6,19.07669,72.867944,33.0,2026-06-17T07:53:40+05:30,2026-06-17T07:53:43+05:30
P-0008288,V-07,6,19.076105,72.867718,33.1,2026-06-17T07:53:50+05:30,2026-06-17T07:53:51+05:30
P-0008289,V-07,6,19.076013,72.867912,30.4,2026-06-17T07:54:00+05:30,2026-06-17T07:54:01+05:30
P-0008290,V-07,6,19.07516,72.867743,25.3,2026-06-17T07:54:10+05:30,2026-06-17T07:54:11+05:30
P-0008291,V-07,6,19.075039,72.868193,29.3,2026-06-17T07:54:20+05:30,2026-06-17T07:54:25+05:30
P-0008292,V-07,6,19.074679,72.868003,26.2,2026-06-17T07:54:30+05:30,2026-06-17T07:54:35+05:30
P-0008293,V-07,6,19.074137,72.867997,34.0,2026-06-17T07:54:40+05:30,2026-06-17T07:54:44+05:30
P-0008294,V-07,6,19.073596,72.868313,25.2,2026-06-17T07:54:50+05:30,2026-06-17T07:54:53+05:30
P-0008295,V-07,6,19.073573,72.8682,30.3,2026-06-17T07:55:00+05:30,2026-06-17T07:55:05+05:30
P-0008296,V-07,6,19.072877,72.868358,27.2,2026-06-17T07:55:10+05:30,2026-06-17T07:55:13+05:30
P-0008297,V-07,6,19.072414,72.868011,35.1,2026-06-17T07:55:20+05:30,2026-06-17T07:55:25+05:30
P-0008298,V-07,6,19.071982,72.868344,28.6,2026-06-17T07:55:30+05:30,2026-06-17T07:55:35+05:30
P-0008299,V-07,6,19.071816,72.868184,32.4,2026-06-17T07:55:40+05:30,2026-06-17T07:55:46+05:30
P-0008300,V-07,6,19.07136,72.868416,32.5,2026-06-17T07:55:50+05:30,2026-06-17T07:55:55+05:30
P-0008301,V-07,6,19.070774,72.868628,36.1,2026-06-17T07:56:00+05:30,2026-06-17T07:56:05+05:30
P-0008302,V-07,6,19.070374,72.868275,28.6,2026-06-17T07:56:10+05:30,2026-06-17T07:56:15+05:30
P-0008303,V-07,6,19.070408,72.868659,29.6,2026-06-17T07:56:20+05:30,2026-06-17T07:56:26+05:30
P-0008304,V-07,6,19.070017,72.868787,27.5,2026-06-17T07:56:30+05:30,2026-06-17T07:56:34+05:30
P-0008305,V-07,6,19.069376,72.868676,28.6,2026-06-17T07:56:40+05:30,2026-06-17T07:56:44+05:30
P-0008306,V-07,6,19.069123,72.868672,28.6,2026-06-17T07:56:50+05:30,2026-06-17T07:56:55+05:30
P-0008307,V-07,6,19.06872,72.868858,35.2,2026-06-17T07:57:00+05:30,2026-06-17T07:57:02+05:30
P-0008308,V-07,6,19.067963,72.868789,26.9,2026-06-17T07:57:10+05:30,2026-06-17T07:57:13+05:30
P-0008309,V-07,6,19.068042,72.868813,37.3,2026-06-17T07:57:20+05:30,2026-06-17T07:57:25+05:30
P-0008310,V-07,6,19.067317,72.868929,32.7,2026-06-17T07:57:30+05:30,2026-06-17T07:57:36+05:30
P-0008311,V-07,6,19.066959,72.868919,34.4,2026-06-17T07:57:40+05:30,2026-06-17T07:57:46+05:30
P-0008312,V-07,6,19.066766,72.869018,34.1,2026-06-17T07:57:50+05:30,2026-06-17T07:57:53+05:30
P-0008313,V-07,6,19.066242,72.869137,30.7,2026-06-17T07:58:00+05:30,2026-06-17T07:58:03+05:30
P-0008314,V-03,5,19.172525,72.956802,36.1,2026-06-17T07:05:00+05:30,2026-06-17T07:05:01+05:30
P-0008315,V-03,5,19.172529,72.956461,30.2,2026-06-17T07:05:10+05:30,2026-06-17T07:05:13+05:30
P-0008316,V-03,5,19.172194,72.956498,37.3,2026-06-17T07:05:20+05:30,2026-06-17T07:05:25+05:30
P-0008317,V-03,5,19.172101,72.95592,32.3,2026-06-17T07:05:30+05:30,2026-06-17T07:05:31+05:30
P-0008318,V-03,5,19.171998,72.955627,36.9,2026-06-17T07:05:40+05:30,2026-06-17T07:05:44+05:30
P-0008319,V-03,5,19.171848,72.955535,34.5,2026-06-17T07:05:50+05:30,2026-06-17T07:05:56+05:30
P-0008320,V-03,5,19.172129,72.955045,32.2,2026-06-17T07:06:00+05:30,2026-06-17T07:06:01+05:30
P-0008321,V-03,5,19.171951,72.954931,27.1,2026-06-17T07:06:10+05:30,2026-06-17T07:06:15+05:30
P-0008322,V-03,5,19.171476,72.954422,27.1,2026-06-17T07:06:20+05:30,2026-06-17T07:06:21+05:30
P-0008323,V-03,5,19.171638,72.954205,33.7,2026-06-17T07:06:30+05:30,2026-06-17T07:06:35+05:30
P-0008324,V-03,5,19.171645,72.954164,33.5,2026-06-17T07:06:40+05:30,2026-06-17T07:06:43+05:30
P-0008325,V-03,5,19.171134,72.953877,26.8,2026-06-17T07:06:50+05:30,2026-06-17T07:06:51+05:30
P-0008326,V-03,5,19.171423,72.953378,35.2,2026-06-17T07:07:00+05:30,2026-06-17T07:07:03+05:30
P-0008327,V-03,5,19.170869,72.95315,30.0,2026-06-17T07:07:10+05:30,2026-06-17T07:07:15+05:30
P-0008328,V-03,5,19.170727,72.953193,24.6,2026-06-17T07:07:20+05:30,2026-06-17T07:07:24+05:30
P-0008329,V-03,5,19.170661,72.952802,25.0,2026-06-17T07:07:30+05:30,2026-06-17T07:07:31+05:30
P-0008330,V-03,5,19.170744,72.952269,29.0,2026-06-17T07:07:40+05:30,2026-06-17T07:07:43+05:30
P-0008331,V-03,5,19.170491,72.951939,25.6,2026-06-17T07:07:50+05:30,2026-06-17T07:07:51+05:30
P-0008332,V-03,5,19.170693,72.951887,25.8,2026-06-17T07:08:00+05:30,2026-06-17T07:08:05+05:30
P-0008333,V-03,5,19.170477,72.951717,26.5,2026-06-17T07:08:10+05:30,2026-06-17T07:08:13+05:30
P-0008334,V-03,5,19.17013,72.951285,32.9,2026-06-17T07:08:20+05:30,2026-06-17T07:08:22+05:30
P-0008335,V-03,5,19.169907,72.950892,26.7,2026-06-17T07:08:30+05:30,2026-06-17T07:08:32+05:30
P-0008336,V-03,5,19.170271,72.950989,32.0,2026-06-17T07:08:40+05:30,2026-06-17T07:08:44+05:30
P-0008337,V-03,5,19.169914,72.950611,33.4,2026-06-17T07:08:50+05:30,2026-06-17T07:08:54+05:30
P-0008338,V-03,5,19.169989,72.950267,34.7,2026-06-17T07:09:00+05:30,2026-06-17T07:09:05+05:30
P-0008339,V-03,5,19.169433,72.949856,28.1,2026-06-17T07:09:10+05:30,2026-06-17T07:09:12+05:30
P-0008340,V-03,5,19.16969,72.949845,31.8,2026-06-17T07:09:20+05:30,2026-06-17T07:09:23+05:30
P-0008341,V-03,5,19.169453,72.949268,30.3,2026-06-17T07:09:30+05:30,2026-06-17T07:09:31+05:30
P-0008342,V-03,5,19.16949,72.94929,27.8,2026-06-17T07:09:40+05:30,2026-06-17T07:09:44+05:30
P-0008343,V-03,5,19.169346,72.948809,23.2,2026-06-17T07:09:50+05:30,2026-06-17T07:09:51+05:30
P-0008344,V-03,5,19.16933,72.948707,30.6,2026-06-17T07:10:00+05:30,2026-06-17T07:10:01+05:30
P-0008345,V-03,5,19.169055,72.948479,25.1,2026-06-17T07:10:10+05:30,2026-06-17T07:10:14+05:30
P-0008346,V-03,5,19.169029,72.948117,32.7,2026-06-17T07:10:20+05:30,2026-06-17T07:10:24+05:30
P-0008347,V-03,5,19.168919,72.947807,24.8,2026-06-17T07:10:30+05:30,2026-06-17T07:10:32+05:30
P-0008348,V-03,5,19.168382,72.947596,24.0,2026-06-17T07:10:40+05:30,2026-06-17T07:10:46+05:30
P-0008349,V-03,5,19.168444,72.947123,24.0,2026-06-17T07:10:50+05:30,2026-06-17T07:10:52+05:30
P-0008350,V-03,5,19.168542,72.947039,30.0,2026-06-17T07:11:00+05:30,2026-06-17T07:11:03+05:30
P-0008351,V-03,5,19.168135,72.946618,25.1,2026-06-17T07:11:10+05:30,2026-06-17T07:11:11+05:30
P-0008352,V-03,5,19.16833,72.946446,23.4,2026-06-17T07:11:20+05:30,2026-06-17T07:11:22+05:30
P-0008353,V-03,5,19.168156,72.946298,31.3,2026-06-17T07:11:30+05:30,2026-06-17T07:11:32+05:30
P-0008354,V-03,5,19.167946,72.945916,33.1,2026-06-17T07:11:40+05:30,2026-06-17T07:11:41+05:30
P-0008355,V-03,5,19.167822,72.945594,28.8,2026-06-17T07:11:50+05:30,2026-06-17T07:11:51+05:30
P-0008356,V-03,5,19.167787,72.945552,30.7,2026-06-17T07:12:00+05:30,2026-06-17T07:12:06+05:30
P-0008357,V-03,5,19.167345,72.944995,30.0,2026-06-17T07:12:10+05:30,2026-06-17T07:12:13+05:30
P-0008358,V-03,5,19.16733,72.945058,28.4,2026-06-17T07:12:20+05:30,2026-06-17T07:12:23+05:30
P-0008359,V-03,5,19.167221,72.944429,28.6,2026-06-17T07:12:30+05:30,2026-06-17T07:12:34+05:30
P-0008360,V-03,5,19.167211,72.944529,21.1,2026-06-17T07:12:40+05:30,2026-06-17T07:12:46+05:30
P-0008361,V-03,5,19.166649,72.943893,27.0,2026-06-17T07:12:50+05:30,2026-06-17T07:12:54+05:30
P-0008362,V-03,5,19.166635,72.94382,21.9,2026-06-17T07:13:00+05:30,2026-06-17T07:13:02+05:30
P-0008363,V-03,5,19.166646,72.943569,27.3,2026-06-17T07:13:10+05:30,2026-06-17T07:13:13+05:30
P-0008364,V-03,5,19.166418,72.943604,23.3,2026-06-17T07:13:20+05:30,2026-06-17T07:13:22+05:30
P-0008365,V-03,5,19.166044,72.943202,31.9,2026-06-17T07:13:30+05:30,2026-06-17T07:13:32+05:30
P-0008366,V-03,5,19.166113,72.942889,28.5,2026-06-17T07:13:40+05:30,2026-06-17T07:13:46+05:30
P-0008367,V-03,5,19.165748,72.942485,29.3,2026-06-17T07:13:50+05:30,2026-06-17T07:13:52+05:30
P-0008368,V-03,5,19.165811,72.94229,26.4,2026-06-17T07:14:00+05:30,2026-06-17T07:14:04+05:30
P-0008369,V-03,5,19.16524,72.942158,29.1,2026-06-17T07:14:10+05:30,2026-06-17T07:14:12+05:30
P-0008370,V-03,5,19.165464,72.942168,29.5,2026-06-17T07:14:20+05:30,2026-06-17T07:14:24+05:30
P-0008371,V-03,5,19.165062,72.94167,22.0,2026-06-17T07:14:30+05:30,2026-06-17T07:14:36+05:30
P-0008372,V-03,5,19.165005,72.941791,24.2,2026-06-17T07:14:40+05:30,2026-06-17T07:14:41+05:30
P-0008373,V-03,5,19.164928,72.941547,23.1,2026-06-17T07:14:50+05:30,2026-06-17T07:14:55+05:30
P-0008374,V-03,5,19.164466,72.940963,21.7,2026-06-17T07:15:00+05:30,2026-06-17T07:15:01+05:30
P-0008375,V-03,5,19.164252,72.940879,22.6,2026-06-17T07:15:10+05:30,2026-06-17T07:15:15+05:30
P-0008376,V-03,5,19.164262,72.940686,27.8,2026-06-17T07:15:20+05:30,2026-06-17T07:15:21+05:30
P-0008377,V-03,5,19.163978,72.940138,19.5,2026-06-17T07:15:30+05:30,2026-06-17T07:15:35+05:30
P-0008378,V-03,5,19.163793,72.940084,25.8,2026-06-17T07:15:40+05:30,2026-06-17T07:15:44+05:30
P-0008379,V-03,5,19.163788,72.939918,24.6,2026-06-17T07:15:50+05:30,2026-06-17T07:15:54+05:30
P-0008380,V-03,5,19.16322,72.939598,30.3,2026-06-17T07:16:00+05:30,2026-06-17T07:16:01+05:30
P-0008381,V-03,5,19.163199,72.939279,28.5,2026-06-17T07:16:10+05:30,2026-06-17T07:16:12+05:30
P-0008382,V-03,5,19.163269,72.93915,21.4,2026-06-17T07:16:20+05:30,2026-06-17T07:16:23+05:30
P-0008383,V-03,5,19.163082,72.938806,20.3,2026-06-17T07:16:30+05:30,2026-06-17T07:16:31+05:30
P-0008384,V-03,5,19.162542,72.938917,20.1,2026-06-17T07:16:40+05:30,2026-06-17T07:16:46+05:30
P-0008385,V-03,5,19.162734,72.938295,24.1,2026-06-17T07:16:50+05:30,2026-06-17T07:16:55+05:30
P-0008386,V-03,5,19.162516,72.938347,20.9,2026-06-17T07:17:00+05:30,2026-06-17T07:17:01+05:30
P-0008387,V-03,5,19.162346,72.937829,28.7,2026-06-17T07:17:10+05:30,2026-06-17T07:17:12+05:30
P-0008388,V-03,5,19.162261,72.937647,23.7,2026-06-17T07:17:20+05:30,2026-06-17T07:17:22+05:30
P-0008389,V-03,5,19.161952,72.937385,19.1,2026-06-17T07:17:30+05:30,2026-06-17T07:17:36+05:30
P-0008390,V-03,5,19.161845,72.937219,26.1,2026-06-17T07:17:40+05:30,2026-06-17T07:17:44+05:30
P-0008391,V-03,5,19.161423,72.937016,23.7,2026-06-17T07:17:50+05:30,2026-06-17T07:17:53+05:30
P-0008392,V-03,5,19.161088,72.936979,26.8,2026-06-17T07:18:00+05:30,2026-06-17T07:18:05+05:30
P-0008393,V-03,5,19.161353,72.936432,21.7,2026-06-17T07:18:10+05:30,2026-06-17T07:18:12+05:30
P-0008394,V-03,5,19.160952,72.936193,19.4,2026-06-17T07:18:20+05:30,2026-06-17T07:18:21+05:30
P-0008395,V-03,5,19.160864,72.936274,22.2,2026-06-17T07:18:30+05:30,2026-06-17T07:18:35+05:30
P-0008396,V-03,5,19.160587,72.935797,18.8,2026-06-17T07:18:40+05:30,2026-06-17T07:18:43+05:30
P-0008397,V-03,5,19.160321,72.935633,22.4,2026-06-17T07:18:50+05:30,2026-06-17T07:18:51+05:30
P-0008398,V-03,5,19.160189,72.935341,27.7,2026-06-17T07:19:00+05:30,2026-06-17T07:19:03+05:30
P-0008399,V-03,5,19.160237,72.935215,18.8,2026-06-17T07:19:10+05:30,2026-06-17T07:19:14+05:30
P-0008400,V-03,5,19.159708,72.935104,19.6,2026-06-17T07:19:20+05:30,2026-06-17T07:19:26+05:30
P-0008401,V-03,5,19.159521,72.934634,27.2,2026-06-17T07:19:30+05:30,2026-06-17T07:19:33+05:30
P-0008402,V-03,5,19.159276,72.93467,21.9,2026-06-17T07:19:40+05:30,2026-06-17T07:19:43+05:30
P-0008403,V-03,5,19.159435,72.934253,23.1,2026-06-17T07:19:50+05:30,2026-06-17T07:19:54+05:30
P-0008404,V-03,5,19.159,72.934279,19.8,2026-06-17T07:20:00+05:30,2026-06-17T07:20:06+05:30
P-0008405,V-03,5,19.159014,72.93405,20.3,2026-06-17T07:20:10+05:30,2026-06-17T07:20:15+05:30
P-0008406,V-03,5,19.158619,72.933732,27.0,2026-06-17T07:20:20+05:30,2026-06-17T07:20:24+05:30
P-0008407,V-03,5,19.158412,72.933269,19.9,2026-06-17T07:20:30+05:30,2026-06-17T07:20:31+05:30
P-0008408,V-03,5,19.158264,72.933335,20.4,2026-06-17T07:20:40+05:30,2026-06-17T07:20:41+05:30
P-0008409,V-03,5,19.158436,72.933106,23.9,2026-06-17T07:20:50+05:30,2026-06-17T07:20:52+05:30
P-0008410,V-03,5,19.157933,72.932564,25.0,2026-06-17T07:21:00+05:30,2026-06-17T07:21:03+05:30
P-0008411,V-03,5,19.157917,72.932471,26.6,2026-06-17T07:21:10+05:30,2026-06-17T07:21:15+05:30
P-0008412,V-03,5,19.157491,72.931968,22.2,2026-06-17T07:21:20+05:30,2026-06-17T07:21:25+05:30
P-0008413,V-03,5,19.157311,72.932167,24.0,2026-06-17T07:21:30+05:30,2026-06-17T07:21:36+05:30
P-0008414,V-03,5,19.157232,72.931586,25.5,2026-06-17T07:21:40+05:30,2026-06-17T07:21:43+05:30
P-0008415,V-03,5,19.157379,72.93161,20.4,2026-06-17T07:21:50+05:30,2026-06-17T07:21:51+05:30
P-0008416,V-03,5,19.156987,72.931209,18.5,2026-06-17T07:22:00+05:30,2026-06-17T07:22:02+05:30
P-0008417,V-03,5,19.156788,72.931061,20.7,2026-06-17T07:22:10+05:30,2026-06-17T07:22:11+05:30
P-0008418,V-03,5,19.156395,72.930725,18.0,2026-06-17T07:22:20+05:30,2026-06-17T07:22:22+05:30
P-0008419,V-03,5,19.15642,72.930526,19.1,2026-06-17T07:22:30+05:30,2026-06-17T07:22:35+05:30
P-0008420,V-03,5,19.156123,72.930481,18.2,2026-06-17T07:22:40+05:30,2026-06-17T07:22:44+05:30
P-0008421,V-03,5,19.156052,72.929901,23.2,2026-06-17T07:22:50+05:30,2026-06-17T07:22:54+05:30
P-0008422,V-03,5,19.155891,72.92977,24.9,2026-06-17T07:23:00+05:30,2026-06-17T07:23:04+05:30
P-0008423,V-03,5,19.155433,72.929574,19.4,2026-06-17T07:23:10+05:30,2026-06-17T07:23:12+05:30
P-0008424,V-03,5,19.155234,72.929375,14.7,2026-06-17T07:23:20+05:30,2026-06-17T07:23:23+05:30
P-0008425,V-03,5,19.155119,72.92929,24.3,2026-06-17T07:23:30+05:30,2026-06-17T07:23:35+05:30
P-0008426,V-03,5,19.155104,72.929186,21.0,2026-06-17T07:23:40+05:30,2026-06-17T07:23:45+05:30
P-0008427,V-03,5,19.154855,72.929033,17.9,2026-06-17T07:23:50+05:30,2026-06-17T07:23:52+05:30
P-0008428,V-03,5,19.154177,72.928838,19.0,2026-06-17T07:24:00+05:30,2026-06-17T07:24:06+05:30
P-0008429,V-03,5,19.154256,72.928665,19.8,2026-06-17T07:24:10+05:30,2026-06-17T07:24:11+05:30
P-0008430,V-03,5,19.153714,72.928301,15.6,2026-06-17T07:24:20+05:30,2026-06-17T07:24:22+05:30
P-0008431,V-03,5,19.153823,72.928173,25.6,2026-06-17T07:24:30+05:30,2026-06-17T07:24:35+05:30
P-0008432,V-03,5,19.153193,72.927918,17.3,2026-06-17T07:24:40+05:30,2026-06-17T07:24:43+05:30
P-0008433,V-03,5,19.153219,72.927976,15.2,2026-06-17T07:24:50+05:30,2026-06-17T07:24:52+05:30
P-0008434,V-03,5,19.15289,72.927778,15.8,2026-06-17T07:25:00+05:30,2026-06-17T07:25:06+05:30
P-0008435,V-03,5,19.152541,72.927874,15.9,2026-06-17T07:25:10+05:30,2026-06-17T07:25:13+05:30
P-0008436,V-03,5,19.152317,72.927514,25.3,2026-06-17T07:25:20+05:30,2026-06-17T07:25:24+05:30
P-0008437,V-03,5,19.152161,72.927273,18.2,2026-06-17T07:25:30+05:30,2026-06-17T07:25:33+05:30
P-0008438,V-03,5,19.152119,72.927353,21.2,2026-06-17T07:25:40+05:30,2026-06-17T07:25:43+05:30
P-0008439,V-03,5,19.151496,72.926734,21.5,2026-06-17T07:25:50+05:30,2026-06-17T07:25:54+05:30
P-0008440,V-03,5,19.151592,72.926785,15.1,2026-06-17T07:26:00+05:30,2026-06-17T07:26:06+05:30
P-0008441,V-03,5,19.151235,72.926537,18.0,2026-06-17T07:26:10+05:30,2026-06-17T07:26:14+05:30
P-0008442,V-03,5,19.151141,72.926457,15.1,2026-06-17T07:26:20+05:30,2026-06-17T07:26:22+05:30
P-0008443,V-03,5,19.15082,72.926138,23.8,2026-06-17T07:26:30+05:30,2026-06-17T07:26:33+05:30
P-0008444,V-03,5,19.150412,72.926245,15.7,2026-06-17T07:26:40+05:30,2026-06-17T07:26:45+05:30
P-0008445,V-03,5,19.150168,72.926039,13.4,2026-06-17T07:26:50+05:30,2026-06-17T07:26:51+05:30
P-0008446,V-03,5,19.150026,72.925979,14.8,2026-06-17T07:27:00+05:30,2026-06-17T07:27:04+05:30
P-0008447,V-03,5,19.149556,72.925617,18.7,2026-06-17T07:27:10+05:30,2026-06-17T07:27:16+05:30
P-0008448,V-03,5,19.149516,72.925537,19.2,2026-06-17T07:27:20+05:30,2026-06-17T07:27:22+05:30
P-0008449,V-03,5,19.149267,72.925288,22.7,2026-06-17T07:27:30+05:30,2026-06-17T07:27:35+05:30
P-0008450,V-03,5,19.149291,72.925029,22.4,2026-06-17T07:27:40+05:30,2026-06-17T07:27:44+05:30
P-0008451,V-03,5,19.148595,72.925138,20.1,2026-06-17T07:27:50+05:30,2026-06-17T07:27:54+05:30
P-0008452,V-03,5,19.148444,72.924664,18.0,2026-06-17T07:28:00+05:30,2026-06-17T07:28:06+05:30
P-0008453,V-03,5,19.148185,72.924705,19.3,2026-06-17T07:28:10+05:30,2026-06-17T07:28:14+05:30
P-0008454,V-03,5,19.14825,72.924614,14.6,2026-06-17T07:28:20+05:30,2026-06-17T07:28:24+05:30
P-0008455,V-03,5,19.148085,72.924245,17.6,2026-06-17T07:28:30+05:30,2026-06-17T07:28:36+05:30
P-0008456,V-03,5,19.14746,72.924247,17.4,2026-06-17T07:28:40+05:30,2026-06-17T07:28:46+05:30
P-0008457,V-03,5,19.14715,72.92411,21.4,2026-06-17T07:28:50+05:30,2026-06-17T07:28:53+05:30
P-0008458,V-03,5,19.147184,72.923533,23.6,2026-06-17T07:29:00+05:30,2026-06-17T07:29:03+05:30
P-0008459,V-03,5,19.147073,72.923683,23.2,2026-06-17T07:29:10+05:30,2026-06-17T07:29:12+05:30
P-0008460,V-03,5,19.146622,72.923571,23.1,2026-06-17T07:29:20+05:30,2026-06-17T07:29:21+05:30
P-0008461,V-03,5,19.146443,72.923149,23.1,2026-06-17T07:29:30+05:30,2026-06-17T07:29:32+05:30
P-0008462,V-03,5,19.146016,72.92323,16.3,2026-06-17T07:29:40+05:30,2026-06-17T07:29:43+05:30
P-0008463,V-03,5,19.145747,72.92285,14.5,2026-06-17T07:29:50+05:30,2026-06-17T07:29:54+05:30
P-0008464,V-03,5,19.145731,72.922534,23.0,2026-06-17T07:30:00+05:30,2026-06-17T07:30:06+05:30
P-0008465,V-03,5,19.145646,72.922539,23.3,2026-06-17T07:30:10+05:30,2026-06-17T07:30:14+05:30
P-0008466,V-03,5,19.145301,72.92213,17.8,2026-06-17T07:30:20+05:30,2026-06-17T07:30:24+05:30
P-0008467,V-03,5,19.145152,72.921704,12.8,2026-06-17T07:30:30+05:30,2026-06-17T07:30:34+05:30
P-0008468,V-03,5,19.145384,72.921851,13.9,2026-06-17T07:30:40+05:30,2026-06-17T07:30:43+05:30
P-0008469,V-03,5,19.144912,72.921495,17.3,2026-06-17T07:30:50+05:30,2026-06-17T07:30:56+05:30
P-0008470,V-03,5,19.144907,72.921323,19.0,2026-06-17T07:31:00+05:30,2026-06-17T07:31:06+05:30
P-0008471,V-03,5,19.144903,72.920947,17.6,2026-06-17T07:31:10+05:30,2026-06-17T07:31:14+05:30
P-0008472,V-03,5,19.144432,72.920578,22.7,2026-06-17T07:31:20+05:30,2026-06-17T07:31:24+05:30
P-0008473,V-03,5,19.144219,72.920502,21.3,2026-06-17T07:31:30+05:30,2026-06-17T07:31:36+05:30
P-0008474,V-03,5,19.144369,72.920238,18.6,2026-06-17T07:31:40+05:30,2026-06-17T07:31:43+05:30
P-0008475,V-03,5,19.144174,72.919876,23.4,2026-06-17T07:31:50+05:30,2026-06-17T07:31:55+05:30
P-0008476,V-03,5,19.143809,72.919564,22.7,2026-06-17T07:32:00+05:30,2026-06-17T07:32:04+05:30
P-0008477,V-03,5,19.143553,72.91907,21.2,2026-06-17T07:32:10+05:30,2026-06-17T07:32:13+05:30
P-0008478,V-03,5,19.143726,72.919177,21.5,2026-06-17T07:32:20+05:30,2026-06-17T07:32:26+05:30
P-0008479,V-03,5,19.143492,72.918616,15.6,2026-06-17T07:32:30+05:30,2026-06-17T07:32:32+05:30
P-0008480,V-03,5,19.143386,72.918366,18.1,2026-06-17T07:32:40+05:30,2026-06-17T07:32:44+05:30
P-0008481,V-03,5,19.143407,72.918098,16.2,2026-06-17T07:32:50+05:30,2026-06-17T07:32:56+05:30
P-0008482,V-03,5,19.143098,72.917912,15.6,2026-06-17T07:33:00+05:30,2026-06-17T07:33:01+05:30
P-0008483,V-03,5,19.14267,72.917775,22.3,2026-06-17T07:33:10+05:30,2026-06-17T07:33:14+05:30
P-0008484,V-03,5,19.142581,72.91754,17.8,2026-06-17T07:33:20+05:30,2026-06-17T07:33:24+05:30
P-0008485,V-03,5,19.142603,72.917361,16.4,2026-06-17T07:33:30+05:30,2026-06-17T07:33:33+05:30
P-0008486,V-03,5,19.142652,72.916851,14.8,2026-06-17T07:33:40+05:30,2026-06-17T07:33:42+05:30
P-0008487,V-03,5,19.142432,72.916848,17.5,2026-06-17T07:33:50+05:30,2026-06-17T07:33:51+05:30
P-0008488,V-03,5,19.141918,72.916723,22.3,2026-06-17T07:34:00+05:30,2026-06-17T07:34:06+05:30
P-0008489,V-03,5,19.142136,72.916456,23.3,2026-06-17T07:34:10+05:30,2026-06-17T07:34:15+05:30
P-0008490,V-03,5,19.141629,72.915809,14.3,2026-06-17T07:34:20+05:30,2026-06-17T07:34:23+05:30
P-0008491,V-03,5,19.141528,72.915888,21.8,2026-06-17T07:34:30+05:30,2026-06-17T07:34:31+05:30
P-0008492,V-03,5,19.141312,72.915738,22.9,2026-06-17T07:34:40+05:30,2026-06-17T07:34:45+05:30
P-0008493,V-03,5,19.141429,72.915266,13.2,2026-06-17T07:34:50+05:30,2026-06-17T07:34:53+05:30
P-0008494,V-03,5,19.14106,72.914837,18.1,2026-06-17T07:35:00+05:30,2026-06-17T07:35:04+05:30
P-0008495,V-03,5,19.141097,72.914611,13.9,2026-06-17T07:35:10+05:30,2026-06-17T07:35:14+05:30
P-0008496,V-03,5,19.140924,72.914438,15.3,2026-06-17T07:35:20+05:30,2026-06-17T07:35:23+05:30
P-0008497,V-03,5,19.140997,72.914215,18.6,2026-06-17T07:35:30+05:30,2026-06-17T07:35:35+05:30
P-0008498,V-03,5,19.140469,72.913866,17.7,2026-06-17T07:35:40+05:30,2026-06-17T07:35:43+05:30
P-0008499,V-03,5,19.140259,72.913782,18.1,2026-06-17T07:35:50+05:30,2026-06-17T07:35:54+05:30
P-0008500,V-03,5,19.140144,72.913676,19.6,2026-06-17T07:36:00+05:30,2026-06-17T07:36:03+05:30
P-0008501,V-03,5,19.14023,72.913163,24.0,2026-06-17T07:36:10+05:30,2026-06-17T07:36:14+05:30
P-0008502,V-03,5,19.139793,72.913086,21.2,2026-06-17T07:36:20+05:30,2026-06-17T07:36:25+05:30
P-0008503,V-03,5,19.139692,72.912911,12.6,2026-06-17T07:36:30+05:30,2026-06-17T07:36:34+05:30
P-0008504,V-03,5,19.139471,72.912288,23.6,2026-06-17T07:36:40+05:30,2026-06-17T07:36:45+05:30
P-0008505,V-03,5,19.139689,72.912361,12.3,2026-06-17T07:36:50+05:30,2026-06-17T07:36:56+05:30
P-0008506,V-03,5,19.139457,72.911825,22.4,2026-06-17T07:37:00+05:30,2026-06-17T07:37:03+05:30
P-0008507,V-03,5,19.139333,72.911723,20.0,2026-06-17T07:37:10+05:30,2026-06-17T07:37:16+05:30
P-0008508,V-03,5,19.139198,72.911202,20.5,2026-06-17T07:37:20+05:30,2026-06-17T07:37:26+05:30
P-0008509,V-03,5,19.138729,72.911411,14.2,2026-06-17T07:37:30+05:30,2026-06-17T07:37:32+05:30
P-0008510,V-03,5,19.138756,72.910715,12.2,2026-06-17T07:37:40+05:30,2026-06-17T07:37:46+05:30
P-0008511,V-03,5,19.138569,72.910688,18.9,2026-06-17T07:37:50+05:30,2026-06-17T07:37:55+05:30
P-0008512,V-03,5,19.138725,72.910235,14.9,2026-06-17T07:38:00+05:30,2026-06-17T07:38:06+05:30
P-0008513,V-03,5,19.138539,72.910189,20.4,2026-06-17T07:38:10+05:30,2026-06-17T07:38:13+05:30
P-0008514,V-03,5,19.13808,72.909838,13.0,2026-06-17T07:38:20+05:30,2026-06-17T07:38:26+05:30
P-0008515,V-03,5,19.137964,72.909877,18.3,2026-06-17T07:38:30+05:30,2026-06-17T07:38:33+05:30
P-0008516,V-03,5,19.137964,72.90921,20.3,2026-06-17T07:38:40+05:30,2026-06-17T07:38:42+05:30
P-0008517,V-03,5,19.137691,72.909046,18.8,2026-06-17T07:38:50+05:30,2026-06-17T07:38:55+05:30
P-0008518,V-03,5,19.137556,72.909023,16.9,2026-06-17T07:39:00+05:30,2026-06-17T07:39:06+05:30
P-0008519,V-03,5,19.137523,72.908757,16.6,2026-06-17T07:39:10+05:30,2026-06-17T07:39:15+05:30
P-0008520,V-03,5,19.137443,72.908396,22.8,2026-06-17T07:39:20+05:30,2026-06-17T07:39:26+05:30
P-0008521,V-03,5,19.137034,72.907891,12.9,2026-06-17T07:39:30+05:30,2026-06-17T07:39:34+05:30
P-0008522,V-03,5,19.137166,72.907867,15.7,2026-06-17T07:39:40+05:30,2026-06-17T07:39:41+05:30
P-0008523,V-03,5,19.136703,72.907491,20.3,2026-06-17T07:39:50+05:30,2026-06-17T07:39:55+05:30
P-0008524,V-03,5,19.136768,72.907332,20.1,2026-06-17T07:40:00+05:30,2026-06-17T07:40:03+05:30
P-0008525,V-03,5,19.136675,72.907049,21.9,2026-06-17T07:40:10+05:30,2026-06-17T07:40:14+05:30
P-0008526,V-03,5,19.136356,72.906849,18.5,2026-06-17T07:40:20+05:30,2026-06-17T07:40:26+05:30
P-0008527,V-03,5,19.136179,72.906552,20.8,2026-06-17T07:40:30+05:30,2026-06-17T07:40:34+05:30
P-0008528,V-03,5,19.136288,72.906242,22.1,2026-06-17T07:40:40+05:30,2026-06-17T07:40:46+05:30
P-0008529,V-03,5,19.136014,72.906021,24.1,2026-06-17T07:40:50+05:30,2026-06-17T07:40:54+05:30
P-0008530,V-03,5,19.135962,72.906063,22.4,2026-06-17T07:41:00+05:30,2026-06-17T07:41:02+05:30
P-0008531,V-03,5,19.135394,72.905728,14.4,2026-06-17T07:41:10+05:30,2026-06-17T07:41:12+05:30
P-0008532,V-03,5,19.135242,72.905362,22.9,2026-06-17T07:41:20+05:30,2026-06-17T07:41:23+05:30
P-0008533,V-03,5,19.135131,72.905166,19.8,2026-06-17T07:41:30+05:30,2026-06-17T07:41:32+05:30
P-0008534,V-03,5,19.135105,72.904688,18.8,2026-06-17T07:41:40+05:30,2026-06-17T07:41:41+05:30
P-0008535,V-03,5,19.134963,72.90457,17.0,2026-06-17T07:41:50+05:30,2026-06-17T07:41:54+05:30
P-0008536,V-03,5,19.134952,72.904123,22.8,2026-06-17T07:42:00+05:30,2026-06-17T07:42:01+05:30
P-0008537,V-03,5,19.134678,72.904046,24.3,2026-06-17T07:42:10+05:30,2026-06-17T07:42:13+05:30
P-0008538,V-03,5,19.134441,72.903822,21.7,2026-06-17T07:42:20+05:30,2026-06-17T07:42:24+05:30
P-0008539,V-03,5,19.134076,72.903649,21.6,2026-06-17T07:42:30+05:30,2026-06-17T07:42:34+05:30
P-0008540,V-03,5,19.133958,72.903544,23.4,2026-06-17T07:42:40+05:30,2026-06-17T07:42:45+05:30
P-0008541,V-03,5,19.134132,72.903099,15.0,2026-06-17T07:42:50+05:30,2026-06-17T07:42:53+05:30
P-0008542,V-03,5,19.133896,72.902739,14.9,2026-06-17T07:43:00+05:30,2026-06-17T07:43:06+05:30
P-0008543,V-03,5,19.133759,72.902453,15.8,2026-06-17T07:43:10+05:30,2026-06-17T07:43:11+05:30
P-0008544,V-03,5,19.133427,72.902396,24.5,2026-06-17T07:43:20+05:30,2026-06-17T07:43:25+05:30
P-0008545,V-03,5,19.13337,72.902137,16.1,2026-06-17T07:43:30+05:30,2026-06-17T07:43:34+05:30
P-0008546,V-03,5,19.133086,72.901812,18.4,2026-06-17T07:43:40+05:30,2026-06-17T07:43:44+05:30
P-0008547,V-03,5,19.132942,72.901441,15.2,2026-06-17T07:43:50+05:30,2026-06-17T07:43:51+05:30
P-0008548,V-03,5,19.132814,72.90151,17.0,2026-06-17T07:44:00+05:30,2026-06-17T07:44:03+05:30
P-0008549,V-03,5,19.132958,72.901252,17.0,2026-06-17T07:44:10+05:30,2026-06-17T07:44:16+05:30
P-0008550,V-03,5,19.132483,72.900816,22.0,2026-06-17T07:44:20+05:30,2026-06-17T07:44:21+05:30
P-0008551,V-03,5,19.132296,72.900437,16.1,2026-06-17T07:44:30+05:30,2026-06-17T07:44:31+05:30
P-0008552,V-03,5,19.132368,72.900405,17.9,2026-06-17T07:44:40+05:30,2026-06-17T07:44:42+05:30
P-0008553,V-03,5,19.131917,72.899921,25.2,2026-06-17T07:44:50+05:30,2026-06-17T07:44:54+05:30
P-0008554,V-03,5,19.132081,72.900068,17.6,2026-06-17T07:45:00+05:30,2026-06-17T07:45:05+05:30
P-0008555,V-03,5,19.131779,72.899449,15.7,2026-06-17T07:45:10+05:30,2026-06-17T07:45:15+05:30
P-0008556,V-03,5,19.131863,72.899113,23.0,2026-06-17T07:45:20+05:30,2026-06-17T07:45:25+05:30
P-0008557,V-03,5,19.131576,72.899196,16.7,2026-06-17T07:45:30+05:30,2026-06-17T07:45:32+05:30
P-0008558,V-03,5,19.131087,72.898632,14.4,2026-06-17T07:45:40+05:30,2026-06-17T07:45:44+05:30
P-0008559,V-03,5,19.131013,72.898788,23.6,2026-06-17T07:45:50+05:30,2026-06-17T07:45:56+05:30
P-0008560,V-03,5,19.130905,72.898377,16.5,2026-06-17T07:46:00+05:30,2026-06-17T07:46:02+05:30
P-0008561,V-03,5,19.130881,72.898206,20.2,2026-06-17T07:46:10+05:30,2026-06-17T07:46:12+05:30
P-0008562,V-03,5,19.130521,72.897833,19.3,2026-06-17T07:46:20+05:30,2026-06-17T07:46:21+05:30
P-0008563,V-03,5,19.130431,72.8976,16.3,2026-06-17T07:46:30+05:30,2026-06-17T07:46:36+05:30
P-0008564,V-03,5,19.130459,72.897514,22.8,2026-06-17T07:46:40+05:30,2026-06-17T07:46:44+05:30
P-0008565,V-03,5,19.130115,72.896911,17.5,2026-06-17T07:46:50+05:30,2026-06-17T07:46:55+05:30
P-0008566,V-03,5,19.130173,72.896797,26.6,2026-06-17T07:47:00+05:30,2026-06-17T07:47:03+05:30
P-0008567,V-03,5,19.12963,72.896505,25.5,2026-06-17T07:47:10+05:30,2026-06-17T07:47:15+05:30
P-0008568,V-03,5,19.1296,72.896199,18.2,2026-06-17T07:47:20+05:30,2026-06-17T07:47:24+05:30
P-0008569,V-03,5,19.129294,72.896411,22.2,2026-06-17T07:47:30+05:30,2026-06-17T07:47:31+05:30
P-0008570,V-03,5,19.129219,72.895897,15.4,2026-06-17T07:47:40+05:30,2026-06-17T07:47:43+05:30
P-0008571,V-03,5,19.129022,72.895538,19.2,2026-06-17T07:47:50+05:30,2026-06-17T07:47:52+05:30
P-0008572,V-03,5,19.128881,72.895725,26.5,2026-06-17T07:48:00+05:30,2026-06-17T07:48:03+05:30
P-0008573,V-03,5,19.128518,72.895475,16.5,2026-06-17T07:48:10+05:30,2026-06-17T07:48:11+05:30
P-0008574,V-03,5,19.128708,72.894859,16.5,2026-06-17T07:48:20+05:30,2026-06-17T07:48:21+05:30
P-0008575,V-03,5,19.128212,72.894653,16.0,2026-06-17T07:48:30+05:30,2026-06-17T07:48:32+05:30
P-0008576,V-03,5,19.1279,72.894732,15.9,2026-06-17T07:48:40+05:30,2026-06-17T07:48:41+05:30
P-0008577,V-03,5,19.127784,72.894261,19.5,2026-06-17T07:48:50+05:30,2026-06-17T07:48:54+05:30
P-0008578,V-03,5,19.127633,72.894103,19.5,2026-06-17T07:49:00+05:30,2026-06-17T07:49:06+05:30
P-0008579,V-03,5,19.127446,72.893873,22.3,2026-06-17T07:49:10+05:30,2026-06-17T07:49:12+05:30
P-0008580,V-03,5,19.127333,72.893462,20.2,2026-06-17T07:49:20+05:30,2026-06-17T07:49:23+05:30
P-0008581,V-03,5,19.127113,72.893329,27.2,2026-06-17T07:49:30+05:30,2026-06-17T07:49:31+05:30
P-0008582,V-03,5,19.126825,72.893178,20.3,2026-06-17T07:49:40+05:30,2026-06-17T07:49:43+05:30
P-0008583,V-03,5,19.126708,72.892728,24.1,2026-06-17T07:49:50+05:30,2026-06-17T07:49:53+05:30
P-0008584,V-03,5,19.126621,72.892916,16.9,2026-06-17T07:50:00+05:30,2026-06-17T07:50:04+05:30
P-0008585,V-03,5,19.12659,72.892685,17.9,2026-06-17T07:50:10+05:30,2026-06-17T07:50:15+05:30
P-0008586,V-03,5,19.126243,72.89202,28.2,2026-06-17T07:50:20+05:30,2026-06-17T07:50:26+05:30
P-0008587,V-03,5,19.125919,72.891964,23.2,2026-06-17T07:50:30+05:30,2026-06-17T07:50:31+05:30
P-0008588,V-03,5,19.125841,72.891926,21.2,2026-06-17T07:50:40+05:30,2026-06-17T07:50:45+05:30
P-0008589,V-03,5,19.125839,72.891412,24.9,2026-06-17T07:50:50+05:30,2026-06-17T07:50:55+05:30
P-0008590,V-03,5,19.12547,72.8913,27.5,2026-06-17T07:51:00+05:30,2026-06-17T07:51:06+05:30
P-0008591,V-03,5,19.125556,72.890859,16.8,2026-06-17T07:51:10+05:30,2026-06-17T07:51:14+05:30
P-0008592,V-03,5,19.125455,72.8908,26.2,2026-06-17T07:51:20+05:30,2026-06-17T07:51:21+05:30
P-0008593,V-03,5,19.125037,72.890509,18.4,2026-06-17T07:51:30+05:30,2026-06-17T07:51:31+05:30
P-0008594,V-03,5,19.124991,72.89056,20.5,2026-06-17T07:51:40+05:30,2026-06-17T07:51:45+05:30
P-0008595,V-03,5,19.124499,72.890083,28.9,2026-06-17T07:51:50+05:30,2026-06-17T07:51:54+05:30
P-0008596,V-03,5,19.124476,72.889716,20.3,2026-06-17T07:52:00+05:30,2026-06-17T07:52:02+05:30
P-0008597,V-03,5,19.124129,72.889561,28.8,2026-06-17T07:52:10+05:30,2026-06-17T07:52:13+05:30
P-0008598,V-03,5,19.124077,72.889268,24.9,2026-06-17T07:52:20+05:30,2026-06-17T07:52:25+05:30
P-0008599,V-03,5,19.124037,72.889366,18.3,2026-06-17T07:52:30+05:30,2026-06-17T07:52:35+05:30
P-0008600,V-03,5,19.124028,72.888698,25.4,2026-06-17T07:52:40+05:30,2026-06-17T07:52:41+05:30
P-0008601,V-03,5,19.123546,72.888764,24.3,2026-06-17T07:52:50+05:30,2026-06-17T07:52:54+05:30
P-0008602,V-03,5,19.123603,72.888309,23.2,2026-06-17T07:53:00+05:30,2026-06-17T07:53:04+05:30
P-0008603,V-03,5,19.123195,72.888328,25.2,2026-06-17T07:53:10+05:30,2026-06-17T07:53:11+05:30
P-0008604,V-03,5,19.123083,72.888149,19.5,2026-06-17T07:53:20+05:30,2026-06-17T07:53:21+05:30
P-0008605,V-03,5,19.123064,72.887664,28.0,2026-06-17T07:53:30+05:30,2026-06-17T07:53:36+05:30
P-0008606,V-03,5,19.122767,72.887642,18.7,2026-06-17T07:53:40+05:30,2026-06-17T07:53:43+05:30
P-0008607,V-03,5,19.12265,72.887442,19.5,2026-06-17T07:53:50+05:30,2026-06-17T07:53:55+05:30
P-0008608,V-03,5,19.122235,72.886797,26.8,2026-06-17T07:54:00+05:30,2026-06-17T07:54:03+05:30
P-0008609,V-03,5,19.122245,72.886875,19.3,2026-06-17T07:54:10+05:30,2026-06-17T07:54:12+05:30
P-0008610,V-03,5,19.122178,72.886619,27.9,2026-06-17T07:54:20+05:30,2026-06-17T07:54:26+05:30
P-0008611,V-03,5,19.121967,72.886239,25.7,2026-06-17T07:54:30+05:30,2026-06-17T07:54:35+05:30
P-0008612,V-03,5,19.121764,72.886117,20.6,2026-06-17T07:54:40+05:30,2026-06-17T07:54:46+05:30
P-0008613,V-03,5,19.121273,72.885866,22.9,2026-06-17T07:54:50+05:30,2026-06-17T07:54:55+05:30
P-0008614,V-03,5,19.121174,72.885667,20.0,2026-06-17T07:55:00+05:30,2026-06-17T07:55:03+05:30
P-0008615,V-03,5,19.121187,72.885251,29.9,2026-06-17T07:55:10+05:30,2026-06-17T07:55:13+05:30
P-0008616,V-03,5,19.121064,72.885294,29.4,2026-06-17T07:55:20+05:30,2026-06-17T07:55:26+05:30
P-0008617,V-03,5,19.120502,72.884781,27.7,2026-06-17T07:55:30+05:30,2026-06-17T07:55:35+05:30
P-0008618,V-03,5,19.120533,72.884659,19.6,2026-06-17T07:55:40+05:30,2026-06-17T07:55:43+05:30
P-0008619,V-03,5,19.120175,72.884255,26.7,2026-06-17T07:55:50+05:30,2026-06-17T07:55:52+05:30
P-0008620,V-03,5,19.120002,72.884428,27.2,2026-06-17T07:56:00+05:30,2026-06-17T07:56:02+05:30
P-0008621,V-03,5,19.119832,72.884107,30.5,2026-06-17T07:56:10+05:30,2026-06-17T07:56:11+05:30
P-0008622,V-03,5,19.119979,72.883718,29.4,2026-06-17T07:56:20+05:30,2026-06-17T07:56:21+05:30
P-0008623,V-03,5,19.119897,72.883673,29.7,2026-06-17T07:56:30+05:30,2026-06-17T07:56:34+05:30
P-0008624,V-03,5,19.119395,72.883027,20.3,2026-06-17T07:56:40+05:30,2026-06-17T07:56:45+05:30
P-0008625,V-03,5,19.119287,72.882922,23.5,2026-06-17T07:56:50+05:30,2026-06-17T07:56:54+05:30
P-0008626,V-03,5,19.118961,72.88261,21.8,2026-06-17T07:57:00+05:30,2026-06-17T07:57:03+05:30
P-0008627,V-03,5,19.119019,72.882691,32.3,2026-06-17T07:57:10+05:30,2026-06-17T07:57:16+05:30
P-0008628,V-03,5,19.118877,72.882344,21.9,2026-06-17T07:57:20+05:30,2026-06-17T07:57:26+05:30
P-0008629,V-03,5,19.118914,72.881767,31.4,2026-06-17T07:57:30+05:30,2026-06-17T07:57:34+05:30
P-0008630,V-03,5,19.118654,72.881575,28.0,2026-06-17T07:57:40+05:30,2026-06-17T07:57:43+05:30
P-0008631,V-03,5,19.118423,72.881163,30.1,2026-06-17T07:57:50+05:30,2026-06-17T07:57:56+05:30
P-0008632,V-03,5,19.118486,72.881242,31.1,2026-06-17T07:58:00+05:30,2026-06-17T07:58:01+05:30
P-0008633,V-03,5,19.11835,72.880717,21.6,2026-06-17T07:58:10+05:30,2026-06-17T07:58:13+05:30
P-0008634,V-03,5,19.118297,72.880771,21.8,2026-06-17T07:58:20+05:30,2026-06-17T07:58:21+05:30
P-0008635,V-03,5,19.118113,72.880139,27.0,2026-06-17T07:58:30+05:30,2026-06-17T07:58:32+05:30
P-0008636,V-03,5,19.117852,72.880174,33.1,2026-06-17T07:58:40+05:30,2026-06-17T07:58:44+05:30
P-0008637,V-03,5,19.118058,72.87997,22.7,2026-06-17T07:58:50+05:30,2026-06-17T07:58:53+05:30
P-0008638,V-03,5,19.117878,72.879665,30.2,2026-06-17T07:59:00+05:30,2026-06-17T07:59:03+05:30
P-0008639,V-03,5,19.117518,72.879475,31.1,2026-06-17T07:59:10+05:30,2026-06-17T07:59:13+05:30
P-0008640,V-03,5,19.11753,72.878809,31.2,2026-06-17T07:59:20+05:30,2026-06-17T07:59:21+05:30
P-0008641,V-03,5,19.117626,72.878921,22.5,2026-06-17T07:59:30+05:30,2026-06-17T07:59:34+05:30
P-0008642,V-03,5,19.117125,72.878364,29.9,2026-06-17T07:59:40+05:30,2026-06-17T07:59:43+05:30
P-0008643,V-03,5,19.117122,72.878191,32.0,2026-06-17T07:59:50+05:30,2026-06-17T07:59:51+05:30
P-0008644,V-03,5,19.11703,72.877811,28.0,2026-06-17T08:00:00+05:30,2026-06-17T08:00:04+05:30
P-0008645,V-03,5,19.11704,72.877737,29.3,2026-06-17T08:00:10+05:30,2026-06-17T08:00:16+05:30
P-0008646,V-03,5,19.116746,72.877238,30.9,2026-06-17T08:00:20+05:30,2026-06-17T08:00:22+05:30
P-0008647,V-03,5,19.116865,72.87708,29.7,2026-06-17T08:00:30+05:30,2026-06-17T08:00:31+05:30
P-0008648,V-03,5,19.116629,72.876563,34.0,2026-06-17T08:00:40+05:30,2026-06-17T08:00:41+05:30
P-0008649,V-03,5,19.116693,72.876335,24.3,2026-06-17T08:00:50+05:30,2026-06-17T08:00:53+05:30
P-0008650,V-03,5,19.116466,72.876347,25.6,2026-06-17T08:01:00+05:30,2026-06-17T08:01:03+05:30
P-0008651,V-03,5,19.116248,72.876148,34.6,2026-06-17T08:01:10+05:30,2026-06-17T08:01:14+05:30
P-0008652,V-03,5,19.116116,72.875522,29.1,2026-06-17T08:01:20+05:30,2026-06-17T08:01:23+05:30
P-0008653,V-03,5,19.116248,72.875194,24.4,2026-06-17T08:01:30+05:30,2026-06-17T08:01:36+05:30
P-0008654,V-03,5,19.115807,72.875031,30.6,2026-06-17T08:01:40+05:30,2026-06-17T08:01:45+05:30
P-0008655,V-03,5,19.115565,72.874752,31.8,2026-06-17T08:01:50+05:30,2026-06-17T08:01:51+05:30
P-0008656,V-03,5,19.115531,72.874426,23.8,2026-06-17T08:02:00+05:30,2026-06-17T08:02:03+05:30
P-0008657,V-03,5,19.115447,72.87425,27.6,2026-06-17T08:02:10+05:30,2026-06-17T08:02:11+05:30
P-0008658,V-03,5,19.115537,72.873951,33.2,2026-06-17T08:02:20+05:30,2026-06-17T08:02:26+05:30
P-0008659,V-03,5,19.115575,72.873981,31.0,2026-06-17T08:02:30+05:30,2026-06-17T08:02:31+05:30
P-0008660,V-03,5,19.115067,72.873483,28.7,2026-06-17T08:02:40+05:30,2026-06-17T08:02:41+05:30
P-0008661,V-03,5,19.114913,72.873177,28.6,2026-06-17T08:02:50+05:30,2026-06-17T08:02:55+05:30
P-0008662,V-03,5,19.115218,72.873017,27.0,2026-06-17T08:03:00+05:30,2026-06-17T08:03:05+05:30
P-0008663,V-03,5,19.114893,72.872738,28.4,2026-06-17T08:03:10+05:30,2026-06-17T08:03:14+05:30
P-0008664,V-03,5,19.114703,72.872411,25.5,2026-06-17T08:03:20+05:30,2026-06-17T08:03:24+05:30
P-0008665,V-03,5,19.114493,72.872082,25.2,2026-06-17T08:03:30+05:30,2026-06-17T08:03:33+05:30
P-0008666,V-03,5,19.114654,72.871824,30.2,2026-06-17T08:03:40+05:30,2026-06-17T08:03:44+05:30
P-0008667,V-03,5,19.114632,72.871552,33.4,2026-06-17T08:03:50+05:30,2026-06-17T08:03:55+05:30
P-0008668,V-03,5,19.11429,72.871178,31.0,2026-06-17T08:04:00+05:30,2026-06-17T08:04:06+05:30
P-0008669,V-03,5,19.114203,72.871052,26.7,2026-06-17T08:04:10+05:30,2026-06-17T08:04:15+05:30
P-0008670,V-03,5,19.114137,72.870977,33.4,2026-06-17T08:04:20+05:30,2026-06-17T08:04:25+05:30
P-0008671,V-03,5,19.113986,72.87052,35.9,2026-06-17T08:04:30+05:30,2026-06-17T08:04:34+05:30
P-0008672,V-03,5,19.113779,72.870445,31.9,2026-06-17T08:04:40+05:30,2026-06-17T08:04:42+05:30
P-0008673,V-03,5,19.113773,72.870129,37.5,2026-06-17T08:04:50+05:30,2026-06-17T08:04:54+05:30
P-0008674,V-03,5,19.113393,72.869881,30.4,2026-06-17T08:05:00+05:30,2026-06-17T08:05:03+05:30
P-0008675,V-09,6,19.076227,73.00097,33.3,2026-06-17T07:55:00+05:30,2026-06-17T07:55:02+05:30
P-0008676,V-09,6,19.075851,73.00008,26.7,2026-06-17T07:55:10+05:30,2026-06-17T07:55:15+05:30
P-0008677,V-09,6,19.075867,72.9999,28.7,2026-06-17T07:55:20+05:30,2026-06-17T07:55:23+05:30
P-0008678,V-09,6,19.075435,72.999474,27.6,2026-06-17T07:55:30+05:30,2026-06-17T07:55:34+05:30
P-0008679,V-09,6,19.075716,72.998859,29.3,2026-06-17T07:55:40+05:30,2026-06-17T07:55:44+05:30
P-0008680,V-09,6,19.075471,72.998381,33.2,2026-06-17T07:55:50+05:30,2026-06-17T07:55:53+05:30
P-0008681,V-09,6,19.075361,72.997732,29.7,2026-06-17T07:56:00+05:30,2026-06-17T07:56:01+05:30
P-0008682,V-09,6,19.074919,72.997407,27.0,2026-06-17T07:56:10+05:30,2026-06-17T07:56:15+05:30
P-0008683,V-09,6,19.074793,72.997087,24.5,2026-06-17T07:56:20+05:30,2026-06-17T07:56:24+05:30
P-0008684,V-09,6,19.074922,72.996239,26.4,2026-06-17T07:56:30+05:30,2026-06-17T07:56:33+05:30
P-0008685,V-09,6,19.07469,72.995882,25.0,2026-06-17T07:56:40+05:30,2026-06-17T07:56:46+05:30
P-0008686,V-09,6,19.074556,72.995689,24.7,2026-06-17T07:56:50+05:30,2026-06-17T07:56:51+05:30
P-0008687,V-09,6,19.074764,72.994835,30.5,2026-06-17T07:57:00+05:30,2026-06-17T07:57:01+05:30
P-0008688,V-09,6,19.074278,72.994286,34.9,2026-06-17T07:57:10+05:30,2026-06-17T07:57:15+05:30
P-0008689,V-09,6,19.074498,72.99401,34.8,2026-06-17T07:57:20+05:30,2026-06-17T07:57:25+05:30
P-0008690,V-09,6,19.07416,72.993484,31.1,2026-06-17T07:57:30+05:30,2026-06-17T07:57:33+05:30
P-0008691,V-09,6,19.074001,72.99282,27.6,2026-06-17T07:57:40+05:30,2026-06-17T07:57:41+05:30
P-0008692,V-09,6,19.073863,72.992432,24.4,2026-06-17T07:57:50+05:30,2026-06-17T07:57:56+05:30
P-0008693,V-09,6,19.073789,72.992271,28.9,2026-06-17T07:58:00+05:30,2026-06-17T07:58:03+05:30
P-0008694,V-09,6,19.073804,72.9918,26.9,2026-06-17T07:58:10+05:30,2026-06-17T07:58:11+05:30
P-0008695,V-09,6,19.073373,72.990864,32.8,2026-06-17T07:58:20+05:30,2026-06-17T07:58:25+05:30
P-0008696,V-09,6,19.073351,72.990643,34.6,2026-06-17T07:58:30+05:30,2026-06-17T07:58:32+05:30
P-0008697,V-09,6,19.073391,72.990265,24.5,2026-06-17T07:58:40+05:30,2026-06-17T07:58:42+05:30
P-0008698,V-09,6,19.073338,72.989875,31.9,2026-06-17T07:58:50+05:30,2026-06-17T07:58:55+05:30
P-0008699,V-09,6,19.073013,72.989242,27.1,2026-06-17T07:59:00+05:30,2026-06-17T07:59:02+05:30
P-0008700,V-09,6,19.073167,72.98862,29.5,2026-06-17T07:59:10+05:30,2026-06-17T07:59:16+05:30
P-0008701,V-09,6,19.072666,72.988081,29.9,2026-06-17T07:59:20+05:30,2026-06-17T07:59:21+05:30
P-0008702,V-09,6,19.072503,72.987776,33.2,2026-06-17T07:59:30+05:30,2026-06-17T07:59:36+05:30
P-0008703,V-09,6,19.072787,72.987249,30.8,2026-06-17T07:59:40+05:30,2026-06-17T07:59:43+05:30
P-0008704,V-09,6,19.072663,72.98677,27.6,2026-06-17T07:59:50+05:30,2026-06-17T07:59:55+05:30
P-0008705,V-09,6,19.072385,72.986365,26.9,2026-06-17T08:00:00+05:30,2026-06-17T08:00:06+05:30
P-0008706,V-09,6,19.072022,72.985656,31.7,2026-06-17T08:00:10+05:30,2026-06-17T08:00:11+05:30
P-0008707,V-09,6,19.071933,72.98518,34.4,2026-06-17T08:00:20+05:30,2026-06-17T08:00:26+05:30
P-0008708,V-09,6,19.072177,72.984879,31.5,2026-06-17T08:00:30+05:30,2026-06-17T08:00:35+05:30
P-0008709,V-09,6,19.071993,72.984482,25.2,2026-06-17T08:00:40+05:30,2026-06-17T08:00:42+05:30
P-0008710,V-09,6,19.071579,72.983677,32.2,2026-06-17T08:00:50+05:30,2026-06-17T08:00:52+05:30
P-0008711,V-09,6,19.071675,72.983496,30.3,2026-06-17T08:01:00+05:30,2026-06-17T08:01:03+05:30
P-0008712,V-09,6,19.071755,72.982797,31.4,2026-06-17T08:01:10+05:30,2026-06-17T08:01:15+05:30
P-0008713,V-09,6,19.07148,72.982148,30.2,2026-06-17T08:01:20+05:30,2026-06-17T08:01:21+05:30
P-0008714,V-09,6,19.07133,72.981866,30.6,2026-06-17T08:01:30+05:30,2026-06-17T08:01:33+05:30
P-0008715,V-09,6,19.070941,72.981296,32.9,2026-06-17T08:01:40+05:30,2026-06-17T08:01:46+05:30
P-0008716,V-09,6,19.071177,72.980666,29.9,2026-06-17T08:01:50+05:30,2026-06-17T08:01:54+05:30
P-0008717,V-09,6,19.07075,72.980639,34.7,2026-06-17T08:02:00+05:30,2026-06-17T08:02:05+05:30
P-0008718,V-09,6,19.070588,72.980056,35.8,2026-06-17T08:02:10+05:30,2026-06-17T08:02:14+05:30
P-0008719,V-09,6,19.07065,72.979558,29.9,2026-06-17T08:02:20+05:30,2026-06-17T08:02:23+05:30
P-0008720,V-09,6,19.070527,72.979038,29.2,2026-06-17T08:02:30+05:30,2026-06-17T08:02:36+05:30
P-0008721,V-09,6,19.070361,72.978285,27.2,2026-06-17T08:02:40+05:30,2026-06-17T08:02:43+05:30
P-0008722,V-09,6,19.070481,72.977912,32.9,2026-06-17T08:02:50+05:30,2026-06-17T08:02:52+05:30
P-0008723,V-09,6,19.070134,72.977419,25.6,2026-06-17T08:03:00+05:30,2026-06-17T08:03:02+05:30
P-0008724,V-09,6,19.069864,72.97718,30.8,2026-06-17T08:03:10+05:30,2026-06-17T08:03:15+05:30
P-0008725,V-09,6,19.069761,72.976793,25.3,2026-06-17T08:03:20+05:30,2026-06-17T08:03:23+05:30
P-0008726,V-09,6,19.069597,72.976234,32.8,2026-06-17T08:03:30+05:30,2026-06-17T08:03:33+05:30
P-0008727,V-09,6,19.069586,72.975842,31.6,2026-06-17T08:03:40+05:30,2026-06-17T08:03:42+05:30
P-0008728,V-09,6,19.069181,72.975217,29.4,2026-06-17T08:03:50+05:30,2026-06-17T08:03:52+05:30
P-0008729,V-09,6,19.069176,72.974446,30.7,2026-06-17T08:04:00+05:30,2026-06-17T08:04:06+05:30
P-0008730,V-09,6,19.068828,72.974261,33.2,2026-06-17T08:04:10+05:30,2026-06-17T08:04:15+05:30
P-0008731,V-09,6,19.06877,72.973837,34.8,2026-06-17T08:04:20+05:30,2026-06-17T08:04:25+05:30
P-0008732,V-09,6,19.068687,72.973242,31.6,2026-06-17T08:04:30+05:30,2026-06-17T08:04:34+05:30
P-0008733,V-09,6,19.068524,72.972937,32.8,2026-06-17T08:04:40+05:30,2026-06-17T08:04:43+05:30
P-0008734,V-09,6,19.068271,72.972056,35.9,2026-06-17T08:04:50+05:30,2026-06-17T08:04:51+05:30
P-0008735,V-09,6,19.068179,72.971566,32.2,2026-06-17T08:05:00+05:30,2026-06-17T08:05:02+05:30
P-0008736,V-09,6,19.068318,72.971399,24.9,2026-06-17T08:05:10+05:30,2026-06-17T08:05:16+05:30
P-0008737,V-09,6,19.067788,72.970675,26.1,2026-06-17T08:05:20+05:30,2026-06-17T08:05:25+05:30
P-0008738,V-09,6,19.067956,72.9706,34.1,2026-06-17T08:05:30+05:30,2026-06-17T08:05:35+05:30
P-0008739,V-09,6,19.067708,72.97001,30.9,2026-06-17T08:05:40+05:30,2026-06-17T08:05:46+05:30
P-0008740,V-09,6,19.067388,72.969607,30.4,2026-06-17T08:05:50+05:30,2026-06-17T08:05:55+05:30
P-0008741,V-09,6,19.067533,72.968747,27.7,2026-06-17T08:06:00+05:30,2026-06-17T08:06:06+05:30
P-0008742,V-09,6,19.067286,72.968437,34.7,2026-06-17T08:06:10+05:30,2026-06-17T08:06:12+05:30
P-0008743,V-09,6,19.066799,72.967867,25.2,2026-06-17T08:06:20+05:30,2026-06-17T08:06:24+05:30
P-0008744,V-09,6,19.066639,72.96779,30.4,2026-06-17T08:06:30+05:30,2026-06-17T08:06:34+05:30
P-0008745,V-09,6,19.066505,72.96724,25.4,2026-06-17T08:06:40+05:30,2026-06-17T08:06:46+05:30
P-0008746,V-09,6,19.066526,72.966671,30.9,2026-06-17T08:06:50+05:30,2026-06-17T08:06:54+05:30
P-0008747,V-09,6,19.066523,72.965993,34.1,2026-06-17T08:07:00+05:30,2026-06-17T08:07:04+05:30
P-0008748,V-09,6,19.066035,72.965446,24.5,2026-06-17T08:07:10+05:30,2026-06-17T08:07:11+05:30
P-0008749,V-09,6,19.0658,72.964972,29.7,2026-06-17T08:07:20+05:30,2026-06-17T08:07:26+05:30
P-0008750,V-09,6,19.065969,72.964743,35.0,2026-06-17T08:07:30+05:30,2026-06-17T08:07:32+05:30
P-0008751,V-09,6,19.065777,72.964256,33.9,2026-06-17T08:07:40+05:30,2026-06-17T08:07:41+05:30
P-0008752,V-09,6,19.065498,72.963863,25.4,2026-06-17T08:07:50+05:30,2026-06-17T08:07:56+05:30
P-0008753,V-09,6,19.065212,72.963351,34.3,2026-06-17T08:08:00+05:30,2026-06-17T08:08:04+05:30
P-0008754,V-09,6,19.065066,72.963003,32.8,2026-06-17T08:08:10+05:30,2026-06-17T08:08:15+05:30
P-0008755,V-09,6,19.065286,72.962338,33.8,2026-06-17T08:08:20+05:30,2026-06-17T08:08:26+05:30
P-0008756,V-09,6,19.064824,72.961885,28.3,2026-06-17T08:08:30+05:30,2026-06-17T08:08:32+05:30
P-0008757,V-09,6,19.064845,72.961455,32.8,2026-06-17T08:08:40+05:30,2026-06-17T08:08:46+05:30
P-0008758,V-09,6,19.064425,72.960907,28.3,2026-06-17T08:08:50+05:30,2026-06-17T08:08:53+05:30
P-0008759,V-09,6,19.064361,72.960462,25.7,2026-06-17T08:09:00+05:30,2026-06-17T08:09:05+05:30
P-0008760,V-09,6,19.064307,72.960115,24.5,2026-06-17T08:09:10+05:30,2026-06-17T08:09:16+05:30
P-0008761,V-09,6,19.064118,72.959536,27.8,2026-06-17T08:09:20+05:30,2026-06-17T08:09:21+05:30
P-0008762,V-09,6,19.063741,72.959074,34.1,2026-06-17T08:09:30+05:30,2026-06-17T08:09:31+05:30
P-0008763,V-09,6,19.063694,72.958474,31.5,2026-06-17T08:09:40+05:30,2026-06-17T08:09:44+05:30
P-0008764,V-09,6,19.063724,72.958151,30.4,2026-06-17T08:09:50+05:30,2026-06-17T08:09:54+05:30
P-0008765,V-09,6,19.063212,72.957791,30.0,2026-06-17T08:10:00+05:30,2026-06-17T08:10:02+05:30
P-0008766,V-09,6,19.06317,72.957098,26.8,2026-06-17T08:10:10+05:30,2026-06-17T08:10:15+05:30
P-0008767,V-09,6,19.06302,72.956579,31.8,2026-06-17T08:10:20+05:30,2026-06-17T08:10:23+05:30
P-0008768,V-09,6,19.063063,72.956333,26.0,2026-06-17T08:10:30+05:30,2026-06-17T08:10:34+05:30
P-0008769,V-09,6,19.062898,72.955913,26.0,2026-06-17T08:10:40+05:30,2026-06-17T08:10:46+05:30
P-0008770,V-09,6,19.062471,72.955273,27.9,2026-06-17T08:10:50+05:30,2026-06-17T08:10:54+05:30
P-0008771,V-09,6,19.062678,72.954586,34.6,2026-06-17T08:11:00+05:30,2026-06-17T08:11:03+05:30
P-0008772,V-09,6,19.062391,72.954429,28.6,2026-06-17T08:11:10+05:30,2026-06-17T08:11:16+05:30
P-0008773,V-09,6,19.062376,72.953929,34.1,2026-06-17T08:11:20+05:30,2026-06-17T08:11:21+05:30
P-0008774,V-09,6,19.061839,72.953434,29.9,2026-06-17T08:11:30+05:30,2026-06-17T08:11:33+05:30
P-0008775,V-09,6,19.061796,72.952663,34.0,2026-06-17T08:11:40+05:30,2026-06-17T08:11:44+05:30
P-0008776,V-09,6,19.061461,72.952217,34.9,2026-06-17T08:11:50+05:30,2026-06-17T08:11:55+05:30
P-0008777,V-09,6,19.06141,72.951921,27.3,2026-06-17T08:12:00+05:30,2026-06-17T08:12:05+05:30
P-0008778,V-09,6,19.061532,72.95143,26.2,2026-06-17T08:12:10+05:30,2026-06-17T08:12:11+05:30
P-0008779,V-09,6,19.061359,72.950717,26.9,2026-06-17T08:12:20+05:30,2026-06-17T08:12:23+05:30
P-0008780,V-09,6,19.061272,72.950528,25.3,2026-06-17T08:12:30+05:30,2026-06-17T08:12:34+05:30
P-0008781,V-09,6,19.060841,72.950171,28.7,2026-06-17T08:12:40+05:30,2026-06-17T08:12:46+05:30
P-0008782,V-09,6,19.060802,72.949391,33.8,2026-06-17T08:12:50+05:30,2026-06-17T08:12:51+05:30
P-0008783,V-09,6,19.060431,72.949228,33.3,2026-06-17T08:13:00+05:30,2026-06-17T08:13:05+05:30
P-0008784,V-09,6,19.060477,72.948496,30.0,2026-06-17T08:13:10+05:30,2026-06-17T08:13:16+05:30
P-0008785,V-09,6,19.060073,72.948258,35.4,2026-06-17T08:13:20+05:30,2026-06-17T08:13:21+05:30
P-0008786,V-09,6,19.060036,72.94777,32.1,2026-06-17T08:13:30+05:30,2026-06-17T08:13:33+05:30
P-0008787,V-09,6,19.059834,72.947097,35.9,2026-06-17T08:13:40+05:30,2026-06-17T08:13:46+05:30
P-0008788,V-09,6,19.059769,72.946644,35.8,2026-06-17T08:13:50+05:30,2026-06-17T08:13:53+05:30
P-0008789,V-09,6,19.059659,72.946181,27.8,2026-06-17T08:14:00+05:30,2026-06-17T08:14:04+05:30
P-0008790,V-09,6,19.059632,72.945545,25.0,2026-06-17T08:14:10+05:30,2026-06-17T08:14:14+05:30
P-0008791,V-09,6,19.05925,72.945474,34.1,2026-06-17T08:14:20+05:30,2026-06-17T08:14:25+05:30
P-0008792,V-09,6,19.059339,72.944705,36.0,2026-06-17T08:14:30+05:30,2026-06-17T08:14:31+05:30
P-0008793,V-09,6,19.059145,72.944161,26.5,2026-06-17T08:14:40+05:30,2026-06-17T08:14:42+05:30
P-0008794,V-09,6,19.058833,72.943727,29.1,2026-06-17T08:14:50+05:30,2026-06-17T08:14:51+05:30
P-0008795,V-09,6,19.05908,72.943381,30.0,2026-06-17T08:15:00+05:30,2026-06-17T08:15:06+05:30
P-0008796,V-09,6,19.058512,72.943038,31.5,2026-06-17T08:15:10+05:30,2026-06-17T08:15:14+05:30
P-0008797,V-09,6,19.058434,72.942104,35.8,2026-06-17T08:15:20+05:30,2026-06-17T08:15:21+05:30
P-0008798,V-09,6,19.058495,72.941648,30.2,2026-06-17T08:15:30+05:30,2026-06-17T08:15:36+05:30
P-0008799,V-09,6,19.058169,72.941196,31.8,2026-06-17T08:15:40+05:30,2026-06-17T08:15:44+05:30
P-0008800,V-09,6,19.058186,72.940694,32.0,2026-06-17T08:15:50+05:30,2026-06-17T08:15:54+05:30
P-0008801,V-09,6,19.058042,72.940283,25.1,2026-06-17T08:16:00+05:30,2026-06-17T08:16:04+05:30
P-0008802,V-09,6,19.057904,72.939819,30.6,2026-06-17T08:16:10+05:30,2026-06-17T08:16:13+05:30
P-0008803,V-09,6,19.057615,72.9395,27.5,2026-06-17T08:16:20+05:30,2026-06-17T08:16:23+05:30
P-0008804,V-09,6,19.05759,72.938752,28.5,2026-06-17T08:16:30+05:30,2026-06-17T08:16:34+05:30
P-0008805,V-09,6,19.057816,72.938675,33.0,2026-06-17T08:16:40+05:30,2026-06-17T08:16:42+05:30
P-0008806,V-09,6,19.057355,72.938178,26.8,2026-06-17T08:16:50+05:30,2026-06-17T08:16:55+05:30
P-0008807,V-09,6,19.057289,72.937453,31.1,2026-06-17T08:17:00+05:30,2026-06-17T08:17:06+05:30
P-0008808,V-09,6,19.057402,72.937067,30.0,2026-06-17T08:17:10+05:30,2026-06-17T08:17:11+05:30
P-0008809,V-09,6,19.057075,72.936477,35.1,2026-06-17T08:17:20+05:30,2026-06-17T08:17:22+05:30
P-0008810,V-09,6,19.057062,72.93591,31.3,2026-06-17T08:17:30+05:30,2026-06-17T08:17:35+05:30
P-0008811,V-09,6,19.056818,72.935497,32.6,2026-06-17T08:17:40+05:30,2026-06-17T08:17:43+05:30
P-0008812,V-09,6,19.056753,72.935007,26.2,2026-06-17T08:17:50+05:30,2026-06-17T08:17:53+05:30
P-0008813,V-09,6,19.056502,72.934717,30.0,2026-06-17T08:18:00+05:30,2026-06-17T08:18:04+05:30
P-0008814,V-09,6,19.056477,72.934354,31.1,2026-06-17T08:18:10+05:30,2026-06-17T08:18:14+05:30
P-0008815,V-09,6,19.056194,72.93365,32.6,2026-06-17T08:18:20+05:30,2026-06-17T08:18:24+05:30
P-0008816,V-09,6,19.056181,72.9332,34.9,2026-06-17T08:18:30+05:30,2026-06-17T08:18:31+05:30
P-0008817,V-09,6,19.055801,72.932888,26.9,2026-06-17T08:18:40+05:30,2026-06-17T08:18:41+05:30
P-0008818,V-09,6,19.055975,72.932357,34.9,2026-06-17T08:18:50+05:30,2026-06-17T08:18:51+05:30
P-0008819,V-09,6,19.055909,72.931738,30.5,2026-06-17T08:19:00+05:30,2026-06-17T08:19:02+05:30
P-0008820,V-09,6,19.055892,72.930971,29.1,2026-06-17T08:19:10+05:30,2026-06-17T08:19:11+05:30
P-0008821,V-09,6,19.055667,72.930584,32.9,2026-06-17T08:19:20+05:30,2026-06-17T08:19:24+05:30
P-0008822,V-09,6,19.055404,72.93048,29.6,2026-06-17T08:19:30+05:30,2026-06-17T08:19:36+05:30
P-0008823,V-09,6,19.055269,72.929523,29.8,2026-06-17T08:19:40+05:30,2026-06-17T08:19:42+05:30
P-0008824,V-09,6,19.055097,72.929166,29.3,2026-06-17T08:19:50+05:30,2026-06-17T08:19:51+05:30
P-0008825,V-09,6,19.05482,72.928553,30.7,2026-06-17T08:20:00+05:30,2026-06-17T08:20:01+05:30
P-0008826,V-09,6,19.054902,72.928066,31.5,2026-06-17T08:20:10+05:30,2026-06-17T08:20:16+05:30
P-0008827,V-09,6,19.054638,72.927966,27.0,2026-06-17T08:20:20+05:30,2026-06-17T08:20:21+05:30
P-0008828,V-09,6,19.05479,72.927436,31.0,2026-06-17T08:20:30+05:30,2026-06-17T08:20:36+05:30
P-0008829,V-09,6,19.054382,72.926752,25.0,2026-06-17T08:20:40+05:30,2026-06-17T08:20:41+05:30
P-0008830,V-09,6,19.054315,72.926426,32.6,2026-06-17T08:20:50+05:30,2026-06-17T08:20:53+05:30
P-0008831,V-09,6,19.054184,72.92579,29.2,2026-06-17T08:21:00+05:30,2026-06-17T08:21:02+05:30
P-0008832,V-08,6,19.085903,72.908812,3.1,2026-06-17T07:00:00+05:30,2026-06-17T07:00:03+05:30
P-0008833,V-08,6,19.085792,72.908964,1.5,2026-06-17T07:00:10+05:30,2026-06-17T07:00:14+05:30
P-0008834,V-08,6,19.086052,72.908638,3.2,2026-06-17T07:00:20+05:30,2026-06-17T07:00:26+05:30
P-0008835,V-08,6,19.085973,72.909021,1.2,2026-06-17T07:00:30+05:30,2026-06-17T07:00:32+05:30
P-0008836,V-08,6,19.085936,72.908932,0.0,2026-06-17T07:00:40+05:30,2026-06-17T07:00:44+05:30
P-0008837,V-08,6,19.086359,72.908597,0.9,2026-06-17T07:00:50+05:30,2026-06-17T07:00:56+05:30
P-0008838,V-08,6,19.0863,72.909264,0.4,2026-06-17T07:01:00+05:30,2026-06-17T07:01:03+05:30
P-0008839,V-08,6,19.085923,72.909247,1.0,2026-06-17T07:01:10+05:30,2026-06-17T07:01:16+05:30
P-0008840,V-08,6,19.085724,72.909219,2.4,2026-06-17T07:01:20+05:30,2026-06-17T07:01:24+05:30
P-0008841,V-08,6,19.086142,72.908522,0.5,2026-06-17T07:01:30+05:30,2026-06-17T07:01:35+05:30
P-0008842,V-08,6,19.086276,72.908732,0.3,2026-06-17T07:01:40+05:30,2026-06-17T07:01:44+05:30
P-0008843,V-08,6,19.08583,72.90905,3.9,2026-06-17T07:01:50+05:30,2026-06-17T07:01:56+05:30
P-0008844,V-08,6,19.08562,72.909264,3.9,2026-06-17T07:02:00+05:30,2026-06-17T07:02:01+05:30
P-0008845,V-08,6,19.085796,72.909177,3.0,2026-06-17T07:02:10+05:30,2026-06-17T07:02:12+05:30
P-0008846,V-08,6,19.08616,72.90917,2.9,2026-06-17T07:02:20+05:30,2026-06-17T07:02:25+05:30
P-0008847,V-08,6,19.08588,72.909272,2.6,2026-06-17T07:02:30+05:30,2026-06-17T07:02:34+05:30
P-0008848,V-08,6,19.086059,72.908611,1.5,2026-06-17T07:02:40+05:30,2026-06-17T07:02:45+05:30
P-0008849,V-08,6,19.085824,72.908635,3.9,2026-06-17T07:02:50+05:30,2026-06-17T07:02:52+05:30
P-0008850,V-08,6,19.085686,72.908973,3.6,2026-06-17T07:03:00+05:30,2026-06-17T07:03:01+05:30
P-0008851,V-08,6,19.086315,72.908917,3.6,2026-06-17T07:03:10+05:30,2026-06-17T07:03:16+05:30
P-0008852,V-08,6,19.086066,72.90908,0.5,2026-06-17T07:03:20+05:30,2026-06-17T07:03:24+05:30
P-0008853,V-08,6,19.08637,72.90872,0.6,2026-06-17T07:03:30+05:30,2026-06-17T07:03:36+05:30
P-0008854,V-08,6,19.085879,72.908724,2.4,2026-06-17T07:03:40+05:30,2026-06-17T07:03:43+05:30
P-0008855,V-08,6,19.085638,72.909247,0.5,2026-06-17T07:03:50+05:30,2026-06-17T07:03:55+05:30
P-0008856,V-08,6,19.086076,72.908611,1.6,2026-06-17T07:04:00+05:30,2026-06-17T07:04:04+05:30
P-0008857,V-08,6,19.086275,72.908792,3.2,2026-06-17T07:04:10+05:30,2026-06-17T07:04:15+05:30
P-0008858,V-08,6,19.085878,72.908674,1.4,2026-06-17T07:04:20+05:30,2026-06-17T07:04:26+05:30
P-0008859,V-08,6,19.086381,72.908579,0.7,2026-06-17T07:04:30+05:30,2026-06-17T07:04:32+05:30
P-0008860,V-08,6,19.085849,72.909029,1.7,2026-06-17T07:04:40+05:30,2026-06-17T07:04:43+05:30
P-0008861,V-08,6,19.086114,72.909182,1.1,2026-06-17T07:04:50+05:30,2026-06-17T07:04:53+05:30
P-0008862,V-08,6,19.086396,72.909282,0.3,2026-06-17T07:05:00+05:30,2026-06-17T07:05:04+05:30
P-0008863,V-08,6,19.08596,72.908889,2.3,2026-06-17T07:05:10+05:30,2026-06-17T07:05:16+05:30
P-0008864,V-08,6,19.086227,72.908594,3.1,2026-06-17T07:05:20+05:30,2026-06-17T07:05:25+05:30
P-0008865,V-08,6,19.086113,72.908905,0.3,2026-06-17T07:05:30+05:30,2026-06-17T07:05:36+05:30
P-0008866,V-08,6,19.085954,72.908656,1.6,2026-06-17T07:05:40+05:30,2026-06-17T07:05:46+05:30
P-0008867,V-08,6,19.0857,72.908824,2.4,2026-06-17T07:05:50+05:30,2026-06-17T07:05:56+05:30
P-0008868,V-08,6,19.086252,72.9092,1.1,2026-06-17T07:06:00+05:30,2026-06-17T07:06:06+05:30
P-0008869,V-08,6,19.085965,72.908665,2.7,2026-06-17T07:06:10+05:30,2026-06-17T07:06:14+05:30
P-0008870,V-08,6,19.085818,72.909046,0.7,2026-06-17T07:06:20+05:30,2026-06-17T07:06:21+05:30
P-0008871,V-08,6,19.085735,72.908592,2.5,2026-06-17T07:06:30+05:30,2026-06-17T07:06:31+05:30
P-0008872,V-08,6,19.085843,72.908548,1.9,2026-06-17T07:06:40+05:30,2026-06-17T07:06:43+05:30
P-0008873,V-08,6,19.085645,72.909242,3.2,2026-06-17T07:06:50+05:30,2026-06-17T07:06:52+05:30
P-0008874,V-08,6,19.086057,72.908943,0.9,2026-06-17T07:07:00+05:30,2026-06-17T07:07:01+05:30
P-0008875,V-08,6,19.085632,72.909282,2.6,2026-06-17T07:07:10+05:30,2026-06-17T07:07:16+05:30
P-0008876,V-08,6,19.086148,72.909003,0.6,2026-06-17T07:07:20+05:30,2026-06-17T07:07:26+05:30
P-0008877,V-08,6,19.085841,72.908694,3.2,2026-06-17T07:07:30+05:30,2026-06-17T07:07:32+05:30
P-0008878,V-08,6,19.086227,72.908606,3.0,2026-06-17T07:07:40+05:30,2026-06-17T07:07:44+05:30
P-0008879,V-08,6,19.085774,72.909129,1.9,2026-06-17T07:07:50+05:30,2026-06-17T07:07:54+05:30
P-0008880,V-08,6,19.086075,72.908669,0.5,2026-06-17T07:08:00+05:30,2026-06-17T07:08:02+05:30
P-0008881,V-08,6,19.086279,72.908739,1.6,2026-06-17T07:08:10+05:30,2026-06-17T07:08:12+05:30
P-0008882,V-08,6,19.085903,72.908815,1.9,2026-06-17T07:08:20+05:30,2026-06-17T07:08:23+05:30
P-0008883,V-08,6,19.086149,72.908512,3.4,2026-06-17T07:08:30+05:30,2026-06-17T07:08:31+05:30
P-0008884,V-08,6,19.085646,72.908853,1.4,2026-06-17T07:08:40+05:30,2026-06-17T07:08:46+05:30
P-0008885,V-08,6,19.085821,72.909282,1.2,2026-06-17T07:08:50+05:30,2026-06-17T07:08:53+05:30
P-0008886,V-08,6,19.086213,72.908759,3.4,2026-06-17T07:09:00+05:30,2026-06-17T07:09:03+05:30
P-0008887,V-08,6,19.085684,72.908971,3.8,2026-06-17T07:09:10+05:30,2026-06-17T07:09:16+05:30
P-0008888,V-08,6,19.085639,72.908781,0.6,2026-06-17T07:09:20+05:30,2026-06-17T07:09:21+05:30
P-0008889,V-08,6,19.086254,72.909165,1.7,2026-06-17T07:09:30+05:30,2026-06-17T07:09:33+05:30
P-0008890,V-08,6,19.08586,72.908628,3.6,2026-06-17T07:09:40+05:30,2026-06-17T07:09:43+05:30
P-0008891,V-08,6,19.086225,72.908895,2.7,2026-06-17T07:09:50+05:30,2026-06-17T07:09:53+05:30
P-0008892,V-08,6,19.085949,72.909136,0.3,2026-06-17T07:10:00+05:30,2026-06-17T07:10:06+05:30
P-0008893,V-08,6,19.086393,72.90852,2.5,2026-06-17T07:10:10+05:30,2026-06-17T07:10:16+05:30
P-0008894,V-08,6,19.08617,72.909047,2.0,2026-06-17T07:10:20+05:30,2026-06-17T07:10:22+05:30
P-0008895,V-08,6,19.085853,72.908767,1.7,2026-06-17T07:10:30+05:30,2026-06-17T07:10:33+05:30
P-0008896,V-08,6,19.085669,72.909014,3.8,2026-06-17T07:10:40+05:30,2026-06-17T07:10:46+05:30
P-0008897,V-08,6,19.086173,72.908573,0.3,2026-06-17T07:10:50+05:30,2026-06-17T07:10:52+05:30
P-0008898,V-08,6,19.086031,72.908749,3.6,2026-06-17T07:11:00+05:30,2026-06-17T07:11:03+05:30
P-0008899,V-08,6,19.08564,72.909009,1.7,2026-06-17T07:11:10+05:30,2026-06-17T07:11:15+05:30
P-0008900,V-08,6,19.085739,72.90863,2.0,2026-06-17T07:11:20+05:30,2026-06-17T07:11:25+05:30
P-0008901,V-08,6,19.08625,72.908935,1.1,2026-06-17T07:11:30+05:30,2026-06-17T07:11:34+05:30
P-0008902,V-08,6,19.08569,72.909231,1.6,2026-06-17T07:11:40+05:30,2026-06-17T07:11:43+05:30
P-0008903,V-08,6,19.086359,72.909236,1.5,2026-06-17T07:11:50+05:30,2026-06-17T07:11:53+05:30
P-0008904,V-08,6,19.085638,72.908521,0.8,2026-06-17T07:12:00+05:30,2026-06-17T07:12:04+05:30
P-0008905,V-08,6,19.086342,72.908717,1.8,2026-06-17T07:12:10+05:30,2026-06-17T07:12:14+05:30
P-0008906,V-08,6,19.086144,72.908572,3.2,2026-06-17T07:12:20+05:30,2026-06-17T07:12:22+05:30
P-0008907,V-08,6,19.085963,72.908648,3.4,2026-06-17T07:12:30+05:30,2026-06-17T07:12:32+05:30
P-0008908,V-08,6,19.086337,72.90904,2.8,2026-06-17T07:12:40+05:30,2026-06-17T07:12:44+05:30
P-0008909,V-08,6,19.086054,72.908795,1.1,2026-06-17T07:12:50+05:30,2026-06-17T07:12:56+05:30
P-0008910,V-08,6,19.08618,72.909213,1.7,2026-06-17T07:13:00+05:30,2026-06-17T07:13:01+05:30
P-0008911,V-08,6,19.086023,72.908808,2.2,2026-06-17T07:13:10+05:30,2026-06-17T07:13:11+05:30
P-0008912,V-08,6,19.08609,72.908522,2.9,2026-06-17T07:13:20+05:30,2026-06-17T07:13:23+05:30
P-0008913,V-08,6,19.085701,72.908721,0.7,2026-06-17T07:13:30+05:30,2026-06-17T07:13:36+05:30
P-0008914,V-08,6,19.085981,72.908635,2.3,2026-06-17T07:13:40+05:30,2026-06-17T07:13:44+05:30
P-0008915,V-08,6,19.08616,72.909048,2.0,2026-06-17T07:13:50+05:30,2026-06-17T07:13:55+05:30
P-0008916,V-08,6,19.085805,72.908835,3.6,2026-06-17T07:14:00+05:30,2026-06-17T07:14:06+05:30
P-0008917,V-08,6,19.086298,72.909193,2.0,2026-06-17T07:14:10+05:30,2026-06-17T07:14:11+05:30
P-0008918,V-08,6,19.086188,72.908882,2.1,2026-06-17T07:14:20+05:30,2026-06-17T07:14:26+05:30
P-0008919,V-08,6,19.085961,72.908852,2.7,2026-06-17T07:14:30+05:30,2026-06-17T07:14:36+05:30
P-0008920,V-08,6,19.086113,72.908545,2.6,2026-06-17T07:14:40+05:30,2026-06-17T07:14:42+05:30
P-0008921,V-08,6,19.085654,72.908832,0.7,2026-06-17T07:14:50+05:30,2026-06-17T07:14:54+05:30
P-0008922,V-08,6,19.086389,72.908708,1.6,2026-06-17T07:15:00+05:30,2026-06-17T07:15:04+05:30
P-0008923,V-08,6,19.085865,72.908936,1.8,2026-06-17T07:15:10+05:30,2026-06-17T07:15:12+05:30
P-0008924,V-08,6,19.086137,72.908794,2.4,2026-06-17T07:15:20+05:30,2026-06-17T07:15:24+05:30
P-0008925,V-08,6,19.085889,72.908573,0.2,2026-06-17T07:15:30+05:30,2026-06-17T07:15:31+05:30
P-0008926,V-08,6,19.085659,72.90859,2.1,2026-06-17T07:15:40+05:30,2026-06-17T07:15:41+05:30
P-0008927,V-08,6,19.086098,72.9091,0.9,2026-06-17T07:15:50+05:30,2026-06-17T07:15:54+05:30
P-0008928,V-08,6,19.086353,72.908769,0.4,2026-06-17T07:16:00+05:30,2026-06-17T07:16:02+05:30
P-0008929,V-08,6,19.085922,72.908621,3.3,2026-06-17T07:16:10+05:30,2026-06-17T07:16:13+05:30
P-0008930,V-08,6,19.086232,72.909128,3.7,2026-06-17T07:16:20+05:30,2026-06-17T07:16:24+05:30
P-0008931,V-08,6,19.085817,72.909067,2.0,2026-06-17T07:16:30+05:30,2026-06-17T07:16:36+05:30
P-0008932,V-08,6,19.086208,72.908655,0.7,2026-06-17T07:16:40+05:30,2026-06-17T07:16:44+05:30
P-0008933,V-08,6,19.085804,72.908915,3.7,2026-06-17T07:16:50+05:30,2026-06-17T07:16:53+05:30
P-0008934,V-08,6,19.085766,72.90861,2.3,2026-06-17T07:17:00+05:30,2026-06-17T07:17:05+05:30
P-0008935,V-08,6,19.085676,72.908528,1.4,2026-06-17T07:17:10+05:30,2026-06-17T07:17:13+05:30
P-0008936,V-08,6,19.085815,72.909166,3.0,2026-06-17T07:17:20+05:30,2026-06-17T07:17:25+05:30
P-0008937,V-08,6,19.08592,72.908874,3.5,2026-06-17T07:17:30+05:30,2026-06-17T07:17:36+05:30
P-0008938,V-08,6,19.08573,72.908772,1.7,2026-06-17T07:17:40+05:30,2026-06-17T07:17:43+05:30
P-0008939,V-08,6,19.085942,72.909295,3.8,2026-06-17T07:17:50+05:30,2026-06-17T07:17:55+05:30
P-0008940,V-08,6,19.085831,72.909047,0.8,2026-06-17T07:18:00+05:30,2026-06-17T07:18:06+05:30
P-0008941,V-08,6,19.085966,72.908888,1.5,2026-06-17T07:18:10+05:30,2026-06-17T07:18:15+05:30
P-0008942,V-08,6,19.085637,72.908565,2.4,2026-06-17T07:18:20+05:30,2026-06-17T07:18:26+05:30
P-0008943,V-08,6,19.085763,72.909025,0.7,2026-06-17T07:18:30+05:30,2026-06-17T07:18:31+05:30
P-0008944,V-08,6,19.085725,72.909149,2.2,2026-06-17T07:18:40+05:30,2026-06-17T07:18:44+05:30
P-0008945,V-08,6,19.085676,72.908634,3.1,2026-06-17T07:18:50+05:30,2026-06-17T07:18:53+05:30
P-0008946,V-08,6,19.085735,72.909077,2.9,2026-06-17T07:19:00+05:30,2026-06-17T07:19:05+05:30
P-0008947,V-08,6,19.085781,72.909232,3.5,2026-06-17T07:19:10+05:30,2026-06-17T07:19:12+05:30
P-0008948,V-08,6,19.08585,72.909107,3.9,2026-06-17T07:19:20+05:30,2026-06-17T07:19:23+05:30
P-0008949,V-08,6,19.08637,72.908814,0.2,2026-06-17T07:19:30+05:30,2026-06-17T07:19:35+05:30
P-0008950,V-08,6,19.085735,72.90894,1.3,2026-06-17T07:19:40+05:30,2026-06-17T07:19:45+05:30
P-0008951,V-08,6,19.086154,72.908618,3.7,2026-06-17T07:19:50+05:30,2026-06-17T07:19:53+05:30
P-0008952,V-08,6,19.086308,72.909065,3.3,2026-06-17T07:20:00+05:30,2026-06-17T07:20:01+05:30
P-0008953,V-08,6,19.086262,72.909031,3.2,2026-06-17T07:20:10+05:30,2026-06-17T07:20:14+05:30
P-0008954,V-08,6,19.085857,72.909094,3.4,2026-06-17T07:20:20+05:30,2026-06-17T07:20:22+05:30
P-0008955,V-08,6,19.086061,72.908706,3.0,2026-06-17T07:20:30+05:30,2026-06-17T07:20:31+05:30
P-0008956,V-08,6,19.086368,72.908503,2.8,2026-06-17T07:20:40+05:30,2026-06-17T07:20:46+05:30
P-0008957,V-08,6,19.085969,72.908791,1.2,2026-06-17T07:20:50+05:30,2026-06-17T07:20:53+05:30
P-0008958,V-08,6,19.085764,72.908908,0.8,2026-06-17T07:21:00+05:30,2026-06-17T07:21:05+05:30
P-0008959,V-08,6,19.086121,72.909096,0.9,2026-06-17T07:21:10+05:30,2026-06-17T07:21:16+05:30
P-0008960,V-08,6,19.08561,72.90859,3.5,2026-06-17T07:21:20+05:30,2026-06-17T07:21:23+05:30
P-0008961,V-08,6,19.08589,72.909015,2.4,2026-06-17T07:21:30+05:30,2026-06-17T07:21:36+05:30
P-0008962,V-08,6,19.086213,72.908631,1.1,2026-06-17T07:21:40+05:30,2026-06-17T07:21:42+05:30
P-0008963,V-08,6,19.085631,72.909239,1.3,2026-06-17T07:21:50+05:30,2026-06-17T07:21:52+05:30
P-0008964,V-08,6,19.085956,72.908634,2.0,2026-06-17T07:22:00+05:30,2026-06-17T07:22:04+05:30
P-0008965,V-08,6,19.086114,72.908967,0.3,2026-06-17T07:22:10+05:30,2026-06-17T07:22:13+05:30
P-0008966,V-08,6,19.085876,72.908796,2.3,2026-06-17T07:22:20+05:30,2026-06-17T07:22:24+05:30
P-0008967,V-08,6,19.086146,72.908851,1.9,2026-06-17T07:22:30+05:30,2026-06-17T07:22:34+05:30
P-0008968,V-08,6,19.085629,72.908738,0.1,2026-06-17T07:22:40+05:30,2026-06-17T07:22:42+05:30
P-0008969,V-08,6,19.086289,72.908863,2.0,2026-06-17T07:22:50+05:30,2026-06-17T07:22:54+05:30
P-0008970,V-08,6,19.086357,72.908885,1.4,2026-06-17T07:23:00+05:30,2026-06-17T07:23:03+05:30
P-0008971,V-08,6,19.085702,72.908769,3.0,2026-06-17T07:23:10+05:30,2026-06-17T07:23:16+05:30
P-0008972,V-08,6,19.085669,72.90888,1.5,2026-06-17T07:23:20+05:30,2026-06-17T07:23:23+05:30
P-0008973,V-08,6,19.085758,72.909252,2.5,2026-06-17T07:23:30+05:30,2026-06-17T07:23:34+05:30
P-0008974,V-08,6,19.086364,72.908927,0.7,2026-06-17T07:23:40+05:30,2026-06-17T07:23:42+05:30
P-0008975,V-08,6,19.085982,72.909138,0.1,2026-06-17T07:23:50+05:30,2026-06-17T07:23:55+05:30
P-0008976,V-08,6,19.086202,72.908936,3.6,2026-06-17T07:24:00+05:30,2026-06-17T07:24:03+05:30
P-0008977,V-08,6,19.085827,72.90898,1.5,2026-06-17T07:24:10+05:30,2026-06-17T07:24:14+05:30
P-0008978,V-08,6,19.086101,72.909033,1.7,2026-06-17T07:24:20+05:30,2026-06-17T07:24:23+05:30
P-0008979,V-08,6,19.085681,72.908984,0.7,2026-06-17T07:24:30+05:30,2026-06-17T07:24:35+05:30
P-0008980,V-08,6,19.086224,72.908603,2.1,2026-06-17T07:24:40+05:30,2026-06-17T07:24:45+05:30
P-0008981,V-08,6,19.086305,72.908885,3.8,2026-06-17T07:24:50+05:30,2026-06-17T07:24:51+05:30
P-0008982,V-08,6,19.085879,72.908515,2.1,2026-06-17T07:25:00+05:30,2026-06-17T07:25:02+05:30
P-0008983,V-08,6,19.086113,72.908882,3.0,2026-06-17T07:25:10+05:30,2026-06-17T07:25:12+05:30
P-0008984,V-08,6,19.085696,72.908804,1.8,2026-06-17T07:25:20+05:30,2026-06-17T07:25:24+05:30
P-0008985,V-08,6,19.08638,72.908832,2.6,2026-06-17T07:25:30+05:30,2026-06-17T07:25:35+05:30
P-0008986,V-08,6,19.085795,72.908506,1.5,2026-06-17T07:25:40+05:30,2026-06-17T07:25:44+05:30
P-0008987,V-08,6,19.086048,72.909292,4.0,2026-06-17T07:25:50+05:30,2026-06-17T07:25:51+05:30
P-0008988,V-08,6,19.085928,72.909,1.2,2026-06-17T07:26:00+05:30,2026-06-17T07:26:03+05:30
P-0008989,V-08,6,19.086384,72.90883,3.3,2026-06-17T07:26:10+05:30,2026-06-17T07:26:15+05:30
P-0008990,V-08,6,19.085822,72.908769,0.5,2026-06-17T07:26:20+05:30,2026-06-17T07:26:26+05:30
P-0008991,V-08,6,19.085763,72.909,2.1,2026-06-17T07:26:30+05:30,2026-06-17T07:26:35+05:30
P-0008992,V-08,6,19.085771,72.908685,2.8,2026-06-17T07:26:40+05:30,2026-06-17T07:26:43+05:30
P-0008993,V-08,6,19.08584,72.909138,2.4,2026-06-17T07:26:50+05:30,2026-06-17T07:26:53+05:30
P-0008994,V-08,6,19.085994,72.90897,1.4,2026-06-17T07:27:00+05:30,2026-06-17T07:27:06+05:30
P-0008995,V-08,6,19.085697,72.908593,3.6,2026-06-17T07:27:10+05:30,2026-06-17T07:27:11+05:30
P-0008996,V-08,6,19.085973,72.909013,2.0,2026-06-17T07:27:20+05:30,2026-06-17T07:27:21+05:30
P-0008997,V-08,6,19.086141,72.909096,1.8,2026-06-17T07:27:30+05:30,2026-06-17T07:27:34+05:30
P-0008998,V-08,6,19.086282,72.909225,2.5,2026-06-17T07:27:40+05:30,2026-06-17T07:27:43+05:30
P-0008999,V-08,6,19.086337,72.909009,3.5,2026-06-17T07:27:50+05:30,2026-06-17T07:27:53+05:30
P-0009000,V-08,6,19.086174,72.909181,0.4,2026-06-17T07:28:00+05:30,2026-06-17T07:28:03+05:30
P-0009001,V-08,6,19.086072,72.908668,0.4,2026-06-17T07:28:10+05:30,2026-06-17T07:28:16+05:30
P-0009002,V-08,6,19.086393,72.909255,2.1,2026-06-17T07:28:20+05:30,2026-06-17T07:28:21+05:30
P-0009003,V-08,6,19.086268,72.908773,0.3,2026-06-17T07:28:30+05:30,2026-06-17T07:28:36+05:30
P-0009004,V-08,6,19.085924,72.909254,2.0,2026-06-17T07:28:40+05:30,2026-06-17T07:28:45+05:30
P-0009005,V-08,6,19.085836,72.909145,1.9,2026-06-17T07:28:50+05:30,2026-06-17T07:28:51+05:30
P-0009006,V-08,6,19.085797,72.909076,1.3,2026-06-17T07:29:00+05:30,2026-06-17T07:29:06+05:30
P-0009007,V-08,6,19.085843,72.909176,0.9,2026-06-17T07:29:10+05:30,2026-06-17T07:29:12+05:30
P-0009008,V-08,6,19.085818,72.909057,0.9,2026-06-17T07:29:20+05:30,2026-06-17T07:29:26+05:30
P-0009009,V-08,6,19.085642,72.909126,3.5,2026-06-17T07:29:30+05:30,2026-06-17T07:29:36+05:30
P-0009010,V-08,6,19.085986,72.908819,0.8,2026-06-17T07:29:40+05:30,2026-06-17T07:29:44+05:30
P-0009011,V-08,6,19.085969,72.90878,2.9,2026-06-17T07:29:50+05:30,2026-06-17T07:29:55+05:30
P-0009012,V-08,6,19.085999,72.90862,3.2,2026-06-17T07:30:00+05:30,2026-06-17T07:30:05+05:30
P-0009013,V-08,6,19.086014,72.909269,3.8,2026-06-17T07:30:10+05:30,2026-06-17T07:30:13+05:30
P-0009014,V-08,6,19.086213,72.908554,2.9,2026-06-17T07:30:20+05:30,2026-06-17T07:30:21+05:30
P-0009015,V-08,6,19.086296,72.909254,0.7,2026-06-17T07:30:30+05:30,2026-06-17T07:30:34+05:30
P-0009016,V-08,6,19.085753,72.908598,1.2,2026-06-17T07:30:40+05:30,2026-06-17T07:30:42+05:30
P-0009017,V-08,6,19.085835,72.909144,0.2,2026-06-17T07:30:50+05:30,2026-06-17T07:30:53+05:30
P-0009018,V-08,6,19.085633,72.909146,1.8,2026-06-17T07:31:00+05:30,2026-06-17T07:31:04+05:30
P-0009019,V-08,6,19.08607,72.908878,1.6,2026-06-17T07:31:10+05:30,2026-06-17T07:31:12+05:30
P-0009020,V-08,6,19.086051,72.908618,3.1,2026-06-17T07:31:20+05:30,2026-06-17T07:31:26+05:30
P-0009021,V-08,6,19.086224,72.908774,0.3,2026-06-17T07:31:30+05:30,2026-06-17T07:31:33+05:30
P-0009022,V-08,6,19.086206,72.909066,1.3,2026-06-17T07:31:40+05:30,2026-06-17T07:31:42+05:30
P-0009023,V-08,6,19.085909,72.908701,2.6,2026-06-17T07:31:50+05:30,2026-06-17T07:31:56+05:30
P-0009024,V-08,6,19.086103,72.908647,0.2,2026-06-17T07:32:00+05:30,2026-06-17T07:32:02+05:30
P-0009025,V-08,6,19.08618,72.909277,0.8,2026-06-17T07:32:10+05:30,2026-06-17T07:32:15+05:30
P-0009026,V-08,6,19.086296,72.908938,3.8,2026-06-17T07:32:20+05:30,2026-06-17T07:32:26+05:30
P-0009027,V-08,6,19.086283,72.908792,1.5,2026-06-17T07:32:30+05:30,2026-06-17T07:32:36+05:30
P-0009028,V-08,6,19.086031,72.908501,0.9,2026-06-17T07:32:40+05:30,2026-06-17T07:32:42+05:30
P-0009029,V-08,6,19.086246,72.908766,3.0,2026-06-17T07:32:50+05:30,2026-06-17T07:32:56+05:30
P-0009030,V-08,6,19.085901,72.908935,2.9,2026-06-17T07:33:00+05:30,2026-06-17T07:33:06+05:30
P-0009031,V-08,6,19.085993,72.909277,3.4,2026-06-17T07:33:10+05:30,2026-06-17T07:33:11+05:30
P-0009032,V-08,6,19.085742,72.908925,1.1,2026-06-17T07:33:20+05:30,2026-06-17T07:33:24+05:30
P-0009033,V-08,6,19.086082,72.909271,2.3,2026-06-17T07:33:30+05:30,2026-06-17T07:33:34+05:30
P-0009034,V-08,6,19.085735,72.909028,2.1,2026-06-17T07:33:40+05:30,2026-06-17T07:33:45+05:30
P-0009035,V-08,6,19.086236,72.909136,2.4,2026-06-17T07:33:50+05:30,2026-06-17T07:33:54+05:30
P-0009036,V-08,6,19.085852,72.908655,2.2,2026-06-17T07:34:00+05:30,2026-06-17T07:34:04+05:30
P-0009037,V-08,6,19.086214,72.908646,0.9,2026-06-17T07:34:10+05:30,2026-06-17T07:34:15+05:30
P-0009038,V-08,6,19.085755,72.90901,2.0,2026-06-17T07:34:20+05:30,2026-06-17T07:34:25+05:30
P-0009039,V-08,6,19.086233,72.90851,2.0,2026-06-17T07:34:30+05:30,2026-06-17T07:34:32+05:30
P-0009040,V-08,6,19.085672,72.909236,2.6,2026-06-17T07:34:40+05:30,2026-06-17T07:34:43+05:30
P-0009041,V-08,6,19.08626,72.90929,2.8,2026-06-17T07:34:50+05:30,2026-06-17T07:34:55+05:30
P-0009042,V-08,6,19.085796,72.908955,1.1,2026-06-17T07:35:00+05:30,2026-06-17T07:35:05+05:30
P-0009043,V-08,6,19.085843,72.908688,0.6,2026-06-17T07:35:10+05:30,2026-06-17T07:35:13+05:30
P-0009044,V-08,6,19.086192,72.908666,2.2,2026-06-17T07:35:20+05:30,2026-06-17T07:35:21+05:30
P-0009045,V-08,6,19.085968,72.908515,2.3,2026-06-17T07:35:30+05:30,2026-06-17T07:35:36+05:30
P-0009046,V-08,6,19.086254,72.908797,1.4,2026-06-17T07:35:40+05:30,2026-06-17T07:35:46+05:30
P-0009047,V-08,6,19.085947,72.908763,0.4,2026-06-17T07:35:50+05:30,2026-06-17T07:35:53+05:30
P-0009048,V-08,6,19.085767,72.909278,0.5,2026-06-17T07:36:00+05:30,2026-06-17T07:36:05+05:30
P-0009049,V-08,6,19.085989,72.9085,1.6,2026-06-17T07:36:10+05:30,2026-06-17T07:36:15+05:30
P-0009050,V-08,6,19.086188,72.90924,3.7,2026-06-17T07:36:20+05:30,2026-06-17T07:36:23+05:30
P-0009051,V-08,6,19.086255,72.908934,1.2,2026-06-17T07:36:30+05:30,2026-06-17T07:36:33+05:30
P-0009052,V-08,6,19.085906,72.909,1.3,2026-06-17T07:36:40+05:30,2026-06-17T07:36:42+05:30
P-0009053,V-08,6,19.085797,72.908927,3.9,2026-06-17T07:36:50+05:30,2026-06-17T07:36:55+05:30
P-0009054,V-08,6,19.086061,72.90928,1.9,2026-06-17T07:37:00+05:30,2026-06-17T07:37:03+05:30
P-0009055,V-08,6,19.085712,72.90914,2.6,2026-06-17T07:37:10+05:30,2026-06-17T07:37:11+05:30
P-0009056,V-08,6,19.086049,72.90911,1.9,2026-06-17T07:37:20+05:30,2026-06-17T07:37:23+05:30
P-0009057,V-08,6,19.085672,72.909189,1.6,2026-06-17T07:37:30+05:30,2026-06-17T07:37:35+05:30
P-0009058,V-08,6,19.085943,72.909195,0.1,2026-06-17T07:37:40+05:30,2026-06-17T07:37:45+05:30
P-0009059,V-08,6,19.086329,72.908881,1.6,2026-06-17T07:37:50+05:30,2026-06-17T07:37:53+05:30
P-0009060,V-08,6,19.086062,72.908889,36.0,2026-06-17T07:38:00+05:30,2026-06-17T07:38:03+05:30
P-0009061,V-08,6,19.085798,72.908468,35.1,2026-06-17T07:38:10+05:30,2026-06-17T07:38:11+05:30
P-0009062,V-08,6,19.085808,72.908411,35.9,2026-06-17T07:38:20+05:30,2026-06-17T07:38:25+05:30
P-0009063,V-08,6,19.085782,72.908117,34.1,2026-06-17T07:38:30+05:30,2026-06-17T07:38:34+05:30
P-0009064,V-08,6,19.085729,72.908043,29.3,2026-06-17T07:38:40+05:30,2026-06-17T07:38:41+05:30
P-0009065,V-08,6,19.086032,72.908081,34.4,2026-06-17T07:38:50+05:30,2026-06-17T07:38:51+05:30
P-0009066,V-08,6,19.085653,72.907904,32.6,2026-06-17T07:39:00+05:30,2026-06-17T07:39:04+05:30
P-0009067,V-08,6,19.085928,72.907397,33.7,2026-06-17T07:39:10+05:30,2026-06-17T07:39:11+05:30
P-0009068,V-08,6,19.085765,72.907507,36.1,2026-06-17T07:39:20+05:30,2026-06-17T07:39:26+05:30
P-0009069,V-08,6,19.085972,72.90734,28.2,2026-06-17T07:39:30+05:30,2026-06-17T07:39:35+05:30
P-0009070,V-08,6,19.085693,72.907054,28.6,2026-06-17T07:39:40+05:30,2026-06-17T07:39:41+05:30
P-0009071,V-08,6,19.08597,72.906569,25.1,2026-06-17T07:39:50+05:30,2026-06-17T07:39:54+05:30
P-0009072,V-08,6,19.085728,72.906717,24.0,2026-06-17T07:40:00+05:30,2026-06-17T07:40:01+05:30
P-0009073,V-08,6,19.085487,72.906581,35.2,2026-06-17T07:40:10+05:30,2026-06-17T07:40:13+05:30
P-0009074,V-08,6,19.085629,72.905907,28.0,2026-06-17T07:40:20+05:30,2026-06-17T07:40:26+05:30
P-0009075,V-08,6,19.085526,72.90584,28.6,2026-06-17T07:40:30+05:30,2026-06-17T07:40:34+05:30
P-0009076,V-08,6,19.085829,72.905565,28.0,2026-06-17T07:40:40+05:30,2026-06-17T07:40:45+05:30
P-0009077,V-08,6,19.085566,72.905394,29.7,2026-06-17T07:40:50+05:30,2026-06-17T07:40:55+05:30
P-0009078,V-08,6,19.085297,72.905116,22.6,2026-06-17T07:41:00+05:30,2026-06-17T07:41:01+05:30
P-0009079,V-08,6,19.085447,72.90498,33.8,2026-06-17T07:41:10+05:30,2026-06-17T07:41:15+05:30
P-0009080,V-08,6,19.08544,72.904934,33.9,2026-06-17T07:41:20+05:30,2026-06-17T07:41:26+05:30
P-0009081,V-08,6,19.08539,72.904704,23.8,2026-06-17T07:41:30+05:30,2026-06-17T07:41:35+05:30
P-0009082,V-08,6,19.08531,72.904629,30.1,2026-06-17T07:41:40+05:30,2026-06-17T07:41:46+05:30
P-0009083,V-08,6,19.085191,72.904433,22.0,2026-06-17T07:41:50+05:30,2026-06-17T07:41:54+05:30
P-0009084,V-08,6,19.085271,72.904191,30.8,2026-06-17T07:42:00+05:30,2026-06-17T07:42:04+05:30
P-0009085,V-08,6,19.085467,72.904049,23.3,2026-06-17T07:42:10+05:30,2026-06-17T07:42:13+05:30
P-0009086,V-08,6,19.085307,72.903978,30.6,2026-06-17T07:42:20+05:30,2026-06-17T07:42:25+05:30
P-0009087,V-08,6,19.085416,72.903761,23.2,2026-06-17T07:42:30+05:30,2026-06-17T07:42:36+05:30
P-0009088,V-08,6,19.085485,72.903261,21.9,2026-06-17T07:42:40+05:30,2026-06-17T07:42:42+05:30
P-0009089,V-08,6,19.085292,72.90296,25.9,2026-06-17T07:42:50+05:30,2026-06-17T07:42:54+05:30
P-0009090,V-08,6,19.085172,72.902924,29.7,2026-06-17T07:43:00+05:30,2026-06-17T07:43:02+05:30
P-0009091,V-08,6,19.085292,72.902677,27.2,2026-06-17T07:43:10+05:30,2026-06-17T07:43:16+05:30
P-0009092,V-08,6,19.084949,72.902665,28.9,2026-06-17T07:43:20+05:30,2026-06-17T07:43:22+05:30
P-0009093,V-08,6,19.085001,72.902356,28.3,2026-06-17T07:43:30+05:30,2026-06-17T07:43:35+05:30
P-0009094,V-08,6,19.085248,72.902197,26.3,2026-06-17T07:43:40+05:30,2026-06-17T07:43:41+05:30
P-0009095,V-08,6,19.08506,72.901901,21.5,2026-06-17T07:43:50+05:30,2026-06-17T07:43:53+05:30
P-0009096,V-08,6,19.085152,72.901983,23.6,2026-06-17T07:44:00+05:30,2026-06-17T07:44:01+05:30
P-0009097,V-08,6,19.085107,72.901557,29.5,2026-06-17T07:44:10+05:30,2026-06-17T07:44:15+05:30
P-0009098,V-08,6,19.085222,72.901147,29.5,2026-06-17T07:44:20+05:30,2026-06-17T07:44:23+05:30
P-0009099,V-08,6,19.085216,72.90117,20.4,2026-06-17T07:44:30+05:30,2026-06-17T07:44:34+05:30
P-0009100,V-08,6,19.085202,72.901117,21.8,2026-06-17T07:44:40+05:30,2026-06-17T07:44:45+05:30
P-0009101,V-08,6,19.084944,72.900585,27.7,2026-06-17T07:44:50+05:30,2026-06-17T07:44:52+05:30
P-0009102,V-08,6,19.084907,72.900442,23.0,2026-06-17T07:45:00+05:30,2026-06-17T07:45:05+05:30
P-0009103,V-08,6,19.085019,72.900327,23.4,2026-06-17T07:45:10+05:30,2026-06-17T07:45:15+05:30
P-0009104,V-08,6,19.085097,72.900308,22.8,2026-06-17T07:45:20+05:30,2026-06-17T07:45:23+05:30
P-0009105,V-08,6,19.084737,72.900042,24.4,2026-06-17T07:45:30+05:30,2026-06-17T07:45:36+05:30
P-0009106,V-08,6,19.084619,72.899888,20.5,2026-06-17T07:45:40+05:30,2026-06-17T07:45:41+05:30
P-0009107,V-08,6,19.084706,72.899782,19.3,2026-06-17T07:45:50+05:30,2026-06-17T07:45:56+05:30
P-0009108,V-08,6,19.084891,72.89945,20.1,2026-06-17T07:46:00+05:30,2026-06-17T07:46:05+05:30
P-0009109,V-08,6,19.084831,72.899353,19.5,2026-06-17T07:46:10+05:30,2026-06-17T07:46:14+05:30
P-0009110,V-08,6,19.084885,72.899095,26.5,2026-06-17T07:46:20+05:30,2026-06-17T07:46:21+05:30
P-0009111,V-08,6,19.084303,72.898903,26.3,2026-06-17T07:46:30+05:30,2026-06-17T07:46:34+05:30
P-0009112,V-08,6,19.084264,72.898716,23.9,2026-06-17T07:46:40+05:30,2026-06-17T07:46:45+05:30
P-0009113,V-08,6,19.084212,72.898589,27.8,2026-06-17T07:46:50+05:30,2026-06-17T07:46:55+05:30
P-0009114,V-08,6,19.0843,72.898475,17.3,2026-06-17T07:47:00+05:30,2026-06-17T07:47:04+05:30
P-0009115,V-08,6,19.083801,72.898445,18.7,2026-06-17T07:47:10+05:30,2026-06-17T07:47:14+05:30
P-0009116,V-08,6,19.084067,72.897959,23.9,2026-06-17T07:47:20+05:30,2026-06-17T07:47:21+05:30
P-0009117,V-08,6,19.083747,72.898198,20.8,2026-06-17T07:47:30+05:30,2026-06-17T07:47:31+05:30
P-0009118,V-08,6,19.083808,72.897768,22.7,2026-06-17T07:47:40+05:30,2026-06-17T07:47:41+05:30
P-0009119,V-08,6,19.083571,72.897891,23.2,2026-06-17T07:47:50+05:30,2026-06-17T07:47:56+05:30
P-0009120,V-08,6,19.083185,72.897524,25.5,2026-06-17T07:48:00+05:30,2026-06-17T07:48:02+05:30
P-0009121,V-08,6,19.083039,72.897604,24.4,2026-06-17T07:48:10+05:30,2026-06-17T07:48:12+05:30
P-0009122,V-08,6,19.083021,72.897268,24.1,2026-06-17T07:48:20+05:30,2026-06-17T07:48:23+05:30
P-0009123,V-08,6,19.082793,72.897313,16.0,2026-06-17T07:48:30+05:30,2026-06-17T07:48:34+05:30
P-0009124,V-08,6,19.082977,72.896787,21.2,2026-06-17T07:48:40+05:30,2026-06-17T07:48:42+05:30
P-0009125,V-08,6,19.082523,72.896671,24.1,2026-06-17T07:48:50+05:30,2026-06-17T07:48:53+05:30
P-0009126,V-08,6,19.082492,72.896588,19.4,2026-06-17T07:49:00+05:30,2026-06-17T07:49:01+05:30
P-0009127,V-08,6,19.082237,72.896284,17.9,2026-06-17T07:49:10+05:30,2026-06-17T07:49:16+05:30
P-0009128,V-08,6,19.082376,72.896313,20.4,2026-06-17T07:49:20+05:30,2026-06-17T07:49:22+05:30
P-0009129,V-08,6,19.082035,72.89598,23.4,2026-06-17T07:49:30+05:30,2026-06-17T07:49:34+05:30
P-0009130,V-08,6,19.08188,72.895777,16.5,2026-06-17T07:49:40+05:30,2026-06-17T07:49:44+05:30
P-0009131,V-08,6,19.0821,72.895766,17.0,2026-06-17T07:49:50+05:30,2026-06-17T07:49:53+05:30
P-0009132,V-08,6,19.081724,72.895922,25.5,2026-06-17T07:50:00+05:30,2026-06-17T07:50:02+05:30
P-0009133,V-08,6,19.081692,72.89548,18.6,2026-06-17T07:50:10+05:30,2026-06-17T07:50:16+05:30
P-0009134,V-08,6,19.081324,72.895235,23.0,2026-06-17T07:50:20+05:30,2026-06-17T07:50:26+05:30
P-0009135,V-08,6,19.081636,72.89514,24.0,2026-06-17T07:50:30+05:30,2026-06-17T07:50:32+05:30
P-0009136,V-08,6,19.081162,72.895279,21.3,2026-06-17T07:50:40+05:30,2026-06-17T07:50:41+05:30
P-0009137,V-08,6,19.081393,72.894926,22.2,2026-06-17T07:50:50+05:30,2026-06-17T07:50:53+05:30
P-0009138,V-08,6,19.081001,72.894833,19.7,2026-06-17T07:51:00+05:30,2026-06-17T07:51:03+05:30
P-0009139,V-08,6,19.081117,72.894439,21.7,2026-06-17T07:51:10+05:30,2026-06-17T07:51:14+05:30
P-0009140,V-08,6,19.080862,72.894656,22.9,2026-06-17T07:51:20+05:30,2026-06-17T07:51:24+05:30
P-0009141,V-08,6,19.080545,72.89421,15.7,2026-06-17T07:51:30+05:30,2026-06-17T07:51:35+05:30
P-0009142,V-08,6,19.080628,72.894352,23.3,2026-06-17T07:51:40+05:30,2026-06-17T07:51:44+05:30
P-0009143,V-08,6,19.080519,72.893858,15.7,2026-06-17T07:51:50+05:30,2026-06-17T07:51:55+05:30
P-0009144,V-08,6,19.080108,72.894119,15.2,2026-06-17T07:52:00+05:30,2026-06-17T07:52:05+05:30
P-0009145,V-08,6,19.080002,72.893794,21.2,2026-06-17T07:52:10+05:30,2026-06-17T07:52:11+05:30
P-0009146,V-08,6,19.08,72.893363,13.1,2026-06-17T07:52:20+05:30,2026-06-17T07:52:22+05:30
P-0009147,V-08,6,19.079763,72.893365,23.9,2026-06-17T07:52:30+05:30,2026-06-17T07:52:31+05:30
P-0009148,V-08,6,19.079895,72.89323,15.7,2026-06-17T07:52:40+05:30,2026-06-17T07:52:45+05:30
P-0009149,V-08,6,19.079724,72.893305,15.1,2026-06-17T07:52:50+05:30,2026-06-17T07:52:52+05:30
P-0009150,V-08,6,19.079452,72.892733,13.6,2026-06-17T07:53:00+05:30,2026-06-17T07:53:02+05:30
P-0009151,V-08,6,19.079464,72.892644,17.9,2026-06-17T07:53:10+05:30,2026-06-17T07:53:14+05:30
P-0009152,V-08,6,19.07901,72.892848,12.8,2026-06-17T07:53:20+05:30,2026-06-17T07:53:25+05:30
P-0009153,V-08,6,19.078885,72.892386,15.2,2026-06-17T07:53:30+05:30,2026-06-17T07:53:32+05:30
P-0009154,V-08,6,19.079206,72.892455,14.1,2026-06-17T07:53:40+05:30,2026-06-17T07:53:44+05:30
P-0009155,V-08,6,19.07862,72.892328,19.7,2026-06-17T07:53:50+05:30,2026-06-17T07:53:51+05:30
P-0009156,V-08,6,19.078799,72.891835,21.1,2026-06-17T07:54:00+05:30,2026-06-17T07:54:06+05:30
P-0009157,V-08,6,19.078637,72.891843,21.1,2026-06-17T07:54:10+05:30,2026-06-17T07:54:14+05:30
P-0009158,V-08,6,19.078243,72.891903,20.6,2026-06-17T07:54:20+05:30,2026-06-17T07:54:22+05:30
P-0009159,V-08,6,19.07853,72.891448,20.4,2026-06-17T07:54:30+05:30,2026-06-17T07:54:36+05:30
P-0009160,V-08,6,19.078467,72.891646,17.9,2026-06-17T07:54:40+05:30,2026-06-17T07:54:44+05:30
P-0009161,V-08,6,19.077954,72.891158,14.4,2026-06-17T07:54:50+05:30,2026-06-17T07:54:53+05:30
P-0009162,V-08,6,19.077841,72.891289,17.3,2026-06-17T07:55:00+05:30,2026-06-17T07:55:03+05:30
P-0009163,V-08,6,19.077867,72.890988,18.3,2026-06-17T07:55:10+05:30,2026-06-17T07:55:16+05:30
P-0009164,V-08,6,19.077661,72.89071,17.2,2026-06-17T07:55:20+05:30,2026-06-17T07:55:21+05:30
P-0009165,V-08,6,19.077715,72.890545,15.6,2026-06-17T07:55:30+05:30,2026-06-17T07:55:32+05:30
P-0009166,V-08,6,19.077735,72.8902,14.8,2026-06-17T07:55:40+05:30,2026-06-17T07:55:44+05:30
P-0009167,V-08,6,19.07741,72.890408,21.9,2026-06-17T07:55:50+05:30,2026-06-17T07:55:51+05:30
P-0009168,V-08,6,19.077655,72.890044,20.9,2026-06-17T07:56:00+05:30,2026-06-17T07:56:03+05:30
P-0009169,V-08,6,19.07756,72.890065,20.6,2026-06-17T07:56:10+05:30,2026-06-17T07:56:13+05:30
P-0009170,V-08,6,19.077095,72.889748,22.3,2026-06-17T07:56:20+05:30,2026-06-17T07:56:24+05:30
P-0009171,V-08,6,19.077094,72.88964,18.3,2026-06-17T07:56:30+05:30,2026-06-17T07:56:32+05:30
P-0009172,V-08,6,19.07729,72.889503,13.5,2026-06-17T07:56:40+05:30,2026-06-17T07:56:43+05:30
P-0009173,V-08,6,19.076816,72.889216,20.7,2026-06-17T07:56:50+05:30,2026-06-17T07:56:54+05:30
P-0009174,V-08,6,19.076827,72.888869,13.3,2026-06-17T07:57:00+05:30,2026-06-17T07:57:06+05:30
P-0009175,V-08,6,19.07671,72.888949,18.5,2026-06-17T07:57:10+05:30,2026-06-17T07:57:11+05:30
P-0009176,V-08,6,19.076974,72.888602,21.6,2026-06-17T07:57:20+05:30,2026-06-17T07:57:24+05:30
P-0009177,V-08,6,19.07691,72.888549,14.7,2026-06-17T07:57:30+05:30,2026-06-17T07:57:35+05:30
P-0009178,V-08,6,19.076642,72.888483,15.9,2026-06-17T07:57:40+05:30,2026-06-17T07:57:46+05:30
P-0009179,V-08,6,19.076605,72.888194,22.0,2026-06-17T07:57:50+05:30,2026-06-17T07:57:51+05:30
P-0009180,V-08,6,19.076409,72.888053,21.0,2026-06-17T07:58:00+05:30,2026-06-17T07:58:04+05:30
P-0009181,V-08,6,19.076328,72.887965,22.7,2026-06-17T07:58:10+05:30,2026-06-17T07:58:16+05:30
P-0009182,V-08,6,19.07618,72.887744,20.8,2026-06-17T07:58:20+05:30,2026-06-17T07:58:22+05:30
P-0009183,V-08,6,19.07619,72.887602,13.4,2026-06-17T07:58:30+05:30,2026-06-17T07:58:31+05:30
P-0009184,V-08,6,19.075998,72.886979,20.4,2026-06-17T07:58:40+05:30,2026-06-17T07:58:41+05:30
P-0009185,V-08,6,19.075843,72.886958,16.4,2026-06-17T07:58:50+05:30,2026-06-17T07:58:54+05:30
P-0009186,V-08,6,19.075796,72.88663,21.1,2026-06-17T07:59:00+05:30,2026-06-17T07:59:04+05:30
P-0009187,V-08,6,19.075645,72.886433,15.9,2026-06-17T07:59:10+05:30,2026-06-17T07:59:16+05:30
P-0009188,V-08,6,19.075778,72.886478,15.8,2026-06-17T07:59:20+05:30,2026-06-17T07:59:24+05:30
P-0009189,V-08,6,19.075516,72.886352,14.6,2026-06-17T07:59:30+05:30,2026-06-17T07:59:35+05:30
P-0009190,V-08,6,19.075356,72.886219,19.3,2026-06-17T07:59:40+05:30,2026-06-17T07:59:41+05:30
P-0009191,V-08,6,19.075393,72.886043,22.2,2026-06-17T07:59:50+05:30,2026-06-17T07:59:54+05:30
P-0009192,V-08,6,19.07552,72.885852,19.8,2026-06-17T08:00:00+05:30,2026-06-17T08:00:03+05:30
P-0009193,V-08,6,19.07542,72.885538,19.0,2026-06-17T08:00:10+05:30,2026-06-17T08:00:13+05:30
P-0009194,V-08,6,19.07512,72.885221,21.6,2026-06-17T08:00:20+05:30,2026-06-17T08:00:25+05:30
P-0009195,V-08,6,19.074769,72.885242,16.2,2026-06-17T08:00:30+05:30,2026-06-17T08:00:34+05:30
P-0009196,V-08,6,19.074721,72.885223,18.3,2026-06-17T08:00:40+05:30,2026-06-17T08:00:46+05:30
P-0009197,V-08,6,19.074792,72.885121,21.9,2026-06-17T08:00:50+05:30,2026-06-17T08:00:51+05:30
P-0009198,V-08,6,19.074946,72.884783,23.5,2026-06-17T08:01:00+05:30,2026-06-17T08:01:06+05:30
P-0009199,V-08,6,19.074581,72.884404,16.4,2026-06-17T08:01:10+05:30,2026-06-17T08:01:15+05:30
P-0009200,V-08,6,19.074443,72.884451,22.9,2026-06-17T08:01:20+05:30,2026-06-17T08:01:21+05:30
P-0009201,V-08,6,19.074281,72.884444,16.7,2026-06-17T08:01:30+05:30,2026-06-17T08:01:33+05:30
P-0009202,V-08,6,19.074497,72.884177,20.5,2026-06-17T08:01:40+05:30,2026-06-17T08:01:42+05:30
P-0009203,V-08,6,19.074278,72.8838,18.8,2026-06-17T08:01:50+05:30,2026-06-17T08:01:53+05:30
P-0009204,V-08,6,19.074049,72.883858,17.2,2026-06-17T08:02:00+05:30,2026-06-17T08:02:04+05:30
P-0009205,V-08,6,19.073851,72.883519,17.7,2026-06-17T08:02:10+05:30,2026-06-17T08:02:14+05:30
P-0009206,V-08,6,19.07371,72.883299,21.6,2026-06-17T08:02:20+05:30,2026-06-17T08:02:22+05:30
P-0009207,V-08,6,19.073953,72.883224,19.1,2026-06-17T08:02:30+05:30,2026-06-17T08:02:34+05:30
P-0009208,V-08,6,19.073743,72.883035,13.7,2026-06-17T08:02:40+05:30,2026-06-17T08:02:45+05:30
P-0009209,V-08,6,19.073628,72.882992,23.2,2026-06-17T08:02:50+05:30,2026-06-17T08:02:54+05:30
P-0009210,V-08,6,19.073603,72.882771,17.8,2026-06-17T08:03:00+05:30,2026-06-17T08:03:05+05:30
P-0009211,V-08,6,19.07343,72.882629,23.4,2026-06-17T08:03:10+05:30,2026-06-17T08:03:12+05:30
P-0009212,V-08,6,19.07335,72.882259,17.8,2026-06-17T08:03:20+05:30,2026-06-17T08:03:25+05:30
P-0009213,V-08,6,19.073244,72.882333,21.1,2026-06-17T08:03:30+05:30,2026-06-17T08:03:34+05:30
P-0009214,V-08,6,19.073087,72.882215,20.8,2026-06-17T08:03:40+05:30,2026-06-17T08:03:41+05:30
P-0009215,V-08,6,19.072692,72.881915,14.4,2026-06-17T08:03:50+05:30,2026-06-17T08:03:51+05:30
P-0009216,V-08,6,19.073064,72.881698,19.3,2026-06-17T08:04:00+05:30,2026-06-17T08:04:01+05:30
P-0009217,V-08,6,19.07271,72.881768,15.0,2026-06-17T08:04:10+05:30,2026-06-17T08:04:15+05:30
P-0009218,V-08,6,19.072822,72.881194,22.6,2026-06-17T08:04:20+05:30,2026-06-17T08:04:26+05:30
P-0009219,V-08,6,19.072436,72.881216,20.7,2026-06-17T08:04:30+05:30,2026-06-17T08:04:36+05:30
P-0009220,V-08,6,19.07244,72.880828,17.5,2026-06-17T08:04:40+05:30,2026-06-17T08:04:42+05:30
P-0009221,V-08,6,19.072258,72.88081,20.8,2026-06-17T08:04:50+05:30,2026-06-17T08:04:54+05:30
P-0009222,V-08,6,19.071942,72.880733,26.7,2026-06-17T08:05:00+05:30,2026-06-17T08:05:06+05:30
P-0009223,V-08,6,19.071909,72.880619,20.3,2026-06-17T08:05:10+05:30,2026-06-17T08:05:16+05:30
P-0009224,V-08,6,19.072166,72.880475,26.5,2026-06-17T08:05:20+05:30,2026-06-17T08:05:22+05:30
P-0009225,V-08,6,19.07166,72.879949,26.8,2026-06-17T08:05:30+05:30,2026-06-17T08:05:34+05:30
P-0009226,V-08,6,19.071801,72.880146,21.7,2026-06-17T08:05:40+05:30,2026-06-17T08:05:42+05:30
P-0009227,V-08,6,19.071839,72.880003,21.6,2026-06-17T08:05:50+05:30,2026-06-17T08:05:51+05:30
P-0009228,V-08,6,19.071362,72.879925,16.5,2026-06-17T08:06:00+05:30,2026-06-17T08:06:04+05:30
P-0009229,V-08,6,19.071622,72.879481,16.9,2026-06-17T08:06:10+05:30,2026-06-17T08:06:15+05:30
P-0009230,V-08,6,19.071143,72.879215,27.4,2026-06-17T08:06:20+05:30,2026-06-17T08:06:26+05:30
P-0009231,V-08,6,19.071359,72.879373,25.2,2026-06-17T08:06:30+05:30,2026-06-17T08:06:32+05:30
P-0009232,V-08,6,19.071005,72.879188,18.2,2026-06-17T08:06:40+05:30,2026-06-17T08:06:41+05:30
P-0009233,V-08,6,19.071046,72.878871,22.6,2026-06-17T08:06:50+05:30,2026-06-17T08:06:55+05:30
P-0009234,V-08,6,19.070747,72.87878,19.2,2026-06-17T08:07:00+05:30,2026-06-17T08:07:05+05:30
P-0009235,V-08,6,19.070601,72.878277,18.8,2026-06-17T08:07:10+05:30,2026-06-17T08:07:11+05:30
P-0009236,V-08,6,19.070917,72.878094,18.4,2026-06-17T08:07:20+05:30,2026-06-17T08:07:24+05:30
P-0009237,V-08,6,19.070538,72.878055,18.5,2026-06-17T08:07:30+05:30,2026-06-17T08:07:33+05:30
P-0009238,V-08,6,19.070628,72.877985,17.9,2026-06-17T08:07:40+05:30,2026-06-17T08:07:41+05:30
P-0009239,V-08,6,19.070435,72.87779,18.9,2026-06-17T08:07:50+05:30,2026-06-17T08:07:53+05:30
P-0009240,V-08,6,19.070465,72.877473,27.7,2026-06-17T08:08:00+05:30,2026-06-17T08:08:06+05:30
P-0009241,V-08,6,19.07001,72.877661,21.4,2026-06-17T08:08:10+05:30,2026-06-17T08:08:15+05:30
P-0009242,V-08,6,19.070198,72.877272,22.0,2026-06-17T08:08:20+05:30,2026-06-17T08:08:21+05:30
P-0009243,V-08,6,19.07026,72.877119,19.6,2026-06-17T08:08:30+05:30,2026-06-17T08:08:34+05:30
P-0009244,V-08,6,19.06981,72.876815,24.2,2026-06-17T08:08:40+05:30,2026-06-17T08:08:42+05:30
P-0009245,V-08,6,19.070157,72.876694,18.6,2026-06-17T08:08:50+05:30,2026-06-17T08:08:55+05:30
P-0009246,V-08,6,19.069786,72.8765,25.4,2026-06-17T08:09:00+05:30,2026-06-17T08:09:04+05:30
P-0009247,V-08,6,19.06998,72.876187,29.4,2026-06-17T08:09:10+05:30,2026-06-17T08:09:11+05:30
P-0009248,V-08,6,19.06981,72.876273,29.9,2026-06-17T08:09:20+05:30,2026-06-17T08:09:25+05:30
P-0009249,V-08,6,19.069696,72.875784,28.6,2026-06-17T08:09:30+05:30,2026-06-17T08:09:36+05:30
P-0009250,V-08,6,19.069443,72.875592,25.2,2026-06-17T08:09:40+05:30,2026-06-17T08:09:42+05:30
P-0009251,V-08,6,19.069281,72.875696,25.0,2026-06-17T08:09:50+05:30,2026-06-17T08:09:51+05:30
P-0009252,V-08,6,19.069252,72.875274,26.3,2026-06-17T08:10:00+05:30,2026-06-17T08:10:05+05:30
P-0009253,V-08,6,19.069102,72.875348,20.7,2026-06-17T08:10:10+05:30,2026-06-17T08:10:11+05:30
P-0009254,V-08,6,19.068913,72.874916,29.5,2026-06-17T08:10:20+05:30,2026-06-17T08:10:24+05:30
P-0009255,V-08,6,19.068845,72.874875,21.6,2026-06-17T08:10:30+05:30,2026-06-17T08:10:33+05:30
P-0009256,V-08,6,19.069019,72.874897,22.6,2026-06-17T08:10:40+05:30,2026-06-17T08:10:43+05:30
P-0009257,V-08,6,19.068935,72.8748,28.7,2026-06-17T08:10:50+05:30,2026-06-17T08:10:56+05:30
P-0009258,V-08,6,19.068792,72.874242,28.1,2026-06-17T08:11:00+05:30,2026-06-17T08:11:06+05:30
P-0009259,V-08,6,19.068591,72.874374,26.7,2026-06-17T08:11:10+05:30,2026-06-17T08:11:14+05:30
P-0009260,V-08,6,19.06862,72.874139,24.6,2026-06-17T08:11:20+05:30,2026-06-17T08:11:25+05:30
P-0009261,V-08,6,19.068723,72.873687,28.7,2026-06-17T08:11:30+05:30,2026-06-17T08:11:35+05:30
P-0009262,V-08,6,19.068682,72.873704,25.6,2026-06-17T08:11:40+05:30,2026-06-17T08:11:45+05:30
P-0009263,V-08,6,19.068509,72.873698,27.1,2026-06-17T08:11:50+05:30,2026-06-17T08:11:51+05:30
P-0009264,V-08,6,19.068431,72.873235,23.1,2026-06-17T08:12:00+05:30,2026-06-17T08:12:01+05:30
P-0009265,V-08,6,19.068137,72.87294,25.2,2026-06-17T08:12:10+05:30,2026-06-17T08:12:11+05:30
P-0009266,V-08,6,19.068232,72.873024,33.0,2026-06-17T08:12:20+05:30,2026-06-17T08:12:22+05:30
P-0009267,V-08,6,19.06786,72.872592,33.7,2026-06-17T08:12:30+05:30,2026-06-17T08:12:33+05:30
P-0009268,V-08,6,19.067788,72.872721,27.9,2026-06-17T08:12:40+05:30,2026-06-17T08:12:41+05:30
P-0009269,V-08,6,19.067883,72.872581,23.6,2026-06-17T08:12:50+05:30,2026-06-17T08:12:53+05:30
P-0009270,V-08,6,19.067731,72.872372,28.6,2026-06-17T08:13:00+05:30,2026-06-17T08:13:02+05:30
P-0009271,V-08,6,19.067451,72.871985,27.9,2026-06-17T08:13:10+05:30,2026-06-17T08:13:13+05:30
P-0009272,V-08,6,19.067684,72.87196,28.2,2026-06-17T08:13:20+05:30,2026-06-17T08:13:26+05:30
P-0009273,V-08,6,19.067619,72.871796,24.0,2026-06-17T08:13:30+05:30,2026-06-17T08:13:33+05:30
P-0009274,V-08,6,19.067332,72.871691,32.0,2026-06-17T08:13:40+05:30,2026-06-17T08:13:43+05:30
P-0009275,V-08,6,19.067397,72.871306,30.7,2026-06-17T08:13:50+05:30,2026-06-17T08:13:55+05:30
P-0009276,V-08,6,19.067275,72.871391,30.0,2026-06-17T08:14:00+05:30,2026-06-17T08:14:06+05:30
P-0009277,V-08,6,19.067149,72.871009,31.8,2026-06-17T08:14:10+05:30,2026-06-17T08:14:15+05:30
P-0009278,V-08,6,19.06697,72.870561,34.8,2026-06-17T08:14:20+05:30,2026-06-17T08:14:26+05:30
P-0009279,V-08,6,19.066864,72.870479,34.5,2026-06-17T08:14:30+05:30,2026-06-17T08:14:36+05:30
P-0009280,V-08,6,19.066814,72.870432,26.3,2026-06-17T08:14:40+05:30,2026-06-17T08:14:42+05:30
P-0009281,V-08,6,19.066665,72.870264,35.3,2026-06-17T08:14:50+05:30,2026-06-17T08:14:55+05:30
P-0009282,V-08,6,19.066486,72.870144,31.4,2026-06-17T08:15:00+05:30,2026-06-17T08:15:05+05:30
P-0009283,V-08,6,19.066458,72.869934,35.6,2026-06-17T08:15:10+05:30,2026-06-17T08:15:14+05:30
P-0009284,V-08,6,19.066739,72.869522,36.4,2026-06-17T08:15:20+05:30,2026-06-17T08:15:25+05:30
P-0009285,V-08,6,19.066524,72.869573,29.9,2026-06-17T08:15:30+05:30,2026-06-17T08:15:31+05:30
P-0009286,V-08,6,19.066558,72.869477,25.8,2026-06-17T08:15:40+05:30,2026-06-17T08:15:45+05:30
P-0009287,V-08,6,19.066406,72.868983,33.0,2026-06-17T08:15:50+05:30,2026-06-17T08:15:51+05:30
P-0009288,V-08,6,19.066107,72.868843,31.0,2026-06-17T08:16:00+05:30,2026-06-17T08:16:05+05:30
P-0009289,V-05,5,19.204271,72.852681,29.0,2026-06-17T09:00:00+05:30,2026-06-17T09:00:04+05:30
P-0009290,V-05,5,19.203803,72.852677,36.1,2026-06-17T09:00:10+05:30,2026-06-17T09:00:11+05:30
P-0009291,V-05,5,19.203266,72.85273,25.9,2026-06-17T09:00:20+05:30,2026-06-17T09:00:22+05:30
P-0009292,V-05,5,19.202671,72.852608,26.1,2026-06-17T09:00:30+05:30,2026-06-17T09:00:36+05:30
P-0009293,V-05,5,19.202542,72.852748,35.9,2026-06-17T09:00:40+05:30,2026-06-17T09:00:46+05:30
P-0009294,V-05,5,19.201792,72.852766,30.6,2026-06-17T09:00:50+05:30,2026-06-17T09:00:54+05:30
P-0009295,V-05,5,19.201414,72.852486,36.5,2026-06-17T09:01:00+05:30,2026-06-17T09:01:04+05:30
P-0009296,V-05,5,19.200959,72.852406,27.9,2026-06-17T09:01:10+05:30,2026-06-17T09:01:11+05:30
P-0009297,V-05,5,19.200639,72.852479,33.8,2026-06-17T09:01:20+05:30,2026-06-17T09:01:22+05:30
P-0009298,V-05,5,19.200114,72.85273,28.9,2026-06-17T09:01:30+05:30,2026-06-17T09:01:34+05:30
P-0009299,V-05,5,19.200036,72.852854,35.8,2026-06-17T09:01:40+05:30,2026-06-17T09:01:45+05:30
P-0009300,V-05,5,19.199265,72.852551,27.8,2026-06-17T09:01:50+05:30,2026-06-17T09:01:55+05:30
P-0009301,V-05,5,19.198851,72.852631,33.5,2026-06-17T09:02:00+05:30,2026-06-17T09:02:04+05:30
P-0009302,V-05,5,19.198651,72.852659,29.9,2026-06-17T09:02:10+05:30,2026-06-17T09:02:15+05:30
P-0009303,V-05,5,19.198283,72.852877,31.1,2026-06-17T09:02:20+05:30,2026-06-17T09:02:23+05:30
P-0009304,V-05,5,19.197637,72.852823,29.5,2026-06-17T09:02:30+05:30,2026-06-17T09:02:33+05:30
P-0009305,V-05,5,19.197238,72.852924,25.7,2026-06-17T09:02:40+05:30,2026-06-17T09:02:46+05:30
P-0009306,V-05,5,19.196573,72.852844,28.1,2026-06-17T09:02:50+05:30,2026-06-17T09:02:51+05:30
P-0009307,V-05,5,19.196414,72.852683,29.5,2026-06-17T09:03:00+05:30,2026-06-17T09:03:04+05:30
P-0009308,V-05,5,19.195985,72.852895,24.9,2026-06-17T09:03:10+05:30,2026-06-17T09:03:16+05:30
P-0009309,V-05,5,19.195309,72.852502,29.4,2026-06-17T09:03:20+05:30,2026-06-17T09:03:24+05:30
P-0009310,V-05,5,19.195235,72.852934,34.7,2026-06-17T09:03:30+05:30,2026-06-17T09:03:34+05:30
P-0009311,V-05,5,19.194627,72.852837,35.2,2026-06-17T09:03:40+05:30,2026-06-17T09:03:43+05:30
P-0009312,V-05,5,19.194009,72.852595,33.3,2026-06-17T09:03:50+05:30,2026-06-17T09:03:51+05:30
P-0009313,V-05,5,19.193737,72.853042,24.6,2026-06-17T09:04:00+05:30,2026-06-17T09:04:02+05:30
P-0009314,V-05,5,19.193405,72.85282,24.4,2026-06-17T09:04:10+05:30,2026-06-17T09:04:15+05:30
P-0009315,V-05,5,19.19291,72.85282,32.3,2026-06-17T09:04:20+05:30,2026-06-17T09:04:23+05:30
P-0009316,V-05,5,19.192433,72.853038,30.4,2026-06-17T09:04:30+05:30,2026-06-17T09:04:35+05:30
P-0009317,V-05,5,19.192131,72.852726,26.0,2026-06-17T09:04:40+05:30,2026-06-17T09:04:43+05:30
P-0009318,V-05,5,19.191376,72.852915,26.3,2026-06-17T09:04:50+05:30,2026-06-17T09:04:53+05:30
P-0009319,V-05,5,19.19133,72.852682,26.4,2026-06-17T09:05:00+05:30,2026-06-17T09:05:02+05:30
P-0009320,V-05,5,19.190677,72.853126,25.8,2026-06-17T09:05:10+05:30,2026-06-17T09:05:14+05:30
P-0009321,V-05,5,19.190095,72.852656,33.9,2026-06-17T09:05:20+05:30,2026-06-17T09:05:24+05:30
P-0009322,V-05,5,19.189917,72.852663,32.4,2026-06-17T09:05:30+05:30,2026-06-17T09:05:35+05:30
P-0009323,V-05,5,19.189534,72.853122,23.4,2026-06-17T09:05:40+05:30,2026-06-17T09:05:44+05:30
P-0009324,V-05,5,19.189164,72.853009,26.6,2026-06-17T09:05:50+05:30,2026-06-17T09:05:53+05:30
P-0009325,V-05,5,19.188405,72.85279,22.8,2026-06-17T09:06:00+05:30,2026-06-17T09:06:04+05:30
P-0009326,V-05,5,19.18829,72.853004,32.6,2026-06-17T09:06:10+05:30,2026-06-17T09:06:12+05:30
P-0009327,V-05,5,19.187803,72.852812,28.6,2026-06-17T09:06:20+05:30,2026-06-17T09:06:23+05:30
P-0009328,V-05,5,19.187095,72.852854,26.5,2026-06-17T09:06:30+05:30,2026-06-17T09:06:36+05:30
P-0009329,V-05,5,19.186949,72.853245,31.8,2026-06-17T09:06:40+05:30,2026-06-17T09:06:42+05:30
P-0009330,V-05,5,19.186316,72.852913,24.7,2026-06-17T09:06:50+05:30,2026-06-17T09:06:52+05:30
P-0009331,V-05,5,19.186153,72.853104,26.5,2026-06-17T09:07:00+05:30,2026-06-17T09:07:03+05:30
P-0009332,V-05,5,19.185699,72.852879,23.0,2026-06-17T09:07:10+05:30,2026-06-17T09:07:16+05:30
P-0009333,V-05,5,19.185295,72.853052,30.7,2026-06-17T09:07:20+05:30,2026-06-17T09:07:23+05:30
P-0009334,V-05,5,19.184614,72.853191,29.7,2026-06-17T09:07:30+05:30,2026-06-17T09:07:31+05:30
P-0009335,V-05,5,19.184107,72.853156,26.2,2026-06-17T09:07:40+05:30,2026-06-17T09:07:42+05:30
P-0009336,V-05,5,19.183547,72.85325,27.2,2026-06-17T09:07:50+05:30,2026-06-17T09:07:53+05:30
P-0009337,V-05,5,19.183219,72.853347,29.6,2026-06-17T09:08:00+05:30,2026-06-17T09:08:01+05:30
P-0009338,V-05,5,19.182819,72.853295,23.2,2026-06-17T09:08:10+05:30,2026-06-17T09:08:12+05:30
P-0009339,V-05,5,19.182269,72.85314,23.0,2026-06-17T09:08:20+05:30,2026-06-17T09:08:24+05:30
P-0009340,V-05,5,19.18206,72.852974,24.6,2026-06-17T09:08:30+05:30,2026-06-17T09:08:34+05:30
P-0009341,V-05,5,19.181391,72.852938,29.2,2026-06-17T09:08:40+05:30,2026-06-17T09:08:44+05:30
P-0009342,V-05,5,19.181187,72.852617,22.0,2026-06-17T09:08:50+05:30,2026-06-17T09:08:52+05:30
P-0009343,V-05,5,19.180888,72.85281,25.2,2026-06-17T09:09:00+05:30,2026-06-17T09:09:03+05:30
P-0009344,V-05,5,19.180258,72.852322,22.4,2026-06-17T09:09:10+05:30,2026-06-17T09:09:16+05:30
P-0009345,V-05,5,19.179726,72.852465,24.6,2026-06-17T09:09:20+05:30,2026-06-17T09:09:24+05:30
P-0009346,V-05,5,19.179358,72.852343,27.1,2026-06-17T09:09:30+05:30,2026-06-17T09:09:32+05:30
P-0009347,V-05,5,19.179211,72.852278,26.8,2026-06-17T09:09:40+05:30,2026-06-17T09:09:41+05:30
P-0009348,V-05,5,19.178497,72.851971,22.5,2026-06-17T09:09:50+05:30,2026-06-17T09:09:54+05:30
P-0009349,V-05,5,19.178379,72.851762,31.7,2026-06-17T09:10:00+05:30,2026-06-17T09:10:06+05:30
P-0009350,V-05,5,19.17804,72.851959,21.0,2026-06-17T09:10:10+05:30,2026-06-17T09:10:14+05:30
P-0009351,V-05,5,19.17756,72.8519,24.3,2026-06-17T09:10:20+05:30,2026-06-17T09:10:23+05:30
P-0009352,V-05,5,19.177199,72.851764,26.0,2026-06-17T09:10:30+05:30,2026-06-17T09:10:35+05:30
P-0009353,V-05,5,19.176488,72.851266,22.2,2026-06-17T09:10:40+05:30,2026-06-17T09:10:43+05:30
P-0009354,V-05,5,19.176248,72.85128,25.6,2026-06-17T09:10:50+05:30,2026-06-17T09:10:52+05:30
P-0009355,V-05,5,19.175562,72.851001,26.0,2026-06-17T09:11:00+05:30,2026-06-17T09:11:04+05:30
P-0009356,V-05,5,19.175271,72.850981,26.0,2026-06-17T09:11:10+05:30,2026-06-17T09:11:15+05:30
P-0009357,V-05,5,19.175048,72.850904,20.8,2026-06-17T09:11:20+05:30,2026-06-17T09:11:21+05:30
P-0009358,V-05,5,19.174335,72.850873,22.5,2026-06-17T09:11:30+05:30,2026-06-17T09:11:36+05:30
P-0009359,V-05,5,19.174232,72.850763,31.2,2026-06-17T09:11:40+05:30,2026-06-17T09:11:41+05:30
P-0009360,V-05,5,19.17353,72.850741,30.5,2026-06-17T09:11:50+05:30,2026-06-17T09:11:53+05:30
P-0009361,V-05,5,19.173256,72.850184,30.3,2026-06-17T09:12:00+05:30,2026-06-17T09:12:05+05:30
P-0009362,V-05,5,19.173097,72.850058,27.3,2026-06-17T09:12:10+05:30,2026-06-17T09:12:11+05:30
P-0009363,V-05,5,19.172555,72.850364,28.0,2026-06-17T09:12:20+05:30,2026-06-17T09:12:24+05:30
P-0009364,V-05,5,19.171938,72.849776,23.3,2026-06-17T09:12:30+05:30,2026-06-17T09:12:36+05:30
P-0009365,V-05,5,19.171744,72.849693,27.1,2026-06-17T09:12:40+05:30,2026-06-17T09:12:46+05:30
P-0009366,V-05,5,19.170984,72.849593,20.8,2026-06-17T09:12:50+05:30,2026-06-17T09:12:51+05:30
P-0009367,V-05,5,19.170678,72.84971,30.4,2026-06-17T09:13:00+05:30,2026-06-17T09:13:01+05:30
P-0009368,V-05,5,19.170134,72.849405,25.0,2026-06-17T09:13:10+05:30,2026-06-17T09:13:12+05:30
P-0009369,V-05,5,19.169903,72.849523,29.5,2026-06-17T09:13:20+05:30,2026-06-17T09:13:25+05:30
P-0009370,V-05,5,19.169352,72.849451,19.1,2026-06-17T09:13:30+05:30,2026-06-17T09:13:31+05:30
P-0009371,V-05,5,19.16909,72.848989,20.6,2026-06-17T09:13:40+05:30,2026-06-17T09:13:46+05:30
P-0009372,V-05,5,19.168532,72.849071,30.3,2026-06-17T09:13:50+05:30,2026-06-17T09:13:55+05:30
P-0009373,V-05,5,19.168116,72.848953,26.1,2026-06-17T09:14:00+05:30,2026-06-17T09:14:05+05:30
P-0009374,V-05,5,19.168107,72.848844,24.7,2026-06-17T09:14:10+05:30,2026-06-17T09:14:11+05:30
P-0009375,V-05,5,19.167577,72.848433,24.2,2026-06-17T09:14:20+05:30,2026-06-17T09:14:25+05:30
P-0009376,V-05,5,19.166909,72.848352,30.3,2026-06-17T09:14:30+05:30,2026-06-17T09:14:34+05:30
P-0009377,V-05,5,19.16666,72.848311,22.2,2026-06-17T09:14:40+05:30,2026-06-17T09:14:42+05:30
P-0009378,V-05,5,19.166171,72.848108,20.9,2026-06-17T09:14:50+05:30,2026-06-17T09:14:51+05:30
P-0009379,V-05,5,19.165957,72.848335,20.3,2026-06-17T09:15:00+05:30,2026-06-17T09:15:02+05:30
P-0009380,V-05,5,19.165263,72.847945,26.4,2026-06-17T09:15:10+05:30,2026-06-17T09:15:16+05:30
P-0009381,V-05,5,19.16517,72.847977,19.3,2026-06-17T09:15:20+05:30,2026-06-17T09:15:26+05:30
P-0009382,V-05,5,19.164446,72.847668,21.6,2026-06-17T09:15:30+05:30,2026-06-17T09:15:36+05:30
P-0009383,V-05,5,19.163981,72.847613,20.9,2026-06-17T09:15:40+05:30,2026-06-17T09:15:41+05:30
P-0009384,V-05,5,19.163709,72.847236,23.7,2026-06-17T09:15:50+05:30,2026-06-17T09:15:55+05:30
P-0009385,V-05,5,19.163096,72.847569,29.2,2026-06-17T09:16:00+05:30,2026-06-17T09:16:04+05:30
P-0009386,V-05,5,19.162845,72.847309,20.5,2026-06-17T09:16:10+05:30,2026-06-17T09:16:12+05:30
P-0009387,V-05,5,19.162387,72.847161,26.2,2026-06-17T09:16:20+05:30,2026-06-17T09:16:21+05:30
P-0009388,V-05,5,19.162072,72.846828,26.2,2026-06-17T09:16:30+05:30,2026-06-17T09:16:33+05:30
P-0009389,V-05,5,19.161836,72.847058,19.6,2026-06-17T09:16:40+05:30,2026-06-17T09:16:42+05:30
P-0009390,V-05,5,19.161132,72.846777,20.6,2026-06-17T09:16:50+05:30,2026-06-17T09:16:53+05:30
P-0009391,V-05,5,19.160664,72.846583,28.7,2026-06-17T09:17:00+05:30,2026-06-17T09:17:04+05:30
P-0009392,V-05,5,19.160502,72.84651,21.2,2026-06-17T09:17:10+05:30,2026-06-17T09:17:11+05:30
P-0009393,V-05,5,19.159816,72.846785,27.6,2026-06-17T09:17:20+05:30,2026-06-17T09:17:22+05:30
P-0009394,V-05,5,19.159569,72.846667,26.3,2026-06-17T09:17:30+05:30,2026-06-17T09:17:31+05:30
P-0009395,V-05,5,19.158913,72.8467,20.7,2026-06-17T09:17:40+05:30,2026-06-17T09:17:46+05:30
P-0009396,V-05,5,19.158574,72.846384,25.8,2026-06-17T09:17:50+05:30,2026-06-17T09:17:52+05:30
P-0009397,V-05,5,19.1584,72.846614,27.6,2026-06-17T09:18:00+05:30,2026-06-17T09:18:01+05:30
P-0009398,V-05,5,19.157683,72.846115,28.6,2026-06-17T09:18:10+05:30,2026-06-17T09:18:16+05:30
P-0009399,V-05,5,19.157164,72.846478,27.2,2026-06-17T09:18:20+05:30,2026-06-17T09:18:21+05:30
P-0009400,V-05,5,19.156776,72.846053,23.8,2026-06-17T09:18:30+05:30,2026-06-17T09:18:35+05:30
P-0009401,V-05,5,19.156222,72.846048,24.4,2026-06-17T09:18:40+05:30,2026-06-17T09:18:42+05:30
P-0009402,V-05,5,19.156059,72.846372,26.4,2026-06-17T09:18:50+05:30,2026-06-17T09:18:54+05:30
P-0009403,V-05,5,19.155772,72.846293,19.3,2026-06-17T09:19:00+05:30,2026-06-17T09:19:05+05:30
P-0009404,V-05,5,19.154956,72.845969,24.8,2026-06-17T09:19:10+05:30,2026-06-17T09:19:15+05:30
P-0009405,V-05,5,19.154624,72.845987,17.3,2026-06-17T09:19:20+05:30,2026-06-17T09:19:23+05:30
P-0009406,V-05,5,19.154288,72.846077,25.7,2026-06-17T09:19:30+05:30,2026-06-17T09:19:32+05:30
P-0009407,V-05,5,19.153693,72.845884,18.5,2026-06-17T09:19:40+05:30,2026-06-17T09:19:42+05:30
P-0009408,V-05,5,19.153195,72.846151,25.3,2026-06-17T09:19:50+05:30,2026-06-17T09:19:51+05:30
P-0009409,V-05,5,19.153147,72.845942,27.5,2026-06-17T09:20:00+05:30,2026-06-17T09:20:04+05:30
P-0009410,V-05,5,19.152762,72.845959,22.3,2026-06-17T09:20:10+05:30,2026-06-17T09:20:13+05:30
P-0009411,V-05,5,19.151999,72.846,25.6,2026-06-17T09:20:20+05:30,2026-06-17T09:20:22+05:30
P-0009412,V-05,5,19.151576,72.84575,22.7,2026-06-17T09:20:30+05:30,2026-06-17T09:20:35+05:30
P-0009413,V-05,5,19.151387,72.84597,26.4,2026-06-17T09:20:40+05:30,2026-06-17T09:20:42+05:30
P-0009414,V-05,5,19.151037,72.845686,24.3,2026-06-17T09:20:50+05:30,2026-06-17T09:20:51+05:30
P-0009415,V-05,5,19.150601,72.84556,20.7,2026-06-17T09:21:00+05:30,2026-06-17T09:21:03+05:30
P-0009416,V-05,5,19.1498,72.845838,24.7,2026-06-17T09:21:10+05:30,2026-06-17T09:21:14+05:30
P-0009417,V-05,5,19.149331,72.845432,18.5,2026-06-17T09:21:20+05:30,2026-06-17T09:21:24+05:30
P-0009418,V-05,5,19.14882,72.845566,22.9,2026-06-17T09:21:30+05:30,2026-06-17T09:21:36+05:30
P-0009419,V-05,5,19.148469,72.845506,21.1,2026-06-17T09:21:40+05:30,2026-06-17T09:21:42+05:30
P-0009420,V-05,5,19.148428,72.845425,16.5,2026-06-17T09:21:50+05:30,2026-06-17T09:21:56+05:30
P-0009421,V-05,5,19.147938,72.845215,25.0,2026-06-17T09:22:00+05:30,2026-06-17T09:22:04+05:30
P-0009422,V-05,5,19.147519,72.845224,17.1,2026-06-17T09:22:10+05:30,2026-06-17T09:22:15+05:30
P-0009423,V-05,5,19.146845,72.845198,25.2,2026-06-17T09:22:20+05:30,2026-06-17T09:22:23+05:30
P-0009424,V-05,5,19.146553,72.845235,20.8,2026-06-17T09:22:30+05:30,2026-06-17T09:22:36+05:30
P-0009425,V-05,5,19.145837,72.845093,26.6,2026-06-17T09:22:40+05:30,2026-06-17T09:22:45+05:30
P-0009426,V-05,5,19.145793,72.845046,20.3,2026-06-17T09:22:50+05:30,2026-06-17T09:22:54+05:30
P-0009427,V-05,5,19.144971,72.844972,20.4,2026-06-17T09:23:00+05:30,2026-06-17T09:23:04+05:30
P-0009428,V-05,5,19.144767,72.845123,19.7,2026-06-17T09:23:10+05:30,2026-06-17T09:23:12+05:30
P-0009429,V-05,5,19.144461,72.844969,22.1,2026-06-17T09:23:20+05:30,2026-06-17T09:23:22+05:30
P-0009430,V-05,5,19.143984,72.844923,25.3,2026-06-17T09:23:30+05:30,2026-06-17T09:23:34+05:30
P-0009431,V-05,5,19.143236,72.844978,22.3,2026-06-17T09:23:40+05:30,2026-06-17T09:23:43+05:30
P-0009432,V-05,5,19.143162,72.84486,14.6,2026-06-17T09:23:50+05:30,2026-06-17T09:23:53+05:30
P-0009433,V-05,5,19.142438,72.844861,14.5,2026-06-17T09:24:00+05:30,2026-06-17T09:24:03+05:30
P-0009434,V-05,5,19.142206,72.84472,15.7,2026-06-17T09:24:10+05:30,2026-06-17T09:24:13+05:30
P-0009435,V-05,5,19.141859,72.844873,17.8,2026-06-17T09:24:20+05:30,2026-06-17T09:24:22+05:30
P-0009436,V-05,5,19.141233,72.844593,18.5,2026-06-17T09:24:30+05:30,2026-06-17T09:24:36+05:30
P-0009437,V-05,5,19.14088,72.844971,22.8,2026-06-17T09:24:40+05:30,2026-06-17T09:24:45+05:30
P-0009438,V-05,5,19.140421,72.844836,22.4,2026-06-17T09:24:50+05:30,2026-06-17T09:24:52+05:30
P-0009439,V-05,5,19.140064,72.844627,21.0,2026-06-17T09:25:00+05:30,2026-06-17T09:25:01+05:30
P-0009440,V-05,5,19.139683,72.844494,17.7,2026-06-17T09:25:10+05:30,2026-06-17T09:25:11+05:30
P-0009441,V-05,5,19.139082,72.844567,23.0,2026-06-17T09:25:20+05:30,2026-06-17T09:25:21+05:30
P-0009442,V-05,5,19.138735,72.844317,22.7,2026-06-17T09:25:30+05:30,2026-06-17T09:25:36+05:30
P-0009443,V-05,5,19.138368,72.844476,23.6,2026-06-17T09:25:40+05:30,2026-06-17T09:25:44+05:30
P-0009444,V-05,5,19.137774,72.844642,25.3,2026-06-17T09:25:50+05:30,2026-06-17T09:25:51+05:30
P-0009445,V-05,5,19.137143,72.844639,16.5,2026-06-17T09:26:00+05:30,2026-06-17T09:26:05+05:30
P-0009446,V-05,5,19.13673,72.844337,21.3,2026-06-17T09:26:10+05:30,2026-06-17T09:26:15+05:30
P-0009447,V-05,5,19.136643,72.844395,22.4,2026-06-17T09:26:20+05:30,2026-06-17T09:26:22+05:30
P-0009448,V-05,5,19.135817,72.844374,14.8,2026-06-17T09:26:30+05:30,2026-06-17T09:26:33+05:30
P-0009449,V-05,5,19.135871,72.844576,19.9,2026-06-17T09:26:40+05:30,2026-06-17T09:26:45+05:30
P-0009450,V-05,5,19.135227,72.844155,15.5,2026-06-17T09:26:50+05:30,2026-06-17T09:26:52+05:30
P-0009451,V-05,5,19.134808,72.844209,24.4,2026-06-17T09:27:00+05:30,2026-06-17T09:27:02+05:30
P-0009452,V-05,5,19.134451,72.844253,21.2,2026-06-17T09:27:10+05:30,2026-06-17T09:27:15+05:30
P-0009453,V-05,5,19.133654,72.844615,14.4,2026-06-17T09:27:20+05:30,2026-06-17T09:27:23+05:30
P-0009454,V-05,5,19.133252,72.844399,23.1,2026-06-17T09:27:30+05:30,2026-06-17T09:27:35+05:30
P-0009455,V-05,5,19.133154,72.844667,22.1,2026-06-17T09:27:40+05:30,2026-06-17T09:27:41+05:30
P-0009456,V-05,5,19.132767,72.844763,15.3,2026-06-17T09:27:50+05:30,2026-06-17T09:27:56+05:30
P-0009457,V-05,5,19.132219,72.844356,22.6,2026-06-17T09:28:00+05:30,2026-06-17T09:28:05+05:30
P-0009458,V-05,5,19.131804,72.844798,16.0,2026-06-17T09:28:10+05:30,2026-06-17T09:28:16+05:30
P-0009459,V-05,5,19.131428,72.844556,14.8,2026-06-17T09:28:20+05:30,2026-06-17T09:28:23+05:30
P-0009460,V-05,5,19.130991,72.844868,19.7,2026-06-17T09:28:30+05:30,2026-06-17T09:28:31+05:30
P-0009461,V-05,5,19.130652,72.844583,16.2,2026-06-17T09:28:40+05:30,2026-06-17T09:28:42+05:30
P-0009462,V-05,5,19.13005,72.844841,15.5,2026-06-17T09:28:50+05:30,2026-06-17T09:28:53+05:30
P-0009463,V-05,5,19.129472,72.844662,23.1,2026-06-17T09:29:00+05:30,2026-06-17T09:29:03+05:30
P-0009464,V-05,5,19.129162,72.844707,20.3,2026-06-17T09:29:10+05:30,2026-06-17T09:29:14+05:30
P-0009465,V-05,5,19.128588,72.844574,16.4,2026-06-17T09:29:20+05:30,2026-06-17T09:29:25+05:30
P-0009466,V-05,5,19.128411,72.845016,17.8,2026-06-17T09:29:30+05:30,2026-06-17T09:29:35+05:30
P-0009467,V-05,5,19.127987,72.845023,20.5,2026-06-17T09:29:40+05:30,2026-06-17T09:29:41+05:30
P-0009468,V-05,5,19.127438,72.844629,16.5,2026-06-17T09:29:50+05:30,2026-06-17T09:29:52+05:30
P-0009469,V-05,5,19.126975,72.845083,20.9,2026-06-17T09:30:00+05:30,2026-06-17T09:30:06+05:30
P-0009470,V-05,5,19.126695,72.84502,22.9,2026-06-17T09:30:10+05:30,2026-06-17T09:30:11+05:30
P-0009471,V-05,5,19.126224,72.845075,19.8,2026-06-17T09:30:20+05:30,2026-06-17T09:30:25+05:30
P-0009472,V-05,5,19.125829,72.845184,18.3,2026-06-17T09:30:30+05:30,2026-06-17T09:30:36+05:30
P-0009473,V-05,5,19.125386,72.844837,21.1,2026-06-17T09:30:40+05:30,2026-06-17T09:30:45+05:30
P-0009474,V-05,5,19.12454,72.844875,20.8,2026-06-17T09:30:50+05:30,2026-06-17T09:30:53+05:30
P-0009475,V-05,5,19.12427,72.845195,19.3,2026-06-17T09:31:00+05:30,2026-06-17T09:31:05+05:30
P-0009476,V-05,5,19.123702,72.8451,18.4,2026-06-17T09:31:10+05:30,2026-06-17T09:31:13+05:30
P-0009477,V-05,5,19.123412,72.845356,15.6,2026-06-17T09:31:20+05:30,2026-06-17T09:31:24+05:30
P-0009478,V-05,5,19.122967,72.84498,16.3,2026-06-17T09:31:30+05:30,2026-06-17T09:31:33+05:30
P-0009479,V-05,5,19.12236,72.845136,17.1,2026-06-17T09:31:40+05:30,2026-06-17T09:31:42+05:30
P-0009480,V-05,5,19.122031,72.845394,22.1,2026-06-17T09:31:50+05:30,2026-06-17T09:31:55+05:30
P-0009481,V-05,5,19.121924,72.845056,24.4,2026-06-17T09:32:00+05:30,2026-06-17T09:32:03+05:30
P-0009482,V-05,5,19.12134,72.845435,16.4,2026-06-17T09:32:10+05:30,2026-06-17T09:32:11+05:30
P-0009483,V-05,5,19.120886,72.8453,13.1,2026-06-17T09:32:20+05:30,2026-06-17T09:32:23+05:30
P-0009484,V-05,5,19.120344,72.845113,16.2,2026-06-17T09:32:30+05:30,2026-06-17T09:32:32+05:30
P-0009485,V-05,5,19.120159,72.845291,19.7,2026-06-17T09:32:40+05:30,2026-06-17T09:32:45+05:30
P-0009486,V-05,5,19.119561,72.845532,19.1,2026-06-17T09:32:50+05:30,2026-06-17T09:32:52+05:30
P-0009487,V-05,5,19.119028,72.845212,23.2,2026-06-17T09:33:00+05:30,2026-06-17T09:33:04+05:30
P-0009488,V-05,5,19.118587,72.845506,15.6,2026-06-17T09:33:10+05:30,2026-06-17T09:33:13+05:30
P-0009489,V-05,5,19.118317,72.845353,18.4,2026-06-17T09:33:20+05:30,2026-06-17T09:33:25+05:30
P-0009490,V-05,5,19.117674,72.845531,14.6,2026-06-17T09:33:30+05:30,2026-06-17T09:33:36+05:30
P-0009491,V-05,5,19.117355,72.845324,15.9,2026-06-17T09:33:40+05:30,2026-06-17T09:33:45+05:30
P-0009492,V-05,5,19.116786,72.845574,18.9,2026-06-17T09:33:50+05:30,2026-06-17T09:33:55+05:30
P-0009493,V-05,5,19.116478,72.845804,13.8,2026-06-17T09:34:00+05:30,2026-06-17T09:34:03+05:30
P-0009494,V-05,5,19.11632,72.84576,15.9,2026-06-17T09:34:10+05:30,2026-06-17T09:34:15+05:30
P-0009495,V-05,5,19.115616,72.845464,12.7,2026-06-17T09:34:20+05:30,2026-06-17T09:34:22+05:30
P-0009496,V-05,5,19.115189,72.845492,19.8,2026-06-17T09:34:30+05:30,2026-06-17T09:34:34+05:30
P-0009497,V-05,5,19.114924,72.845486,20.9,2026-06-17T09:34:40+05:30,2026-06-17T09:34:41+05:30
P-0009498,V-05,5,19.114267,72.845752,19.8,2026-06-17T09:34:50+05:30,2026-06-17T09:34:54+05:30
P-0009499,V-05,5,19.113731,72.845607,22.9,2026-06-17T09:35:00+05:30,2026-06-17T09:35:01+05:30
P-0009500,V-05,5,19.11335,72.845829,21.7,2026-06-17T09:35:10+05:30,2026-06-17T09:35:13+05:30
P-0009501,V-05,5,19.113123,72.845701,13.6,2026-06-17T09:35:20+05:30,2026-06-17T09:35:26+05:30
P-0009502,V-05,5,19.112476,72.845688,14.9,2026-06-17T09:35:30+05:30,2026-06-17T09:35:34+05:30
P-0009503,V-05,5,19.112062,72.84606,12.3,2026-06-17T09:35:40+05:30,2026-06-17T09:35:46+05:30
P-0009504,V-05,5,19.111747,72.845844,16.3,2026-06-17T09:35:50+05:30,2026-06-17T09:35:54+05:30
P-0009505,V-05,5,19.111085,72.845563,16.0,2026-06-17T09:36:00+05:30,2026-06-17T09:36:02+05:30
P-0009506,V-05,5,19.111021,72.84594,18.1,2026-06-17T09:36:10+05:30,2026-06-17T09:36:13+05:30
P-0009507,V-05,5,19.110211,72.845389,15.5,2026-06-17T09:36:20+05:30,2026-06-17T09:36:22+05:30
P-0009508,V-05,5,19.110042,72.845663,17.8,2026-06-17T09:36:30+05:30,2026-06-17T09:36:32+05:30
P-0009509,V-05,5,19.109451,72.845562,20.4,2026-06-17T09:36:40+05:30,2026-06-17T09:36:45+05:30
P-0009510,V-05,5,19.109338,72.84539,13.4,2026-06-17T09:36:50+05:30,2026-06-17T09:36:55+05:30
P-0009511,V-05,5,19.108838,72.845515,14.0,2026-06-17T09:37:00+05:30,2026-06-17T09:37:02+05:30
P-0009512,V-05,5,19.108388,72.845225,13.6,2026-06-17T09:37:10+05:30,2026-06-17T09:37:16+05:30
P-0009513,V-05,5,19.107834,72.845,17.5,2026-06-17T09:37:20+05:30,2026-06-17T09:37:21+05:30
P-0009514,V-05,5,19.107572,72.845098,12.6,2026-06-17T09:37:30+05:30,2026-06-17T09:37:31+05:30
P-0009515,V-05,5,19.10702,72.845088,17.4,2026-06-17T09:37:40+05:30,2026-06-17T09:37:46+05:30
P-0009516,V-05,5,19.106438,72.844831,13.0,2026-06-17T09:37:50+05:30,2026-06-17T09:37:51+05:30
P-0009517,V-05,5,19.106168,72.845067,19.6,2026-06-17T09:38:00+05:30,2026-06-17T09:38:06+05:30
P-0009518,V-05,5,19.105762,72.84476,19.8,2026-06-17T09:38:10+05:30,2026-06-17T09:38:15+05:30
P-0009519,V-05,5,19.105397,72.844439,23.3,2026-06-17T09:38:20+05:30,2026-06-17T09:38:22+05:30
P-0009520,V-05,5,19.10506,72.84435,17.3,2026-06-17T09:38:30+05:30,2026-06-17T09:38:34+05:30
P-0009521,V-05,5,19.104248,72.844458,12.6,2026-06-17T09:38:40+05:30,2026-06-17T09:38:45+05:30
P-0009522,V-05,5,19.104224,72.844413,13.8,2026-06-17T09:38:50+05:30,2026-06-17T09:38:51+05:30
P-0009523,V-05,5,19.103839,72.844357,16.6,2026-06-17T09:39:00+05:30,2026-06-17T09:39:03+05:30
P-0009524,V-05,5,19.102993,72.844417,18.4,2026-06-17T09:39:10+05:30,2026-06-17T09:39:15+05:30
P-0009525,V-05,5,19.102701,72.844342,14.2,2026-06-17T09:39:20+05:30,2026-06-17T09:39:23+05:30
P-0009526,V-05,5,19.102329,72.844041,14.1,2026-06-17T09:39:30+05:30,2026-06-17T09:39:35+05:30
P-0009527,V-05,5,19.10171,72.844038,23.4,2026-06-17T09:39:40+05:30,2026-06-17T09:39:42+05:30
P-0009528,V-05,5,19.101474,72.843924,15.6,2026-06-17T09:39:50+05:30,2026-06-17T09:39:55+05:30
P-0009529,V-05,5,19.10089,72.843757,18.2,2026-06-17T09:40:00+05:30,2026-06-17T09:40:04+05:30
P-0009530,V-05,5,19.100474,72.843786,19.3,2026-06-17T09:40:10+05:30,2026-06-17T09:40:13+05:30
P-0009531,V-05,5,19.100024,72.843479,14.1,2026-06-17T09:40:20+05:30,2026-06-17T09:40:22+05:30
P-0009532,V-05,5,19.099873,72.84384,22.0,2026-06-17T09:40:30+05:30,2026-06-17T09:40:31+05:30
P-0009533,V-05,5,19.099251,72.843753,14.2,2026-06-17T09:40:40+05:30,2026-06-17T09:40:44+05:30
P-0009534,V-05,5,19.099113,72.843498,17.9,2026-06-17T09:40:50+05:30,2026-06-17T09:40:51+05:30
P-0009535,V-05,5,19.098342,72.843528,13.8,2026-06-17T09:41:00+05:30,2026-06-17T09:41:03+05:30
P-0009536,V-05,5,19.097794,72.843429,19.0,2026-06-17T09:41:10+05:30,2026-06-17T09:41:16+05:30
P-0009537,V-05,5,19.097613,72.84342,19.3,2026-06-17T09:41:20+05:30,2026-06-17T09:41:21+05:30
P-0009538,V-05,5,19.0974,72.842947,15.3,2026-06-17T09:41:30+05:30,2026-06-17T09:41:35+05:30
P-0009539,V-05,5,19.096778,72.843226,23.3,2026-06-17T09:41:40+05:30,2026-06-17T09:41:46+05:30
P-0009540,V-05,5,19.096293,72.843037,13.6,2026-06-17T09:41:50+05:30,2026-06-17T09:41:51+05:30
P-0009541,V-05,5,19.095716,72.84313,14.0,2026-06-17T09:42:00+05:30,2026-06-17T09:42:01+05:30
P-0009542,V-05,5,19.095452,72.842662,19.5,2026-06-17T09:42:10+05:30,2026-06-17T09:42:15+05:30
P-0009543,V-05,5,19.095222,72.842923,21.3,2026-06-17T09:42:20+05:30,2026-06-17T09:42:21+05:30
P-0009544,V-05,5,19.094745,72.842882,15.2,2026-06-17T09:42:30+05:30,2026-06-17T09:42:32+05:30
P-0009545,V-05,5,19.094427,72.842607,18.0,2026-06-17T09:42:40+05:30,2026-06-17T09:42:42+05:30
P-0009546,V-05,5,19.093813,72.842557,13.4,2026-06-17T09:42:50+05:30,2026-06-17T09:42:51+05:30
P-0009547,V-05,5,19.093526,72.842516,23.7,2026-06-17T09:43:00+05:30,2026-06-17T09:43:03+05:30
P-0009548,V-05,5,19.093142,72.842091,12.9,2026-06-17T09:43:10+05:30,2026-06-17T09:43:14+05:30
P-0009549,V-05,5,19.092546,72.842382,23.0,2026-06-17T09:43:20+05:30,2026-06-17T09:43:22+05:30
P-0009550,V-05,5,19.092212,72.841932,14.1,2026-06-17T09:43:30+05:30,2026-06-17T09:43:34+05:30
P-0009551,V-05,5,19.091725,72.841959,15.2,2026-06-17T09:43:40+05:30,2026-06-17T09:43:43+05:30
P-0009552,V-05,5,19.091071,72.841726,21.7,2026-06-17T09:43:50+05:30,2026-06-17T09:43:56+05:30
P-0009553,V-05,5,19.090845,72.84194,19.6,2026-06-17T09:44:00+05:30,2026-06-17T09:44:02+05:30
P-0009554,V-05,5,19.090552,72.841686,20.2,2026-06-17T09:44:10+05:30,2026-06-17T09:44:11+05:30
P-0009555,V-05,5,19.089949,72.84143,20.2,2026-06-17T09:44:20+05:30,2026-06-17T09:44:22+05:30
P-0009556,V-05,5,19.08929,72.841315,22.1,2026-06-17T09:44:30+05:30,2026-06-17T09:44:35+05:30
P-0009557,V-05,5,19.089233,72.84159,20.6,2026-06-17T09:44:40+05:30,2026-06-17T09:44:42+05:30
P-0009558,V-05,5,19.088815,72.841371,19.2,2026-06-17T09:44:50+05:30,2026-06-17T09:44:52+05:30
P-0009559,V-05,5,19.088412,72.840987,23.5,2026-06-17T09:45:00+05:30,2026-06-17T09:45:01+05:30
P-0009560,V-05,5,19.088018,72.841073,13.8,2026-06-17T09:45:10+05:30,2026-06-17T09:45:15+05:30
P-0009561,V-05,5,19.087598,72.841016,12.9,2026-06-17T09:45:20+05:30,2026-06-17T09:45:25+05:30
P-0009562,V-05,5,19.087244,72.840782,24.2,2026-06-17T09:45:30+05:30,2026-06-17T09:45:35+05:30
P-0009563,V-05,5,19.086642,72.840959,22.6,2026-06-17T09:45:40+05:30,2026-06-17T09:45:41+05:30
P-0009564,V-05,5,19.086254,72.840758,20.2,2026-06-17T09:45:50+05:30,2026-06-17T09:45:51+05:30
P-0009565,V-05,5,19.085511,72.840543,15.9,2026-06-17T09:46:00+05:30,2026-06-17T09:46:06+05:30
P-0009566,V-05,5,19.08524,72.84017,18.2,2026-06-17T09:46:10+05:30,2026-06-17T09:46:14+05:30
P-0009567,V-05,5,19.084918,72.840059,22.6,2026-06-17T09:46:20+05:30,2026-06-17T09:46:26+05:30
P-0009568,V-05,5,19.084365,72.840149,14.0,2026-06-17T09:46:30+05:30,2026-06-17T09:46:32+05:30
P-0009569,V-05,5,19.084147,72.840095,20.5,2026-06-17T09:46:40+05:30,2026-06-17T09:46:42+05:30
P-0009570,V-05,5,19.083513,72.840124,19.0,2026-06-17T09:46:50+05:30,2026-06-17T09:46:52+05:30
P-0009571,V-05,5,19.083187,72.839743,21.5,2026-06-17T09:47:00+05:30,2026-06-17T09:47:02+05:30
P-0009572,V-05,5,19.0826,72.839531,13.9,2026-06-17T09:47:10+05:30,2026-06-17T09:47:13+05:30
P-0009573,V-05,5,19.082582,72.839462,13.5,2026-06-17T09:47:20+05:30,2026-06-17T09:47:25+05:30
P-0009574,V-05,5,19.082188,72.839357,20.7,2026-06-17T09:47:30+05:30,2026-06-17T09:47:36+05:30
P-0009575,V-05,5,19.081295,72.839394,13.2,2026-06-17T09:47:40+05:30,2026-06-17T09:47:46+05:30
P-0009576,V-05,5,19.080995,72.839438,17.5,2026-06-17T09:47:50+05:30,2026-06-17T09:47:51+05:30
P-0009577,V-05,5,19.08071,72.839072,21.8,2026-06-17T09:48:00+05:30,2026-06-17T09:48:02+05:30
P-0009578,V-05,5,19.080043,72.839214,14.6,2026-06-17T09:48:10+05:30,2026-06-17T09:48:14+05:30
P-0009579,V-05,5,19.0796,72.839194,24.8,2026-06-17T09:48:20+05:30,2026-06-17T09:48:24+05:30
P-0009580,V-05,5,19.079613,72.838973,13.4,2026-06-17T09:48:30+05:30,2026-06-17T09:48:33+05:30
P-0009581,V-05,5,19.079002,72.838956,18.0,2026-06-17T09:48:40+05:30,2026-06-17T09:48:42+05:30
P-0009582,V-05,5,19.078739,72.838524,21.9,2026-06-17T09:48:50+05:30,2026-06-17T09:48:56+05:30
P-0009583,V-05,5,19.078292,72.838769,15.8,2026-06-17T09:49:00+05:30,2026-06-17T09:49:03+05:30
P-0009584,V-05,5,19.077818,72.838647,23.6,2026-06-17T09:49:10+05:30,2026-06-17T09:49:13+05:30
P-0009585,V-05,5,19.077312,72.838408,15.7,2026-06-17T09:49:20+05:30,2026-06-17T09:49:21+05:30
P-0009586,V-05,5,19.077067,72.838221,16.7,2026-06-17T09:49:30+05:30,2026-06-17T09:49:32+05:30
P-0009587,V-05,5,19.076358,72.837959,16.0,2026-06-17T09:49:40+05:30,2026-06-17T09:49:41+05:30
P-0009588,V-05,5,19.076131,72.838103,23.2,2026-06-17T09:49:50+05:30,2026-06-17T09:49:54+05:30
P-0009589,V-05,5,19.075704,72.837859,21.2,2026-06-17T09:50:00+05:30,2026-06-17T09:50:03+05:30
P-0009590,V-05,5,19.0753,72.83789,16.5,2026-06-17T09:50:10+05:30,2026-06-17T09:50:15+05:30
P-0009591,V-05,5,19.074715,72.837849,17.6,2026-06-17T09:50:20+05:30,2026-06-17T09:50:23+05:30
P-0009592,V-05,5,19.074405,72.837477,18.1,2026-06-17T09:50:30+05:30,2026-06-17T09:50:36+05:30
P-0009593,V-05,5,19.074029,72.837741,16.9,2026-06-17T09:50:40+05:30,2026-06-17T09:50:44+05:30
P-0009594,V-05,5,19.073717,72.837509,18.5,2026-06-17T09:50:50+05:30,2026-06-17T09:50:51+05:30
P-0009595,V-05,5,19.073026,72.837084,22.9,2026-06-17T09:51:00+05:30,2026-06-17T09:51:06+05:30
P-0009596,V-05,5,19.072738,72.837393,22.7,2026-06-17T09:51:10+05:30,2026-06-17T09:51:12+05:30
P-0009597,V-05,5,19.072454,72.83702,23.0,2026-06-17T09:51:20+05:30,2026-06-17T09:51:22+05:30
P-0009598,V-05,5,19.07189,72.83674,19.7,2026-06-17T09:51:30+05:30,2026-06-17T09:51:33+05:30
P-0009599,V-05,5,19.071614,72.836965,25.2,2026-06-17T09:51:40+05:30,2026-06-17T09:51:45+05:30
P-0009600,V-05,5,19.071002,72.83657,18.0,2026-06-17T09:51:50+05:30,2026-06-17T09:51:56+05:30
P-0009601,V-05,5,19.070537,72.836494,18.1,2026-06-17T09:52:00+05:30,2026-06-17T09:52:01+05:30
P-0009602,V-05,5,19.070041,72.836696,17.1,2026-06-17T09:52:10+05:30,2026-06-17T09:52:16+05:30
P-0009603,V-05,5,19.069459,72.836318,20.3,2026-06-17T09:52:20+05:30,2026-06-17T09:52:26+05:30
P-0009604,V-05,5,19.069281,72.836253,21.7,2026-06-17T09:52:30+05:30,2026-06-17T09:52:34+05:30
P-0009605,V-05,5,19.068895,72.836047,25.4,2026-06-17T09:52:40+05:30,2026-06-17T09:52:43+05:30
P-0009606,V-05,5,19.068443,72.836072,22.9,2026-06-17T09:52:50+05:30,2026-06-17T09:52:52+05:30
P-0009607,V-05,5,19.068265,72.83581,22.5,2026-06-17T09:53:00+05:30,2026-06-17T09:53:06+05:30
P-0009608,V-05,5,19.067391,72.835823,24.3,2026-06-17T09:53:10+05:30,2026-06-17T09:53:11+05:30
P-0009609,V-05,5,19.067127,72.835959,14.3,2026-06-17T09:53:20+05:30,2026-06-17T09:53:25+05:30
P-0009610,V-05,5,19.066831,72.835795,17.3,2026-06-17T09:53:30+05:30,2026-06-17T09:53:31+05:30
P-0009611,V-05,5,19.066152,72.835494,24.0,2026-06-17T09:53:40+05:30,2026-06-17T09:53:46+05:30
P-0009612,V-05,5,19.065721,72.835437,25.2,2026-06-17T09:53:50+05:30,2026-06-17T09:53:52+05:30
P-0009613,V-05,5,19.065669,72.835724,25.3,2026-06-17T09:54:00+05:30,2026-06-17T09:54:04+05:30
P-0009614,V-05,5,19.065245,72.835382,25.5,2026-06-17T09:54:10+05:30,2026-06-17T09:54:12+05:30
P-0009615,V-05,5,19.064378,72.835104,14.7,2026-06-17T09:54:20+05:30,2026-06-17T09:54:21+05:30
P-0009616,V-05,5,19.064119,72.835201,25.2,2026-06-17T09:54:30+05:30,2026-06-17T09:54:34+05:30
P-0009617,V-05,5,19.063966,72.835363,25.5,2026-06-17T09:54:40+05:30,2026-06-17T09:54:44+05:30
P-0009618,V-05,5,19.063349,72.835249,20.5,2026-06-17T09:54:50+05:30,2026-06-17T09:54:54+05:30
P-0009619,V-05,5,19.062731,72.834981,23.0,2026-06-17T09:55:00+05:30,2026-06-17T09:55:02+05:30
P-0009620,V-05,5,19.062348,72.83502,25.1,2026-06-17T09:55:10+05:30,2026-06-17T09:55:15+05:30
P-0009621,V-05,5,19.06224,72.834864,17.5,2026-06-17T09:55:20+05:30,2026-06-17T09:55:26+05:30
P-0009622,V-05,5,19.061785,72.834717,20.3,2026-06-17T09:55:30+05:30,2026-06-17T09:55:35+05:30
P-0009623,V-05,5,19.061025,72.834609,22.0,2026-06-17T09:55:40+05:30,2026-06-17T09:55:43+05:30
P-0009624,V-05,5,19.060741,72.834384,15.3,2026-06-17T09:55:50+05:30,2026-06-17T09:55:51+05:30
P-0009625,V-05,5,19.060281,72.834427,17.1,2026-06-17T09:56:00+05:30,2026-06-17T09:56:03+05:30
P-0009626,V-05,5,19.060062,72.834225,21.8,2026-06-17T09:56:10+05:30,2026-06-17T09:56:11+05:30
P-0009627,V-05,5,19.05932,72.834171,21.7,2026-06-17T09:56:20+05:30,2026-06-17T09:56:23+05:30
P-0009628,V-05,5,19.059201,72.834414,21.6,2026-06-17T09:56:30+05:30,2026-06-17T09:56:32+05:30
P-0009629,V-05,5,19.058469,72.834389,21.7,2026-06-17T09:56:40+05:30,2026-06-17T09:56:42+05:30
P-0009630,V-05,5,19.058167,72.834095,24.5,2026-06-17T09:56:50+05:30,2026-06-17T09:56:54+05:30
P-0009631,V-05,5,19.057824,72.833908,25.8,2026-06-17T09:57:00+05:30,2026-06-17T09:57:01+05:30
P-0009632,V-05,5,19.057521,72.834098,24.9,2026-06-17T09:57:10+05:30,2026-06-17T09:57:15+05:30
P-0009633,V-05,5,19.05672,72.833668,22.8,2026-06-17T09:57:20+05:30,2026-06-17T09:57:23+05:30
P-0009634,V-05,5,19.056563,72.83369,16.4,2026-06-17T09:57:30+05:30,2026-06-17T09:57:36+05:30
P-0009635,V-05,5,19.05585,72.833583,19.8,2026-06-17T09:57:40+05:30,2026-06-17T09:57:45+05:30
P-0009636,V-05,5,19.055413,72.833776,22.6,2026-06-17T09:57:50+05:30,2026-06-17T09:57:56+05:30
P-0009637,V-05,5,19.055101,72.833628,25.7,2026-06-17T09:58:00+05:30,2026-06-17T09:58:02+05:30
P-0009638,V-05,5,19.054654,72.833508,19.8,2026-06-17T09:58:10+05:30,2026-06-17T09:58:12+05:30
P-0009639,V-05,5,19.054193,72.833265,16.8,2026-06-17T09:58:20+05:30,2026-06-17T09:58:26+05:30
P-0009640,V-05,5,19.054058,72.833496,19.5,2026-06-17T09:58:30+05:30,2026-06-17T09:58:33+05:30
P-0009641,V-05,5,19.053602,72.83331,21.8,2026-06-17T09:58:40+05:30,2026-06-17T09:58:42+05:30
P-0009642,V-05,5,19.052874,72.833288,24.8,2026-06-17T09:58:50+05:30,2026-06-17T09:58:54+05:30
P-0009643,V-05,5,19.052569,72.833054,18.5,2026-06-17T09:59:00+05:30,2026-06-17T09:59:05+05:30
P-0009644,V-05,5,19.052102,72.833097,27.6,2026-06-17T09:59:10+05:30,2026-06-17T09:59:13+05:30
P-0009645,V-05,5,19.051817,72.832768,19.1,2026-06-17T09:59:20+05:30,2026-06-17T09:59:23+05:30
P-0009646,V-05,5,19.05137,72.832702,17.4,2026-06-17T09:59:30+05:30,2026-06-17T09:59:36+05:30
P-0009647,V-05,5,19.050854,72.832648,26.8,2026-06-17T09:59:40+05:30,2026-06-17T09:59:44+05:30
P-0009648,V-05,5,19.050548,72.832404,28.5,2026-06-17T09:59:50+05:30,2026-06-17T09:59:51+05:30
P-0009649,V-05,5,19.049821,72.832613,23.6,2026-06-17T10:00:00+05:30,2026-06-17T10:00:04+05:30
P-0009650,V-05,5,19.049452,72.832665,21.7,2026-06-17T10:00:10+05:30,2026-06-17T10:00:16+05:30
P-0009651,V-05,5,19.049436,72.832324,20.7,2026-06-17T10:00:20+05:30,2026-06-17T10:00:25+05:30
P-0009652,V-05,5,19.048626,72.832234,26.9,2026-06-17T10:00:30+05:30,2026-06-17T10:00:36+05:30
P-0009653,V-05,5,19.048363,72.831956,22.9,2026-06-17T10:00:40+05:30,2026-06-17T10:00:43+05:30
P-0009654,V-05,5,19.048161,72.83213,29.0,2026-06-17T10:00:50+05:30,2026-06-17T10:00:54+05:30
P-0009655,V-05,5,19.047402,72.832061,25.8,2026-06-17T10:01:00+05:30,2026-06-17T10:01:01+05:30
P-0009656,V-05,5,19.046952,72.832188,20.7,2026-06-17T10:01:10+05:30,2026-06-17T10:01:13+05:30
P-0009657,V-05,5,19.046777,72.832445,28.3,2026-06-17T10:01:20+05:30,2026-06-17T10:01:26+05:30
P-0009658,V-05,5,19.046271,72.832032,19.6,2026-06-17T10:01:30+05:30,2026-06-17T10:01:34+05:30
P-0009659,V-05,5,19.045873,72.832007,20.2,2026-06-17T10:01:40+05:30,2026-06-17T10:01:44+05:30
P-0009660,V-05,5,19.045565,72.832092,19.1,2026-06-17T10:01:50+05:30,2026-06-17T10:01:55+05:30
P-0009661,V-05,5,19.044802,72.832318,28.9,2026-06-17T10:02:00+05:30,2026-06-17T10:02:04+05:30
P-0009662,V-05,5,19.044218,72.832237,22.1,2026-06-17T10:02:10+05:30,2026-06-17T10:02:16+05:30
P-0009663,V-05,5,19.044135,72.832489,25.4,2026-06-17T10:02:20+05:30,2026-06-17T10:02:21+05:30
P-0009664,V-05,5,19.043654,72.83237,21.0,2026-06-17T10:02:30+05:30,2026-06-17T10:02:33+05:30
P-0009665,V-05,5,19.042978,72.832228,21.5,2026-06-17T10:02:40+05:30,2026-06-17T10:02:43+05:30
P-0009666,V-05,5,19.042746,72.832556,21.9,2026-06-17T10:02:50+05:30,2026-06-17T10:02:54+05:30
P-0009667,V-05,5,19.042298,72.832384,24.9,2026-06-17T10:03:00+05:30,2026-06-17T10:03:01+05:30
P-0009668,V-05,5,19.042035,72.832422,19.8,2026-06-17T10:03:10+05:30,2026-06-17T10:03:11+05:30
P-0009669,V-05,5,19.041202,72.832478,22.0,2026-06-17T10:03:20+05:30,2026-06-17T10:03:23+05:30
P-0009670,V-05,5,19.041041,72.832293,18.9,2026-06-17T10:03:30+05:30,2026-06-17T10:03:31+05:30
P-0009671,V-05,5,19.040338,72.832659,21.0,2026-06-17T10:03:40+05:30,2026-06-17T10:03:43+05:30
P-0009672,V-05,5,19.04023,72.832407,23.6,2026-06-17T10:03:50+05:30,2026-06-17T10:03:55+05:30
P-0009673,V-05,5,19.039569,72.832649,18.6,2026-06-17T10:04:00+05:30,2026-06-17T10:04:03+05:30
P-0009674,V-05,5,19.038984,72.832424,24.1,2026-06-17T10:04:10+05:30,2026-06-17T10:04:13+05:30
P-0009675,V-05,5,19.038549,72.832805,30.0,2026-06-17T10:04:20+05:30,2026-06-17T10:04:23+05:30
P-0009676,V-05,5,19.038464,72.832821,25.9,2026-06-17T10:04:30+05:30,2026-06-17T10:04:33+05:30
P-0009677,V-05,5,19.037751,72.832721,20.0,2026-06-17T10:04:40+05:30,2026-06-17T10:04:44+05:30
P-0009678,V-05,5,19.037337,72.832633,29.4,2026-06-17T10:04:50+05:30,2026-06-17T10:04:53+05:30
P-0009679,V-05,5,19.037269,72.832519,19.1,2026-06-17T10:05:00+05:30,2026-06-17T10:05:03+05:30
P-0009680,V-05,5,19.036504,72.832815,21.0,2026-06-17T10:05:10+05:30,2026-06-17T10:05:12+05:30
P-0009681,V-05,5,19.03636,72.832817,26.7,2026-06-17T10:05:20+05:30,2026-06-17T10:05:25+05:30
P-0009682,V-05,5,19.035673,72.832965,29.0,2026-06-17T10:05:30+05:30,2026-06-17T10:05:34+05:30
P-0009683,V-05,5,19.035431,72.832736,28.9,2026-06-17T10:05:40+05:30,2026-06-17T10:05:45+05:30
P-0009684,V-05,5,19.034975,72.83279,22.9,2026-06-17T10:05:50+05:30,2026-06-17T10:05:53+05:30
P-0009685,V-05,5,19.034595,72.832575,22.7,2026-06-17T10:06:00+05:30,2026-06-17T10:06:02+05:30
P-0009686,V-05,5,19.033841,72.832846,27.6,2026-06-17T10:06:10+05:30,2026-06-17T10:06:13+05:30
P-0009687,V-05,5,19.03352,72.832728,29.3,2026-06-17T10:06:20+05:30,2026-06-17T10:06:21+05:30
P-0009688,V-05,5,19.033229,72.832636,28.2,2026-06-17T10:06:30+05:30,2026-06-17T10:06:32+05:30
P-0009689,V-05,5,19.032698,72.832919,24.7,2026-06-17T10:06:40+05:30,2026-06-17T10:06:44+05:30
P-0009690,V-05,5,19.032111,72.833051,28.2,2026-06-17T10:06:50+05:30,2026-06-17T10:06:52+05:30
P-0009691,V-05,5,19.031693,72.832898,23.9,2026-06-17T10:07:00+05:30,2026-06-17T10:07:05+05:30
P-0009692,V-05,5,19.031606,72.832847,24.3,2026-06-17T10:07:10+05:30,2026-06-17T10:07:14+05:30
P-0009693,V-05,5,19.030726,72.832918,31.5,2026-06-17T10:07:20+05:30,2026-06-17T10:07:22+05:30
P-0009694,V-05,5,19.030608,72.832767,30.0,2026-06-17T10:07:30+05:30,2026-06-17T10:07:32+05:30
P-0009695,V-05,5,19.029925,72.833058,26.5,2026-06-17T10:07:40+05:30,2026-06-17T10:07:46+05:30
P-0009696,V-05,5,19.029721,72.832892,25.4,2026-06-17T10:07:50+05:30,2026-06-17T10:07:56+05:30
P-0009697,V-05,5,19.029412,72.833246,27.4,2026-06-17T10:08:00+05:30,2026-06-17T10:08:04+05:30
P-0009698,V-05,5,19.028738,72.833159,26.1,2026-06-17T10:08:10+05:30,2026-06-17T10:08:13+05:30
P-0009699,V-05,5,19.028164,72.832854,32.6,2026-06-17T10:08:20+05:30,2026-06-17T10:08:24+05:30
P-0009700,V-05,5,19.027926,72.833131,25.5,2026-06-17T10:08:30+05:30,2026-06-17T10:08:33+05:30
P-0009701,V-05,5,19.027417,72.833155,23.2,2026-06-17T10:08:40+05:30,2026-06-17T10:08:46+05:30
P-0009702,V-05,5,19.027258,72.832939,32.7,2026-06-17T10:08:50+05:30,2026-06-17T10:08:56+05:30
P-0009703,V-05,5,19.026778,72.83324,32.9,2026-06-17T10:09:00+05:30,2026-06-17T10:09:04+05:30
P-0009704,V-05,5,19.026189,72.833393,27.2,2026-06-17T10:09:10+05:30,2026-06-17T10:09:14+05:30
P-0009705,V-05,5,19.025796,72.833407,30.0,2026-06-17T10:09:20+05:30,2026-06-17T10:09:23+05:30
P-0009706,V-05,5,19.025421,72.833137,26.3,2026-06-17T10:09:30+05:30,2026-06-17T10:09:36+05:30
P-0009707,V-05,5,19.024697,72.833319,32.5,2026-06-17T10:09:40+05:30,2026-06-17T10:09:41+05:30
P-0009708,V-05,5,19.024358,72.833023,30.9,2026-06-17T10:09:50+05:30,2026-06-17T10:09:56+05:30
P-0009709,V-05,5,19.024073,72.833142,24.7,2026-06-17T10:10:00+05:30,2026-06-17T10:10:06+05:30
P-0009710,V-05,5,19.023751,72.833208,27.0,2026-06-17T10:10:10+05:30,2026-06-17T10:10:16+05:30
P-0009711,V-05,5,19.023029,72.833514,31.9,2026-06-17T10:10:20+05:30,2026-06-17T10:10:24+05:30
P-0009712,V-05,5,19.022618,72.833137,28.4,2026-06-17T10:10:30+05:30,2026-06-17T10:10:35+05:30
P-0009713,V-05,5,19.022044,72.833491,30.5,2026-06-17T10:10:40+05:30,2026-06-17T10:10:46+05:30
P-0009714,V-05,5,19.02174,72.833057,23.3,2026-06-17T10:10:50+05:30,2026-06-17T10:10:53+05:30
P-0009715,V-05,5,19.021174,72.833177,27.3,2026-06-17T10:11:00+05:30,2026-06-17T10:11:05+05:30
P-0009716,V-05,5,19.021093,72.833148,26.9,2026-06-17T10:11:10+05:30,2026-06-17T10:11:13+05:30
P-0009717,V-05,5,19.020791,72.832908,33.3,2026-06-17T10:11:20+05:30,2026-06-17T10:11:23+05:30
P-0009718,V-05,5,19.020129,72.833044,22.6,2026-06-17T10:11:30+05:30,2026-06-17T10:11:36+05:30
P-0009719,V-05,5,19.019869,72.832839,30.3,2026-06-17T10:11:40+05:30,2026-06-17T10:11:42+05:30
P-0009720,V-05,5,19.019251,72.832839,30.6,2026-06-17T10:11:50+05:30,2026-06-17T10:11:53+05:30
P-0009721,V-05,5,19.018935,72.832682,33.1,2026-06-17T10:12:00+05:30,2026-06-17T10:12:06+05:30
P-0009722,V-05,5,19.018314,72.832663,24.3,2026-06-17T10:12:10+05:30,2026-06-17T10:12:13+05:30
P-0009723,V-05,5,19.018185,72.832409,22.9,2026-06-17T10:12:20+05:30,2026-06-17T10:12:23+05:30
P-0009724,V-05,5,19.017625,72.832457,24.1,2026-06-17T10:12:30+05:30,2026-06-17T10:12:31+05:30
P-0009725,V-05,5,19.017115,72.832513,33.2,2026-06-17T10:12:40+05:30,2026-06-17T10:12:44+05:30
P-0009726,V-05,5,19.016794,72.832289,23.2,2026-06-17T10:12:50+05:30,2026-06-17T10:12:54+05:30
P-0009727,V-05,5,19.016489,72.832243,29.8,2026-06-17T10:13:00+05:30,2026-06-17T10:13:06+05:30
P-0009728,V-05,5,19.015956,72.832083,34.4,2026-06-17T10:13:10+05:30,2026-06-17T10:13:15+05:30
P-0009729,V-05,5,19.015274,72.832174,31.1,2026-06-17T10:13:20+05:30,2026-06-17T10:13:25+05:30
P-0009730,V-05,5,19.015019,72.832184,25.6,2026-06-17T10:13:30+05:30,2026-06-17T10:13:36+05:30
P-0009731,V-05,5,19.014779,72.832027,29.1,2026-06-17T10:13:40+05:30,2026-06-17T10:13:45+05:30
P-0009732,V-05,5,19.014252,72.832003,33.1,2026-06-17T10:13:50+05:30,2026-06-17T10:13:55+05:30
P-0009733,V-05,5,19.013706,72.831748,35.7,2026-06-17T10:14:00+05:30,2026-06-17T10:14:01+05:30
P-0009734,V-05,5,19.013505,72.831842,30.4,2026-06-17T10:14:10+05:30,2026-06-17T10:14:14+05:30
P-0009735,V-05,5,19.012807,72.831763,24.5,2026-06-17T10:14:20+05:30,2026-06-17T10:14:22+05:30
P-0009736,V-05,5,19.012242,72.831425,34.0,2026-06-17T10:14:30+05:30,2026-06-17T10:14:33+05:30
P-0009737,V-05,5,19.012137,72.83156,31.0,2026-06-17T10:14:40+05:30,2026-06-17T10:14:46+05:30
P-0009738,V-05,5,19.011681,72.831663,25.0,2026-06-17T10:14:50+05:30,2026-06-17T10:14:56+05:30
P-0009739,V-05,5,19.011045,72.831183,33.5,2026-06-17T10:15:00+05:30,2026-06-17T10:15:04+05:30
P-0009740,V-05,5,19.010716,72.831343,26.1,2026-06-17T10:15:10+05:30,2026-06-17T10:15:11+05:30
P-0009741,V-05,5,19.010028,72.830983,25.5,2026-06-17T10:15:20+05:30,2026-06-17T10:15:26+05:30
P-0009742,V-05,5,19.009707,72.831177,34.3,2026-06-17T10:15:30+05:30,2026-06-17T10:15:33+05:30
P-0009743,V-05,5,19.009239,72.831224,35.4,2026-06-17T10:15:40+05:30,2026-06-17T10:15:45+05:30
P-0009744,V-05,5,19.008909,72.831086,32.6,2026-06-17T10:15:50+05:30,2026-06-17T10:15:51+05:30
P-0009745,V-05,5,19.008495,72.831037,31.1,2026-06-17T10:16:00+05:30,2026-06-17T10:16:04+05:30
P-0009746,V-05,5,19.00811,72.830886,35.6,2026-06-17T10:16:10+05:30,2026-06-17T10:16:15+05:30
P-0009747,V-05,5,19.007851,72.830948,27.5,2026-06-17T10:16:20+05:30,2026-06-17T10:16:24+05:30
P-0009748,V-05,5,19.007439,72.830764,30.8,2026-06-17T10:16:30+05:30,2026-06-17T10:16:32+05:30
P-0009749,V-05,5,19.006675,72.830703,25.7,2026-06-17T10:16:40+05:30,2026-06-17T10:16:45+05:30
P-0009750,V-05,5,19.006411,72.83051,26.6,2026-06-17T10:16:50+05:30,2026-06-17T10:16:56+05:30
P-0009751,V-05,5,19.005927,72.830398,28.3,2026-06-17T10:17:00+05:30,2026-06-17T10:17:06+05:30
P-0009752,V-05,5,19.005459,72.830609,31.0,2026-06-17T10:17:10+05:30,2026-06-17T10:17:16+05:30
P-0009753,V-05,5,19.005199,72.830171,32.1,2026-06-17T10:17:20+05:30,2026-06-17T10:17:26+05:30
P-0009754,V-05,5,19.00448,72.830111,36.1,2026-06-17T10:17:30+05:30,2026-06-17T10:17:31+05:30
P-0009755,V-05,5,19.004057,72.830232,36.5,2026-06-17T10:17:40+05:30,2026-06-17T10:17:44+05:30
P-0009756,V-05,5,19.003638,72.830115,37.5,2026-06-17T10:17:50+05:30,2026-06-17T10:17:53+05:30
P-0009757,V-05,5,19.003525,72.830183,29.6,2026-06-17T10:18:00+05:30,2026-06-17T10:18:02+05:30
P-0009758,V-12,7,19.086067,72.908836,36.7,2026-06-17T08:45:00+05:30,2026-06-17T08:45:02+05:30
P-0009759,V-12,7,19.085822,72.908805,31.0,2026-06-17T08:45:10+05:30,2026-06-17T08:45:13+05:30
P-0009760,V-12,7,19.086064,72.90867,34.0,2026-06-17T08:45:20+05:30,2026-06-17T08:45:22+05:30
P-0009761,V-12,7,19.086153,72.90862,30.3,2026-06-17T08:45:30+05:30,2026-06-17T08:45:33+05:30
P-0009762,V-12,7,19.085693,72.908141,36.0,2026-06-17T08:45:40+05:30,2026-06-17T08:45:41+05:30
P-0009763,V-12,7,19.085822,72.907979,30.9,2026-06-17T08:45:50+05:30,2026-06-17T08:45:55+05:30
P-0009764,V-12,7,19.085708,72.907651,31.9,2026-06-17T08:46:00+05:30,2026-06-17T08:46:02+05:30
P-0009765,V-12,7,19.085847,72.907743,36.7,2026-06-17T08:46:10+05:30,2026-06-17T08:46:15+05:30
P-0009766,V-12,7,19.086042,72.907496,30.5,2026-06-17T08:46:20+05:30,2026-06-17T08:46:25+05:30
P-0009767,V-12,7,19.085821,72.907208,26.1,2026-06-17T08:46:30+05:30,2026-06-17T08:46:34+05:30
P-0009768,V-12,7,19.085831,72.906974,35.3,2026-06-17T08:46:40+05:30,2026-06-17T08:46:43+05:30
P-0009769,V-12,7,19.085944,72.906865,34.1,2026-06-17T08:46:50+05:30,2026-06-17T08:46:51+05:30
P-0009770,V-12,7,19.085684,72.90688,32.2,2026-06-17T08:47:00+05:30,2026-06-17T08:47:02+05:30
P-0009771,V-12,7,19.085746,72.906821,32.6,2026-06-17T08:47:10+05:30,2026-06-17T08:47:14+05:30
P-0009772,V-12,7,19.08585,72.906507,29.9,2026-06-17T08:47:20+05:30,2026-06-17T08:47:22+05:30
P-0009773,V-12,7,19.085858,72.906054,29.6,2026-06-17T08:47:30+05:30,2026-06-17T08:47:35+05:30
P-0009774,V-12,7,19.085763,72.90605,26.9,2026-06-17T08:47:40+05:30,2026-06-17T08:47:44+05:30
P-0009775,V-12,7,19.085596,72.906179,32.1,2026-06-17T08:47:50+05:30,2026-06-17T08:47:55+05:30
P-0009776,V-12,7,19.085842,72.905553,32.7,2026-06-17T08:48:00+05:30,2026-06-17T08:48:01+05:30
P-0009777,V-12,7,19.085596,72.90565,32.1,2026-06-17T08:48:10+05:30,2026-06-17T08:48:12+05:30
P-0009778,V-12,7,19.085313,72.905513,25.7,2026-06-17T08:48:20+05:30,2026-06-17T08:48:25+05:30
P-0009779,V-12,7,19.085641,72.905032,31.3,2026-06-17T08:48:30+05:30,2026-06-17T08:48:34+05:30
P-0009780,V-12,7,19.085698,72.905209,33.1,2026-06-17T08:48:40+05:30,2026-06-17T08:48:41+05:30
P-0009781,V-12,7,19.085263,72.90481,28.8,2026-06-17T08:48:50+05:30,2026-06-17T08:48:53+05:30
P-0009782,V-12,7,19.085378,72.904536,26.1,2026-06-17T08:49:00+05:30,2026-06-17T08:49:03+05:30
P-0009783,V-12,7,19.085531,72.904423,26.3,2026-06-17T08:49:10+05:30,2026-06-17T08:49:16+05:30
P-0009784,V-12,7,19.085427,72.904146,33.4,2026-06-17T08:49:20+05:30,2026-06-17T08:49:25+05:30
P-0009785,V-12,7,19.085475,72.904033,24.8,2026-06-17T08:49:30+05:30,2026-06-17T08:49:31+05:30
P-0009786,V-12,7,19.085234,72.903906,23.2,2026-06-17T08:49:40+05:30,2026-06-17T08:49:45+05:30
P-0009787,V-12,7,19.085235,72.90382,21.5,2026-06-17T08:49:50+05:30,2026-06-17T08:49:55+05:30
P-0009788,V-12,7,19.08533,72.90347,21.3,2026-06-17T08:50:00+05:30,2026-06-17T08:50:03+05:30
P-0009789,V-12,7,19.085089,72.903325,29.4,2026-06-17T08:50:10+05:30,2026-06-17T08:50:14+05:30
P-0009790,V-12,7,19.085131,72.903113,29.8,2026-06-17T08:50:20+05:30,2026-06-17T08:50:21+05:30
P-0009791,V-12,7,19.085273,72.903149,23.5,2026-06-17T08:50:30+05:30,2026-06-17T08:50:36+05:30
P-0009792,V-12,7,19.085196,72.903099,24.6,2026-06-17T08:50:40+05:30,2026-06-17T08:50:45+05:30
P-0009793,V-12,7,19.085283,72.902635,28.6,2026-06-17T08:50:50+05:30,2026-06-17T08:50:53+05:30
P-0009794,V-12,7,19.08507,72.902413,31.5,2026-06-17T08:51:00+05:30,2026-06-17T08:51:01+05:30
P-0009795,V-12,7,19.085189,72.902338,20.9,2026-06-17T08:51:10+05:30,2026-06-17T08:51:14+05:30
P-0009796,V-12,7,19.085339,72.902334,21.4,2026-06-17T08:51:20+05:30,2026-06-17T08:51:24+05:30
P-0009797,V-12,7,19.085061,72.901906,22.7,2026-06-17T08:51:30+05:30,2026-06-17T08:51:36+05:30
P-0009798,V-12,7,19.085205,72.901912,20.1,2026-06-17T08:51:40+05:30,2026-06-17T08:51:46+05:30
P-0009799,V-12,7,19.084858,72.901757,23.9,2026-06-17T08:51:50+05:30,2026-06-17T08:51:55+05:30
P-0009800,V-12,7,19.084842,72.901765,25.3,2026-06-17T08:52:00+05:30,2026-06-17T08:52:02+05:30
P-0009801,V-12,7,19.085145,72.901191,26.3,2026-06-17T08:52:10+05:30,2026-06-17T08:52:15+05:30
P-0009802,V-12,7,19.08513,72.901342,21.8,2026-06-17T08:52:20+05:30,2026-06-17T08:52:26+05:30
P-0009803,V-12,7,19.085071,72.901017,20.5,2026-06-17T08:52:30+05:30,2026-06-17T08:52:35+05:30
P-0009804,V-12,7,19.08484,72.900859,23.5,2026-06-17T08:52:40+05:30,2026-06-17T08:52:42+05:30
P-0009805,V-12,7,19.084827,72.900712,29.6,2026-06-17T08:52:50+05:30,2026-06-17T08:52:52+05:30
P-0009806,V-12,7,19.084988,72.900329,29.9,2026-06-17T08:53:00+05:30,2026-06-17T08:53:03+05:30
P-0009807,V-12,7,19.084715,72.900379,19.1,2026-06-17T08:53:10+05:30,2026-06-17T08:53:13+05:30
P-0009808,V-12,7,19.084902,72.900373,24.2,2026-06-17T08:53:20+05:30,2026-06-17T08:53:22+05:30
P-0009809,V-12,7,19.085051,72.899848,20.5,2026-06-17T08:53:30+05:30,2026-06-17T08:53:32+05:30
P-0009810,V-12,7,19.085026,72.899887,25.0,2026-06-17T08:53:40+05:30,2026-06-17T08:53:44+05:30
P-0009811,V-12,7,19.085018,72.899606,28.4,2026-06-17T08:53:50+05:30,2026-06-17T08:53:54+05:30
P-0009812,V-12,7,19.084923,72.899363,25.7,2026-06-17T08:54:00+05:30,2026-06-17T08:54:05+05:30
P-0009813,V-12,7,19.0847,72.89952,24.8,2026-06-17T08:54:10+05:30,2026-06-17T08:54:14+05:30
P-0009814,V-12,7,19.084846,72.898923,20.9,2026-06-17T08:54:20+05:30,2026-06-17T08:54:25+05:30
P-0009815,V-12,7,19.084675,72.899091,20.4,2026-06-17T08:54:30+05:30,2026-06-17T08:54:36+05:30
P-0009816,V-12,7,19.084676,72.898654,25.2,2026-06-17T08:54:40+05:30,2026-06-17T08:54:41+05:30
P-0009817,V-12,7,19.08432,72.898524,18.4,2026-06-17T08:54:50+05:30,2026-06-17T08:54:56+05:30
P-0009818,V-12,7,19.084398,72.898407,27.6,2026-06-17T08:55:00+05:30,2026-06-17T08:55:02+05:30
P-0009819,V-12,7,19.084219,72.898586,27.1,2026-06-17T08:55:10+05:30,2026-06-17T08:55:14+05:30
P-0009820,V-12,7,19.084283,72.898374,17.0,2026-06-17T08:55:20+05:30,2026-06-17T08:55:25+05:30
P-0009821,V-12,7,19.083872,72.898196,18.6,2026-06-17T08:55:30+05:30,2026-06-17T08:55:31+05:30
P-0009822,V-12,7,19.083779,72.897999,20.1,2026-06-17T08:55:40+05:30,2026-06-17T08:55:44+05:30
P-0009823,V-12,7,19.083448,72.898125,21.1,2026-06-17T08:55:50+05:30,2026-06-17T08:55:52+05:30
P-0009824,V-12,7,19.08357,72.897708,21.4,2026-06-17T08:56:00+05:30,2026-06-17T08:56:04+05:30
P-0009825,V-12,7,19.083483,72.897784,22.2,2026-06-17T08:56:10+05:30,2026-06-17T08:56:15+05:30
P-0009826,V-12,7,19.083185,72.897707,25.8,2026-06-17T08:56:20+05:30,2026-06-17T08:56:26+05:30
P-0009827,V-12,7,19.083471,72.897397,17.8,2026-06-17T08:56:30+05:30,2026-06-17T08:56:31+05:30
P-0009828,V-12,7,19.082914,72.89735,25.8,2026-06-17T08:56:40+05:30,2026-06-17T08:56:45+05:30
P-0009829,V-12,7,19.08315,72.897196,22.6,2026-06-17T08:56:50+05:30,2026-06-17T08:56:55+05:30
P-0009830,V-12,7,19.083134,72.89716,16.6,2026-06-17T08:57:00+05:30,2026-06-17T08:57:06+05:30
P-0009831,V-12,7,19.082973,72.89703,25.4,2026-06-17T08:57:10+05:30,2026-06-17T08:57:13+05:30
P-0009832,V-12,7,19.082782,72.896782,17.4,2026-06-17T08:57:20+05:30,2026-06-17T08:57:24+05:30
P-0009833,V-12,7,19.082672,72.896409,19.2,2026-06-17T08:57:30+05:30,2026-06-17T08:57:34+05:30
P-0009834,V-12,7,19.082662,72.896296,20.2,2026-06-17T08:57:40+05:30,2026-06-17T08:57:41+05:30
P-0009835,V-12,7,19.082101,72.896435,21.2,2026-06-17T08:57:50+05:30,2026-06-17T08:57:52+05:30
P-0009836,V-12,7,19.082182,72.896399,22.5,2026-06-17T08:58:00+05:30,2026-06-17T08:58:03+05:30
P-0009837,V-12,7,19.081901,72.895983,18.7,2026-06-17T08:58:10+05:30,2026-06-17T08:58:15+05:30
P-0009838,V-12,7,19.082084,72.895903,17.0,2026-06-17T08:58:20+05:30,2026-06-17T08:58:25+05:30
P-0009839,V-12,7,19.082058,72.895526,16.4,2026-06-17T08:58:30+05:30,2026-06-17T08:58:31+05:30
P-0009840,V-12,7,19.081649,72.895749,18.9,2026-06-17T08:58:40+05:30,2026-06-17T08:58:44+05:30
P-0009841,V-12,7,19.081827,72.895397,25.1,2026-06-17T08:58:50+05:30,2026-06-17T08:58:56+05:30
P-0009842,V-12,7,19.081639,72.895396,17.1,2026-06-17T08:59:00+05:30,2026-06-17T08:59:02+05:30
P-0009843,V-12,7,19.081472,72.895431,17.1,2026-06-17T08:59:10+05:30,2026-06-17T08:59:13+05:30
P-0009844,V-12,7,19.081117,72.894993,21.0,2026-06-17T08:59:20+05:30,2026-06-17T08:59:22+05:30
P-0009845,V-12,7,19.080962,72.8952,21.1,2026-06-17T08:59:30+05:30,2026-06-17T08:59:34+05:30
P-0009846,V-12,7,19.080866,72.894811,17.5,2026-06-17T08:59:40+05:30,2026-06-17T08:59:46+05:30
P-0009847,V-12,7,19.080835,72.894927,22.4,2026-06-17T08:59:50+05:30,2026-06-17T08:59:55+05:30
P-0009848,V-12,7,19.080678,72.894603,15.1,2026-06-17T09:00:00+05:30,2026-06-17T09:00:05+05:30
P-0009849,V-12,7,19.0807,72.894193,24.5,2026-06-17T09:00:10+05:30,2026-06-17T09:00:11+05:30
P-0009850,V-12,7,19.080874,72.8942,15.7,2026-06-17T09:00:20+05:30,2026-06-17T09:00:23+05:30
P-0009851,V-12,7,19.080277,72.894342,24.4,2026-06-17T09:00:30+05:30,2026-06-17T09:00:36+05:30
P-0009852,V-12,7,19.080308,72.894247,18.9,2026-06-17T09:00:40+05:30,2026-06-17T09:00:43+05:30
P-0009853,V-12,7,19.080376,72.893918,17.8,2026-06-17T09:00:50+05:30,2026-06-17T09:00:51+05:30
P-0009854,V-12,7,19.080058,72.893994,14.3,2026-06-17T09:01:00+05:30,2026-06-17T09:01:05+05:30
P-0009855,V-12,7,19.080282,72.89354,19.1,2026-06-17T09:01:10+05:30,2026-06-17T09:01:11+05:30
P-0009856,V-12,7,19.080138,72.893351,22.4,2026-06-17T09:01:20+05:30,2026-06-17T09:01:25+05:30
P-0009857,V-12,7,19.079888,72.893173,24.5,2026-06-17T09:01:30+05:30,2026-06-17T09:01:34+05:30
P-0009858,V-12,7,19.079633,72.893321,18.7,2026-06-17T09:01:40+05:30,2026-06-17T09:01:46+05:30
P-0009859,V-12,7,19.079633,72.893218,20.3,2026-06-17T09:01:50+05:30,2026-06-17T09:01:55+05:30
P-0009860,V-12,7,19.079397,72.893147,21.9,2026-06-17T09:02:00+05:30,2026-06-17T09:02:01+05:30
P-0009861,V-12,7,19.07933,72.892732,19.0,2026-06-17T09:02:10+05:30,2026-06-17T09:02:16+05:30
P-0009862,V-12,7,19.079156,72.892561,17.3,2026-06-17T09:02:20+05:30,2026-06-17T09:02:23+05:30
P-0009863,V-12,7,19.079099,72.8926,17.1,2026-06-17T09:02:30+05:30,2026-06-17T09:02:31+05:30
P-0009864,V-12,7,19.078972,72.89217,21.7,2026-06-17T09:02:40+05:30,2026-06-17T09:02:45+05:30
P-0009865,V-12,7,19.07876,72.892383,17.9,2026-06-17T09:02:50+05:30,2026-06-17T09:02:51+05:30
P-0009866,V-12,7,19.078843,72.89211,23.2,2026-06-17T09:03:00+05:30,2026-06-17T09:03:01+05:30
P-0009867,V-12,7,19.078641,72.892015,23.6,2026-06-17T09:03:10+05:30,2026-06-17T09:03:12+05:30
P-0009868,V-12,7,19.078458,72.891801,12.7,2026-06-17T09:03:20+05:30,2026-06-17T09:03:22+05:30
P-0009869,V-12,7,19.078656,72.891515,19.1,2026-06-17T09:03:30+05:30,2026-06-17T09:03:31+05:30
P-0009870,V-12,7,19.078424,72.891415,21.1,2026-06-17T09:03:40+05:30,2026-06-17T09:03:42+05:30
P-0009871,V-12,7,19.078391,72.891497,24.2,2026-06-17T09:03:50+05:30,2026-06-17T09:03:52+05:30
P-0009872,V-12,7,19.078339,72.89155,13.3,2026-06-17T09:04:00+05:30,2026-06-17T09:04:06+05:30
P-0009873,V-12,7,19.078183,72.891117,23.4,2026-06-17T09:04:10+05:30,2026-06-17T09:04:16+05:30
P-0009874,V-12,7,19.077829,72.89104,22.0,2026-06-17T09:04:20+05:30,2026-06-17T09:04:26+05:30
P-0009875,V-12,7,19.077943,72.89097,22.6,2026-06-17T09:04:30+05:30,2026-06-17T09:04:36+05:30
P-0009876,V-12,7,19.077747,72.890818,22.0,2026-06-17T09:04:40+05:30,2026-06-17T09:04:46+05:30
P-0009877,V-12,7,19.077884,72.890684,12.9,2026-06-17T09:04:50+05:30,2026-06-17T09:04:54+05:30
P-0009878,V-12,7,19.0775,72.890259,22.1,2026-06-17T09:05:00+05:30,2026-06-17T09:05:04+05:30
P-0009879,V-12,7,19.07741,72.890059,16.2,2026-06-17T09:05:10+05:30,2026-06-17T09:05:15+05:30
P-0009880,V-12,7,19.077351,72.890268,20.1,2026-06-17T09:05:20+05:30,2026-06-17T09:05:21+05:30
P-0009881,V-12,7,19.077505,72.889988,22.8,2026-06-17T09:05:30+05:30,2026-06-17T09:05:33+05:30
P-0009882,V-12,7,19.077161,72.889992,13.7,2026-06-17T09:05:40+05:30,2026-06-17T09:05:43+05:30
P-0009883,V-12,7,19.077055,72.889772,12.8,2026-06-17T09:05:50+05:30,2026-06-17T09:05:52+05:30
P-0009884,V-12,7,19.077169,72.889691,19.2,2026-06-17T09:06:00+05:30,2026-06-17T09:06:04+05:30
P-0009885,V-12,7,19.077328,72.88954,18.4,2026-06-17T09:06:10+05:30,2026-06-17T09:06:16+05:30
P-0009886,V-12,7,19.077197,72.889219,21.2,2026-06-17T09:06:20+05:30,2026-06-17T09:06:22+05:30
P-0009887,V-12,7,19.077093,72.8888,15.3,2026-06-17T09:06:30+05:30,2026-06-17T09:06:32+05:30
P-0009888,V-12,7,19.076946,72.888815,16.6,2026-06-17T09:06:40+05:30,2026-06-17T09:06:44+05:30
P-0009889,V-12,7,19.076932,72.888551,23.3,2026-06-17T09:06:50+05:30,2026-06-17T09:06:55+05:30
P-0009890,V-12,7,19.076716,72.888625,22.6,2026-06-17T09:07:00+05:30,2026-06-17T09:07:04+05:30
P-0009891,V-12,7,19.076623,72.888235,16.7,2026-06-17T09:07:10+05:30,2026-06-17T09:07:14+05:30
P-0009892,V-12,7,19.076325,72.888087,16.3,2026-06-17T09:07:20+05:30,2026-06-17T09:07:21+05:30
P-0009893,V-12,7,19.076559,72.888141,15.4,2026-06-17T09:07:30+05:30,2026-06-17T09:07:34+05:30
P-0009894,V-12,7,19.076585,72.887896,20.4,2026-06-17T09:07:40+05:30,2026-06-17T09:07:42+05:30
P-0009895,V-12,7,19.07609,72.887775,17.0,2026-06-17T09:07:50+05:30,2026-06-17T09:07:54+05:30
P-0009896,V-12,7,19.0762,72.887691,19.2,2026-06-17T09:08:00+05:30,2026-06-17T09:08:02+05:30
P-0009897,V-12,7,19.076215,72.887198,21.1,2026-06-17T09:08:10+05:30,2026-06-17T09:08:11+05:30
P-0009898,V-12,7,19.076068,72.88719,23.3,2026-06-17T09:08:20+05:30,2026-06-17T09:08:22+05:30
P-0009899,V-12,7,19.076074,72.887191,19.1,2026-06-17T09:08:30+05:30,2026-06-17T09:08:31+05:30
P-0009900,V-12,7,19.075988,72.886814,18.4,2026-06-17T09:08:40+05:30,2026-06-17T09:08:42+05:30
P-0009901,V-12,7,19.075883,72.886598,16.6,2026-06-17T09:08:50+05:30,2026-06-17T09:08:52+05:30
P-0009902,V-12,7,19.075526,72.886712,18.1,2026-06-17T09:09:00+05:30,2026-06-17T09:09:02+05:30
P-0009903,V-12,7,19.075701,72.886499,13.4,2026-06-17T09:09:10+05:30,2026-06-17T09:09:13+05:30
P-0009904,V-12,7,19.075523,72.886478,13.4,2026-06-17T09:09:20+05:30,2026-06-17T09:09:22+05:30
P-0009905,V-12,7,19.075611,72.886095,13.1,2026-06-17T09:09:30+05:30,2026-06-17T09:09:31+05:30
P-0009906,V-12,7,19.075422,72.885872,24.3,2026-06-17T09:09:40+05:30,2026-06-17T09:09:43+05:30
P-0009907,V-12,7,19.075462,72.885691,20.7,2026-06-17T09:09:50+05:30,2026-06-17T09:09:52+05:30
P-0009908,V-12,7,19.075474,72.885521,24.1,2026-06-17T09:10:00+05:30,2026-06-17T09:10:04+05:30
P-0009909,V-12,7,19.075059,72.885544,21.3,2026-06-17T09:10:10+05:30,2026-06-17T09:10:15+05:30
P-0009910,V-12,7,19.074909,72.885232,17.3,2026-06-17T09:10:20+05:30,2026-06-17T09:10:24+05:30
P-0009911,V-12,7,19.074887,72.885331,21.6,2026-06-17T09:10:30+05:30,2026-06-17T09:10:35+05:30
P-0009912,V-12,7,19.074884,72.885272,14.1,2026-06-17T09:10:40+05:30,2026-06-17T09:10:44+05:30
P-0009913,V-12,7,19.074586,72.884772,18.2,2026-06-17T09:10:50+05:30,2026-06-17T09:10:55+05:30
P-0009914,V-12,7,19.074549,72.884608,22.5,2026-06-17T09:11:00+05:30,2026-06-17T09:11:05+05:30
P-0009915,V-12,7,19.074807,72.884448,14.9,2026-06-17T09:11:10+05:30,2026-06-17T09:11:16+05:30
P-0009916,V-12,7,19.074544,72.884447,14.8,2026-06-17T09:11:20+05:30,2026-06-17T09:11:21+05:30
P-0009917,V-12,7,19.074229,72.884138,21.8,2026-06-17T09:11:30+05:30,2026-06-17T09:11:36+05:30
P-0009918,V-12,7,19.074127,72.8842,14.9,2026-06-17T09:11:40+05:30,2026-06-17T09:11:44+05:30
P-0009919,V-12,7,19.074125,72.883942,24.0,2026-06-17T09:11:50+05:30,2026-06-17T09:11:51+05:30
P-0009920,V-12,7,19.074214,72.883751,24.9,2026-06-17T09:12:00+05:30,2026-06-17T09:12:02+05:30
P-0009921,V-12,7,19.074243,72.883868,16.4,2026-06-17T09:12:10+05:30,2026-06-17T09:12:15+05:30
P-0009922,V-12,7,19.073985,72.883656,22.3,2026-06-17T09:12:20+05:30,2026-06-17T09:12:23+05:30
P-0009923,V-12,7,19.073968,72.88322,15.6,2026-06-17T09:12:30+05:30,2026-06-17T09:12:35+05:30
P-0009924,V-12,7,19.073628,72.88316,20.2,2026-06-17T09:12:40+05:30,2026-06-17T09:12:41+05:30
P-0009925,V-12,7,19.073497,72.883276,24.6,2026-06-17T09:12:50+05:30,2026-06-17T09:12:52+05:30
P-0009926,V-12,7,19.073446,72.882945,16.5,2026-06-17T09:13:00+05:30,2026-06-17T09:13:03+05:30
P-0009927,V-12,7,19.073632,72.882693,17.2,2026-06-17T09:13:10+05:30,2026-06-17T09:13:14+05:30
P-0009928,V-12,7,19.073286,72.8829,17.2,2026-06-17T09:13:20+05:30,2026-06-17T09:13:26+05:30
P-0009929,V-12,7,19.07341,72.88267,17.5,2026-06-17T09:13:30+05:30,2026-06-17T09:13:35+05:30
P-0009930,V-12,7,19.073061,72.882367,21.9,2026-06-17T09:13:40+05:30,2026-06-17T09:13:44+05:30
P-0009931,V-12,7,19.073254,72.882158,25.7,2026-06-17T09:13:50+05:30,2026-06-17T09:13:53+05:30
P-0009932,V-12,7,19.073259,72.882192,16.5,2026-06-17T09:14:00+05:30,2026-06-17T09:14:04+05:30
P-0009933,V-12,7,19.073035,72.882009,15.2,2026-06-17T09:14:10+05:30,2026-06-17T09:14:12+05:30
P-0009934,V-12,7,19.073042,72.881881,20.8,2026-06-17T09:14:20+05:30,2026-06-17T09:14:24+05:30
P-0009935,V-12,7,19.072567,72.881775,22.3,2026-06-17T09:14:30+05:30,2026-06-17T09:14:33+05:30
P-0009936,V-12,7,19.072648,72.881556,15.9,2026-06-17T09:14:40+05:30,2026-06-17T09:14:42+05:30
P-0009937,V-12,7,19.072722,72.88131,19.5,2026-06-17T09:14:50+05:30,2026-06-17T09:14:51+05:30
P-0009938,V-12,7,19.072436,72.880998,20.1,2026-06-17T09:15:00+05:30,2026-06-17T09:15:02+05:30
P-0009939,V-12,7,19.072173,72.881274,23.6,2026-06-17T09:15:10+05:30,2026-06-17T09:15:16+05:30
P-0009940,V-12,7,19.072216,72.880918,25.8,2026-06-17T09:15:20+05:30,2026-06-17T09:15:22+05:30
P-0009941,V-12,7,19.072039,72.880968,20.4,2026-06-17T09:15:30+05:30,2026-06-17T09:15:35+05:30
P-0009942,V-12,7,19.072282,72.880828,21.2,2026-06-17T09:15:40+05:30,2026-06-17T09:15:43+05:30
P-0009943,V-12,7,19.072241,72.880682,20.1,2026-06-17T09:15:50+05:30,2026-06-17T09:15:52+05:30
P-0009944,V-12,7,19.071794,72.88014,20.1,2026-06-17T09:16:00+05:30,2026-06-17T09:16:06+05:30
P-0009945,V-12,7,19.071879,72.88012,18.0,2026-06-17T09:16:10+05:30,2026-06-17T09:16:14+05:30
P-0009946,V-12,7,19.072003,72.880175,16.8,2026-06-17T09:16:20+05:30,2026-06-17T09:16:24+05:30
P-0009947,V-12,7,19.07163,72.879727,27.5,2026-06-17T09:16:30+05:30,2026-06-17T09:16:36+05:30
P-0009948,V-12,7,19.071794,72.879657,27.5,2026-06-17T09:16:40+05:30,2026-06-17T09:16:43+05:30
P-0009949,V-12,7,19.071367,72.879464,18.6,2026-06-17T09:16:50+05:30,2026-06-17T09:16:53+05:30
P-0009950,V-12,7,19.071607,72.879246,24.0,2026-06-17T09:17:00+05:30,2026-06-17T09:17:04+05:30
P-0009951,V-12,7,19.071103,72.879355,19.4,2026-06-17T09:17:10+05:30,2026-06-17T09:17:11+05:30
P-0009952,V-12,7,19.071237,72.879151,24.2,2026-06-17T09:17:20+05:30,2026-06-17T09:17:23+05:30
P-0009953,V-12,7,19.07115,72.878981,22.4,2026-06-17T09:17:30+05:30,2026-06-17T09:17:35+05:30
P-0009954,V-12,7,19.070948,72.879039,20.7,2026-06-17T09:17:40+05:30,2026-06-17T09:17:42+05:30
P-0009955,V-12,7,19.070674,72.878746,17.3,2026-06-17T09:17:50+05:30,2026-06-17T09:17:51+05:30
P-0009956,V-12,7,19.07088,72.878667,21.2,2026-06-17T09:18:00+05:30,2026-06-17T09:18:05+05:30
P-0009957,V-12,7,19.070614,72.878096,25.5,2026-06-17T09:18:10+05:30,2026-06-17T09:18:12+05:30
P-0009958,V-12,7,19.070554,72.877969,25.6,2026-06-17T09:18:20+05:30,2026-06-17T09:18:21+05:30
P-0009959,V-12,7,19.070486,72.878234,17.1,2026-06-17T09:18:30+05:30,2026-06-17T09:18:36+05:30
P-0009960,V-12,7,19.070461,72.877913,20.0,2026-06-17T09:18:40+05:30,2026-06-17T09:18:42+05:30
P-0009961,V-12,7,19.070296,72.877833,29.2,2026-06-17T09:18:50+05:30,2026-06-17T09:18:56+05:30
P-0009962,V-12,7,19.070446,72.877809,23.3,2026-06-17T09:19:00+05:30,2026-06-17T09:19:02+05:30
P-0009963,V-12,7,19.070324,72.877483,22.9,2026-06-17T09:19:10+05:30,2026-06-17T09:19:11+05:30
P-0009964,V-12,7,19.070317,72.877089,18.4,2026-06-17T09:19:20+05:30,2026-06-17T09:19:24+05:30
P-0009965,V-12,7,19.069846,72.877125,23.6,2026-06-17T09:19:30+05:30,2026-06-17T09:19:33+05:30
P-0009966,V-12,7,19.069777,72.877181,28.1,2026-06-17T09:19:40+05:30,2026-06-17T09:19:43+05:30
P-0009967,V-12,7,19.069748,72.877005,29.7,2026-06-17T09:19:50+05:30,2026-06-17T09:19:52+05:30
P-0009968,V-12,7,19.070074,72.876603,24.4,2026-06-17T09:20:00+05:30,2026-06-17T09:20:06+05:30
P-0009969,V-12,7,19.069763,72.876253,30.1,2026-06-17T09:20:10+05:30,2026-06-17T09:20:16+05:30
P-0009970,V-12,7,19.06964,72.876141,20.6,2026-06-17T09:20:20+05:30,2026-06-17T09:20:21+05:30
P-0009971,V-12,7,19.069669,72.876231,20.3,2026-06-17T09:20:30+05:30,2026-06-17T09:20:34+05:30
P-0009972,V-12,7,19.069758,72.875894,19.3,2026-06-17T09:20:40+05:30,2026-06-17T09:20:44+05:30
P-0009973,V-12,7,19.06923,72.87558,23.4,2026-06-17T09:20:50+05:30,2026-06-17T09:20:52+05:30
P-0009974,V-12,7,19.069591,72.875693,20.4,2026-06-17T09:21:00+05:30,2026-06-17T09:21:04+05:30
P-0009975,V-12,7,19.069366,72.875503,30.2,2026-06-17T09:21:10+05:30,2026-06-17T09:21:11+05:30
P-0009976,V-12,7,19.069177,72.875426,21.0,2026-06-17T09:21:20+05:30,2026-06-17T09:21:22+05:30
P-0009977,V-12,7,19.068972,72.875008,23.7,2026-06-17T09:21:30+05:30,2026-06-17T09:21:34+05:30
P-0009978,V-12,7,19.068878,72.874886,27.7,2026-06-17T09:21:40+05:30,2026-06-17T09:21:43+05:30
P-0009979,V-12,7,19.068936,72.874979,26.6,2026-06-17T09:21:50+05:30,2026-06-17T09:21:55+05:30
P-0009980,V-12,7,19.068782,72.874498,23.2,2026-06-17T09:22:00+05:30,2026-06-17T09:22:02+05:30
P-0009981,V-12,7,19.068774,72.874471,30.9,2026-06-17T09:22:10+05:30,2026-06-17T09:22:13+05:30
P-0009982,V-12,7,19.068646,72.874494,25.7,2026-06-17T09:22:20+05:30,2026-06-17T09:22:21+05:30
P-0009983,V-12,7,19.068579,72.874138,26.3,2026-06-17T09:22:30+05:30,2026-06-17T09:22:33+05:30
P-0009984,V-12,7,19.068685,72.873953,22.6,2026-06-17T09:22:40+05:30,2026-06-17T09:22:46+05:30
P-0009985,V-12,7,19.068547,72.874169,30.1,2026-06-17T09:22:50+05:30,2026-06-17T09:22:53+05:30
P-0009986,V-12,7,19.068337,72.87358,23.7,2026-06-17T09:23:00+05:30,2026-06-17T09:23:02+05:30
P-0009987,V-12,7,19.068647,72.873679,26.7,2026-06-17T09:23:10+05:30,2026-06-17T09:23:12+05:30
P-0009988,V-12,7,19.068479,72.873604,30.3,2026-06-17T09:23:20+05:30,2026-06-17T09:23:24+05:30
P-0009989,V-12,7,19.068316,72.873223,28.3,2026-06-17T09:23:30+05:30,2026-06-17T09:23:31+05:30
P-0009990,V-12,7,19.068339,72.873364,31.9,2026-06-17T09:23:40+05:30,2026-06-17T09:23:44+05:30
P-0009991,V-12,7,19.068337,72.872889,25.7,2026-06-17T09:23:50+05:30,2026-06-17T09:23:55+05:30
P-0009992,V-12,7,19.067885,72.872943,31.0,2026-06-17T09:24:00+05:30,2026-06-17T09:24:05+05:30
P-0009993,V-12,7,19.067995,72.872811,33.3,2026-06-17T09:24:10+05:30,2026-06-17T09:24:14+05:30
P-0009994,V-12,7,19.068115,72.872553,28.8,2026-06-17T09:24:20+05:30,2026-06-17T09:24:24+05:30
P-0009995,V-12,7,19.067986,72.872238,24.4,2026-06-17T09:24:30+05:30,2026-06-17T09:24:32+05:30
P-0009996,V-12,7,19.067643,72.87221,26.0,2026-06-17T09:24:40+05:30,2026-06-17T09:24:42+05:30
P-0009997,V-12,7,19.067586,72.871944,33.9,2026-06-17T09:24:50+05:30,2026-06-17T09:24:56+05:30
P-0009998,V-12,7,19.067634,72.871708,26.2,2026-06-17T09:25:00+05:30,2026-06-17T09:25:02+05:30
P-0009999,V-12,7,19.067635,72.871594,33.4,2026-06-17T09:25:10+05:30,2026-06-17T09:25:13+05:30
P-0010000,V-12,7,19.067616,72.871445,34.6,2026-06-17T09:25:20+05:30,2026-06-17T09:25:22+05:30
P-0010001,V-12,7,19.067197,72.871193,32.6,2026-06-17T09:25:30+05:30,2026-06-17T09:25:34+05:30
P-0010002,V-12,7,19.067068,72.871126,34.4,2026-06-17T09:25:40+05:30,2026-06-17T09:25:44+05:30
P-0010003,V-12,7,19.067417,72.870925,27.3,2026-06-17T09:25:50+05:30,2026-06-17T09:25:56+05:30
P-0010004,V-12,7,19.0673,72.87104,31.7,2026-06-17T09:26:00+05:30,2026-06-17T09:26:06+05:30
P-0010005,V-12,7,19.067265,72.870606,33.4,2026-06-17T09:26:10+05:30,2026-06-17T09:26:12+05:30
P-0010006,V-12,7,19.06689,72.870713,32.1,2026-06-17T09:26:20+05:30,2026-06-17T09:26:21+05:30
P-0010007,V-12,7,19.067072,72.87024,28.4,2026-06-17T09:26:30+05:30,2026-06-17T09:26:35+05:30
P-0010008,V-12,7,19.066869,72.870135,35.5,2026-06-17T09:26:40+05:30,2026-06-17T09:26:45+05:30
P-0010009,V-12,7,19.06671,72.870107,35.3,2026-06-17T09:26:50+05:30,2026-06-17T09:26:51+05:30
P-0010010,V-12,7,19.066485,72.870141,36.7,2026-06-17T09:27:00+05:30,2026-06-17T09:27:03+05:30
P-0010011,V-12,7,19.06645,72.870031,32.2,2026-06-17T09:27:10+05:30,2026-06-17T09:27:12+05:30
P-0010012,V-12,7,19.066573,72.869448,30.3,2026-06-17T09:27:20+05:30,2026-06-17T09:27:24+05:30
P-0010013,V-12,7,19.066586,72.869457,27.5,2026-06-17T09:27:30+05:30,2026-06-17T09:27:33+05:30
P-0010014,V-12,7,19.066329,72.869218,36.6,2026-06-17T09:27:40+05:30,2026-06-17T09:27:46+05:30
P-0010015,V-12,7,19.066433,72.869299,28.6,2026-06-17T09:27:50+05:30,2026-06-17T09:27:53+05:30
P-0010016,V-12,7,19.065957,72.869051,31.1,2026-06-17T09:28:00+05:30,2026-06-17T09:28:05+05:30
